-- Generated by Craft v1.2.2367 on Oct 30, 2013 1:19:55 AM.

--
-- Disable foreign key checks and autocommit.
--

SET FOREIGN_KEY_CHECKS = 0;
SET SQL_MODE = "NO_AUTO_VALUE_ON_ZERO";
SET AUTOCOMMIT = 0;
SET NAMES utf8;


--
-- Schema for table `craft_assetfiles`
--

DROP TABLE IF EXISTS `craft_assetfiles`;

CREATE TABLE `craft_assetfiles` (
  `id` int(11) NOT NULL,
  `sourceId` int(11) NOT NULL,
  `folderId` int(11) NOT NULL,
  `filename` varchar(255) COLLATE utf8_unicode_ci NOT NULL,
  `kind` char(10) COLLATE utf8_unicode_ci DEFAULT NULL,
  `width` smallint(6) unsigned DEFAULT NULL,
  `height` smallint(6) unsigned DEFAULT NULL,
  `size` int(11) unsigned DEFAULT NULL,
  `dateModified` datetime DEFAULT NULL,
  `dateCreated` datetime NOT NULL,
  `dateUpdated` datetime NOT NULL,
  `uid` char(36) COLLATE utf8_unicode_ci NOT NULL DEFAULT '0',
  PRIMARY KEY (`id`),
  UNIQUE KEY `craft_assetfiles_filename_folderId_unq_idx` (`filename`,`folderId`),
  KEY `craft_assetfiles_sourceId_fk` (`sourceId`),
  KEY `craft_assetfiles_folderId_fk` (`folderId`)
) ENGINE=InnoDB DEFAULT CHARSET=utf8 COLLATE=utf8_unicode_ci;

--
-- Data for table `craft_assetfiles`
--

INSERT INTO `craft_assetfiles` (`id`, `sourceId`, `folderId`, `filename`, `kind`, `width`, `height`, `size`, `dateModified`, `dateCreated`, `dateUpdated`, `uid`) VALUES ('42', '1', '1', 'translens2.jpg', 'image', '2016', '1513', '1826637', '2013-10-16 03:56:26', '2013-10-16 03:56:27', '2013-10-16 03:56:27', '7ed5b04f-0e60-493f-9781-2e6cef37e106');
INSERT INTO `craft_assetfiles` (`id`, `sourceId`, `folderId`, `filename`, `kind`, `width`, `height`, `size`, `dateModified`, `dateCreated`, `dateUpdated`, `uid`) VALUES ('43', '1', '1', 'dark_satanic_mills_by_peteamachree-d350rz8__1_.jpg', 'image', '2500', '1171', '877944', '2013-10-16 03:57:24', '2013-10-16 03:57:25', '2013-10-16 03:57:25', '24cd8b01-0a04-48b6-93ee-977a01659596');
INSERT INTO `craft_assetfiles` (`id`, `sourceId`, `folderId`, `filename`, `kind`, `width`, `height`, `size`, `dateModified`, `dateCreated`, `dateUpdated`, `uid`) VALUES ('44', '1', '1', 'DSC_0072.JPG', 'image', '4288', '2848', '4806530', '2013-10-16 04:05:29', '2013-10-16 04:05:34', '2013-10-16 04:05:34', '5d6981ee-b709-40ea-9d58-25eec4f46c25');
INSERT INTO `craft_assetfiles` (`id`, `sourceId`, `folderId`, `filename`, `kind`, `width`, `height`, `size`, `dateModified`, `dateCreated`, `dateUpdated`, `uid`) VALUES ('45', '1', '1', '0fcdf4d0.littleboxes.jpg', 'image', '1280', '852', '762280', '2013-10-16 04:06:12', '2013-10-16 04:06:12', '2013-10-16 04:06:12', '4995c150-2634-40a0-94be-bc540ec5c373');
INSERT INTO `craft_assetfiles` (`id`, `sourceId`, `folderId`, `filename`, `kind`, `width`, `height`, `size`, `dateModified`, `dateCreated`, `dateUpdated`, `uid`) VALUES ('46', '2', '2', '3b88a1f0.st3.jpg', 'image', '420', '315', '17032', '2013-10-16 04:43:34', '2013-10-16 04:43:34', '2013-10-16 04:43:34', 'bdc2ac8b-e826-42e9-9f24-8b8a9aaeb300');
INSERT INTO `craft_assetfiles` (`id`, `sourceId`, `folderId`, `filename`, `kind`, `width`, `height`, `size`, `dateModified`, `dateCreated`, `dateUpdated`, `uid`) VALUES ('47', '2', '2', 'b42242d1.st2.jpg', 'image', '420', '315', '14406', '2013-10-16 04:43:58', '2013-10-16 04:43:58', '2013-10-16 04:43:58', '48f58723-1c46-4446-af07-4cca31e41374');
INSERT INTO `craft_assetfiles` (`id`, `sourceId`, `folderId`, `filename`, `kind`, `width`, `height`, `size`, `dateModified`, `dateCreated`, `dateUpdated`, `uid`) VALUES ('49', '2', '2', 'Wearable_Architecture.jpg', 'image', '300', '243', '109745', '2013-10-21 02:11:05', '2013-10-21 02:11:05', '2013-10-21 02:11:05', '028affe6-da82-46b3-ad5c-0d28f7056b7e');
INSERT INTO `craft_assetfiles` (`id`, `sourceId`, `folderId`, `filename`, `kind`, `width`, `height`, `size`, `dateModified`, `dateCreated`, `dateUpdated`, `uid`) VALUES ('51', '2', '2', 'ECOLOGIESBANNER.jpg', 'image', '978', '350', '228202', '2013-10-21 03:04:48', '2013-10-21 03:04:48', '2013-10-21 03:04:48', 'e68432ff-a422-43e0-abdb-e178805b492d');
INSERT INTO `craft_assetfiles` (`id`, `sourceId`, `folderId`, `filename`, `kind`, `width`, `height`, `size`, `dateModified`, `dateCreated`, `dateUpdated`, `uid`) VALUES ('53', '2', '2', 'Shop_2.06_crowd-3.jpg', 'image', '1280', '852', '348738', '2013-10-21 03:09:55', '2013-10-21 03:09:56', '2013-10-21 03:09:56', '03e746d4-3c0c-4dee-80ee-ad070c2c445a');
INSERT INTO `craft_assetfiles` (`id`, `sourceId`, `folderId`, `filename`, `kind`, `width`, `height`, `size`, `dateModified`, `dateCreated`, `dateUpdated`, `uid`) VALUES ('56', '1', '1', 'IMG_4754.jpg', 'image', '427', '427', '85226', '2013-10-21 06:31:34', '2013-10-21 06:31:34', '2013-10-21 06:31:34', '759fb220-5bef-4de7-83a0-c7fe9666dc4f');
INSERT INTO `craft_assetfiles` (`id`, `sourceId`, `folderId`, `filename`, `kind`, `width`, `height`, `size`, `dateModified`, `dateCreated`, `dateUpdated`, `uid`) VALUES ('59', '1', '1', '0Unknown.jpg', 'image', '726', '310', '54653', '2013-10-23 00:42:40', '2013-10-23 00:42:40', '2013-10-23 00:42:40', '029c9680-d377-4433-92a6-ea12509d0351');
INSERT INTO `craft_assetfiles` (`id`, `sourceId`, `folderId`, `filename`, `kind`, `width`, `height`, `size`, `dateModified`, `dateCreated`, `dateUpdated`, `uid`) VALUES ('60', '1', '1', 'IMG_6232.jpg', 'image', '900', '600', '259057', '2013-10-23 00:43:33', '2013-10-23 00:43:33', '2013-10-23 00:43:33', '9bca09a8-c702-46b6-bf40-f17c4a41a0c7');
INSERT INTO `craft_assetfiles` (`id`, `sourceId`, `folderId`, `filename`, `kind`, `width`, `height`, `size`, `dateModified`, `dateCreated`, `dateUpdated`, `uid`) VALUES ('62', '2', '2', 'a6-hespanhol.pdf', 'pdf', NULL, NULL, '426779', '2013-10-23 01:17:00', '2013-10-23 01:17:00', '2013-10-23 01:17:00', 'ebfa5d94-8107-483c-bcb6-2326a2e1966b');
INSERT INTO `craft_assetfiles` (`id`, `sourceId`, `folderId`, `filename`, `kind`, `width`, `height`, `size`, `dateModified`, `dateCreated`, `dateUpdated`, `uid`) VALUES ('65', '1', '1', 'IMG_0905.jpg', 'image', '900', '600', '375435', '2013-10-23 02:39:56', '2013-10-23 02:39:57', '2013-10-23 02:39:57', '7cbd62e3-1ebc-408a-89e3-f4d384a966da');
INSERT INTO `craft_assetfiles` (`id`, `sourceId`, `folderId`, `filename`, `kind`, `width`, `height`, `size`, `dateModified`, `dateCreated`, `dateUpdated`, `uid`) VALUES ('68', '1', '1', 'Oliver_Bown-5.jpg', 'image', '4928', '3264', '4349103', '2013-10-23 02:58:23', '2013-10-23 02:58:29', '2013-10-23 02:58:29', '584d49ef-5f33-4772-a934-52d16adc82f4');
INSERT INTO `craft_assetfiles` (`id`, `sourceId`, `folderId`, `filename`, `kind`, `width`, `height`, `size`, `dateModified`, `dateCreated`, `dateUpdated`, `uid`) VALUES ('69', '1', '1', 'solstice1.jpg', 'image', '2000', '1333', '330485', '2013-10-24 03:48:03', '2013-10-24 03:48:03', '2013-10-24 03:48:03', '025acf91-7cfa-4826-9fd7-7455a3af84b3');
INSERT INTO `craft_assetfiles` (`id`, `sourceId`, `folderId`, `filename`, `kind`, `width`, `height`, `size`, `dateModified`, `dateCreated`, `dateUpdated`, `uid`) VALUES ('72', '1', '1', 'temporalas2.jpg', 'image', '2000', '1333', '511387', '2013-10-24 03:50:08', '2013-10-24 03:50:09', '2013-10-24 03:50:09', 'f573b963-a5aa-49d6-a5ec-769d4d56e694');
INSERT INTO `craft_assetfiles` (`id`, `sourceId`, `folderId`, `filename`, `kind`, `width`, `height`, `size`, `dateModified`, `dateCreated`, `dateUpdated`, `uid`) VALUES ('74', '1', '1', 'chroma3.jpg', 'image', '2000', '1333', '921386', '2013-10-24 03:51:03', '2013-10-24 03:51:04', '2013-10-24 03:51:04', '93379419-a564-4da9-9812-3b810c4a843a');
INSERT INTO `craft_assetfiles` (`id`, `sourceId`, `folderId`, `filename`, `kind`, `width`, `height`, `size`, `dateModified`, `dateCreated`, `dateUpdated`, `uid`) VALUES ('76', '1', '1', 'droplet.jpg', 'image', '2000', '1333', '462486', '2013-10-24 04:03:02', '2013-10-24 04:03:03', '2013-10-24 04:03:03', '4f72bc5c-db14-4d2e-988e-deae61b5586f');
INSERT INTO `craft_assetfiles` (`id`, `sourceId`, `folderId`, `filename`, `kind`, `width`, `height`, `size`, `dateModified`, `dateCreated`, `dateUpdated`, `uid`) VALUES ('78', '2', '2', 'daniel-420x315.jpg', 'image', '420', '315', '14295', '2013-10-29 02:24:21', '2013-10-29 02:24:21', '2013-10-29 02:24:21', 'fd40884b-9f8f-48fb-ad07-8b4b5a95addd');



--
-- Schema for table `craft_assetfolders`
--

DROP TABLE IF EXISTS `craft_assetfolders`;

CREATE TABLE `craft_assetfolders` (
  `id` int(11) NOT NULL AUTO_INCREMENT,
  `parentId` int(11) DEFAULT NULL,
  `sourceId` int(11) NOT NULL,
  `name` varchar(255) COLLATE utf8_unicode_ci NOT NULL,
  `fullPath` varchar(255) COLLATE utf8_unicode_ci DEFAULT NULL,
  `dateCreated` datetime NOT NULL,
  `dateUpdated` datetime NOT NULL,
  `uid` char(36) COLLATE utf8_unicode_ci NOT NULL DEFAULT '0',
  PRIMARY KEY (`id`),
  UNIQUE KEY `craft_assetfolders_name_parentId_sourceId_unq_idx` (`name`,`parentId`,`sourceId`),
  KEY `craft_assetfolders_parentId_fk` (`parentId`),
  KEY `craft_assetfolders_sourceId_fk` (`sourceId`)
) ENGINE=InnoDB AUTO_INCREMENT=3 DEFAULT CHARSET=utf8 COLLATE=utf8_unicode_ci;

--
-- Data for table `craft_assetfolders`
--

INSERT INTO `craft_assetfolders` (`id`, `parentId`, `sourceId`, `name`, `fullPath`, `dateCreated`, `dateUpdated`, `uid`) VALUES ('1', NULL, '1', 'Interaction Design Assets', '', '2013-10-13 05:52:17', '2013-10-13 05:52:17', 'da086569-83ad-4fec-a7da-805779aef859');
INSERT INTO `craft_assetfolders` (`id`, `parentId`, `sourceId`, `name`, `fullPath`, `dateCreated`, `dateUpdated`, `uid`) VALUES ('2', NULL, '2', 'News', '', '2013-10-13 06:48:46', '2013-10-13 06:48:46', 'cf822044-cf1e-41ba-9774-c90a2e8e50bc');



--
-- Schema for table `craft_assetindexdata`
--

DROP TABLE IF EXISTS `craft_assetindexdata`;

CREATE TABLE `craft_assetindexdata` (
  `id` int(11) NOT NULL AUTO_INCREMENT,
  `sessionId` varchar(36) COLLATE utf8_unicode_ci NOT NULL DEFAULT '',
  `sourceId` int(10) NOT NULL,
  `offset` int(10) NOT NULL,
  `uri` varchar(255) COLLATE utf8_unicode_ci DEFAULT NULL,
  `size` int(10) DEFAULT NULL,
  `recordId` int(10) DEFAULT NULL,
  `dateCreated` datetime NOT NULL,
  `dateUpdated` datetime NOT NULL,
  `uid` char(36) COLLATE utf8_unicode_ci NOT NULL DEFAULT '0',
  PRIMARY KEY (`id`),
  UNIQUE KEY `craft_assetindexdata_sessionId_sourceId_offset_unq_idx` (`sessionId`,`sourceId`,`offset`),
  KEY `craft_assetindexdata_sourceId_fk` (`sourceId`)
) ENGINE=InnoDB DEFAULT CHARSET=utf8 COLLATE=utf8_unicode_ci;

--
-- Schema for table `craft_assetsources`
--

DROP TABLE IF EXISTS `craft_assetsources`;

CREATE TABLE `craft_assetsources` (
  `id` int(11) NOT NULL AUTO_INCREMENT,
  `name` varchar(255) COLLATE utf8_unicode_ci NOT NULL,
  `type` char(150) COLLATE utf8_unicode_ci NOT NULL,
  `settings` text COLLATE utf8_unicode_ci,
  `sortOrder` tinyint(4) DEFAULT NULL,
  `dateCreated` datetime NOT NULL,
  `dateUpdated` datetime NOT NULL,
  `uid` char(36) COLLATE utf8_unicode_ci NOT NULL DEFAULT '0',
  PRIMARY KEY (`id`),
  UNIQUE KEY `craft_assetsources_name_unq_idx` (`name`)
) ENGINE=InnoDB AUTO_INCREMENT=3 DEFAULT CHARSET=utf8 COLLATE=utf8_unicode_ci;

--
-- Data for table `craft_assetsources`
--

INSERT INTO `craft_assetsources` (`id`, `name`, `type`, `settings`, `sortOrder`, `dateCreated`, `dateUpdated`, `uid`) VALUES ('1', 'Interaction Design Assets', 'Local', '{\"path\":\"images\\/interactionDesign\\/\",\"url\":\"http:\\/\\/craft.dev\\/images\\/interactionDesign\\/\"}', '1', '2013-10-13 05:52:17', '2013-10-13 05:52:30', '1784910b-7e59-405a-9237-1c83885c7684');
INSERT INTO `craft_assetsources` (`id`, `name`, `type`, `settings`, `sortOrder`, `dateCreated`, `dateUpdated`, `uid`) VALUES ('2', 'News', 'Local', '{\"path\":\"images\\/news\\/\",\"url\":\"http:\\/\\/craft.dev\\/images\\/news\\/\"}', '2', '2013-10-13 06:48:46', '2013-10-13 06:49:07', 'acf67658-3c0a-475b-a4a7-63aff130527e');



--
-- Schema for table `craft_assettransformindex`
--

DROP TABLE IF EXISTS `craft_assettransformindex`;

CREATE TABLE `craft_assettransformindex` (
  `id` int(11) NOT NULL AUTO_INCREMENT,
  `fileId` int(11) NOT NULL,
  `location` varchar(255) COLLATE utf8_unicode_ci NOT NULL,
  `sourceId` int(11) NOT NULL,
  `fileExists` tinyint(1) DEFAULT NULL,
  `inProgress` tinyint(1) DEFAULT NULL,
  `dateIndexed` datetime DEFAULT NULL,
  `dateCreated` datetime NOT NULL,
  `dateUpdated` datetime NOT NULL,
  `uid` char(36) COLLATE utf8_unicode_ci NOT NULL DEFAULT '0',
  PRIMARY KEY (`id`),
  KEY `craft_assettransformindex_sourceId_fileId_location_idx` (`sourceId`,`fileId`,`location`)
) ENGINE=InnoDB AUTO_INCREMENT=28 DEFAULT CHARSET=utf8 COLLATE=utf8_unicode_ci;

--
-- Data for table `craft_assettransformindex`
--

INSERT INTO `craft_assettransformindex` (`id`, `fileId`, `location`, `sourceId`, `fileExists`, `inProgress`, `dateIndexed`, `dateCreated`, `dateUpdated`, `uid`) VALUES ('9', '42', '_frontPageTransform', '1', '1', '0', '2013-10-16 03:57:01', '2013-10-16 03:57:02', '2013-10-16 03:57:03', '2d1ee03d-34a2-4e91-a5da-d8d2df69a946');
INSERT INTO `craft_assettransformindex` (`id`, `fileId`, `location`, `sourceId`, `fileExists`, `inProgress`, `dateIndexed`, `dateCreated`, `dateUpdated`, `uid`) VALUES ('10', '45', '_frontPageTransform', '1', '1', '0', '2013-10-16 04:06:19', '2013-10-16 04:06:19', '2013-10-16 04:06:20', '739f4423-2d51-4282-8d88-fc214622dcce');
INSERT INTO `craft_assettransformindex` (`id`, `fileId`, `location`, `sourceId`, `fileExists`, `inProgress`, `dateIndexed`, `dateCreated`, `dateUpdated`, `uid`) VALUES ('11', '43', '_frontPageTransform', '1', '1', '0', '2013-10-16 04:27:40', '2013-10-16 04:27:40', '2013-10-16 04:27:41', '9effb3fa-0280-497e-a35c-99f036d90318');
INSERT INTO `craft_assettransformindex` (`id`, `fileId`, `location`, `sourceId`, `fileExists`, `inProgress`, `dateIndexed`, `dateCreated`, `dateUpdated`, `uid`) VALUES ('12', '42', '_blogImageTransform', '1', '1', '0', '2013-10-16 05:01:52', '2013-10-16 05:01:52', '2013-10-16 05:01:54', '3ffb7004-d5cf-4fce-b5bf-a6bc1b9eac48');
INSERT INTO `craft_assettransformindex` (`id`, `fileId`, `location`, `sourceId`, `fileExists`, `inProgress`, `dateIndexed`, `dateCreated`, `dateUpdated`, `uid`) VALUES ('13', '43', '_blogImageTransform', '1', '1', '0', '2013-10-21 01:16:07', '2013-10-21 01:16:07', '2013-10-21 01:16:09', '80bb32f0-65bb-40c0-8e2a-d858f118266b');
INSERT INTO `craft_assettransformindex` (`id`, `fileId`, `location`, `sourceId`, `fileExists`, `inProgress`, `dateIndexed`, `dateCreated`, `dateUpdated`, `uid`) VALUES ('14', '45', '_blogImageTransform', '1', '1', '0', '2013-10-21 01:20:51', '2013-10-21 01:20:51', '2013-10-21 01:20:53', '42ccc0c7-cf02-45af-b0a3-4e01c2098fa5');
INSERT INTO `craft_assettransformindex` (`id`, `fileId`, `location`, `sourceId`, `fileExists`, `inProgress`, `dateIndexed`, `dateCreated`, `dateUpdated`, `uid`) VALUES ('15', '49', '_blogImageTransform', '2', '1', '0', '2013-10-21 02:12:30', '2013-10-21 02:12:30', '2013-10-21 02:12:33', 'c0def88a-f1ab-40fa-84a8-ba2b3e773da3');
INSERT INTO `craft_assettransformindex` (`id`, `fileId`, `location`, `sourceId`, `fileExists`, `inProgress`, `dateIndexed`, `dateCreated`, `dateUpdated`, `uid`) VALUES ('16', '49', '_frontPageTransform', '2', '1', '0', '2013-10-21 02:12:59', '2013-10-21 02:12:59', '2013-10-21 02:13:01', 'f8f34b4b-1c1a-4691-ac53-218a0116f690');
INSERT INTO `craft_assettransformindex` (`id`, `fileId`, `location`, `sourceId`, `fileExists`, `inProgress`, `dateIndexed`, `dateCreated`, `dateUpdated`, `uid`) VALUES ('17', '51', '_frontPageTransform', '2', '1', '0', '2013-10-21 03:05:34', '2013-10-21 03:05:34', '2013-10-21 03:05:36', '24414911-2918-4400-8ac2-2b5db34604b8');
INSERT INTO `craft_assettransformindex` (`id`, `fileId`, `location`, `sourceId`, `fileExists`, `inProgress`, `dateIndexed`, `dateCreated`, `dateUpdated`, `uid`) VALUES ('18', '51', '_blogImageTransform', '2', '1', '0', '2013-10-21 03:05:40', '2013-10-21 03:05:40', '2013-10-21 03:05:42', '4439b084-2b87-4260-bb6c-23264413394f');
INSERT INTO `craft_assettransformindex` (`id`, `fileId`, `location`, `sourceId`, `fileExists`, `inProgress`, `dateIndexed`, `dateCreated`, `dateUpdated`, `uid`) VALUES ('19', '53', '_frontPageTransform', '2', '1', '0', '2013-10-21 03:10:05', '2013-10-21 03:10:05', '2013-10-21 03:10:07', '4ebfad3d-febe-49cc-8ef4-a29e6094b698');
INSERT INTO `craft_assettransformindex` (`id`, `fileId`, `location`, `sourceId`, `fileExists`, `inProgress`, `dateIndexed`, `dateCreated`, `dateUpdated`, `uid`) VALUES ('20', '53', '_blogImageTransform', '2', '1', '0', '2013-10-21 03:35:13', '2013-10-21 03:35:13', '2013-10-21 03:35:15', '24eea08b-9309-45bf-8d65-f9bec4f3fa6d');
INSERT INTO `craft_assettransformindex` (`id`, `fileId`, `location`, `sourceId`, `fileExists`, `inProgress`, `dateIndexed`, `dateCreated`, `dateUpdated`, `uid`) VALUES ('22', '49', '_mediabox', '2', '1', '0', '2013-10-21 06:02:12', '2013-10-21 06:02:12', '2013-10-21 06:02:13', '42906327-ac77-4556-bd90-7a27352d0284');
INSERT INTO `craft_assettransformindex` (`id`, `fileId`, `location`, `sourceId`, `fileExists`, `inProgress`, `dateIndexed`, `dateCreated`, `dateUpdated`, `uid`) VALUES ('23', '60', '_blogImageTransform', '1', '1', '0', '2013-10-23 02:29:10', '2013-10-23 02:29:10', '2013-10-23 02:29:12', 'b289e01a-becf-43f6-bc74-66bfaf213f77');
INSERT INTO `craft_assettransformindex` (`id`, `fileId`, `location`, `sourceId`, `fileExists`, `inProgress`, `dateIndexed`, `dateCreated`, `dateUpdated`, `uid`) VALUES ('24', '65', '_w400h450', '1', '1', '0', '2013-10-23 02:40:55', '2013-10-23 02:40:55', '2013-10-23 02:40:57', '3a9cf526-7d62-4284-9ee0-d459257ce2dd');
INSERT INTO `craft_assettransformindex` (`id`, `fileId`, `location`, `sourceId`, `fileExists`, `inProgress`, `dateIndexed`, `dateCreated`, `dateUpdated`, `uid`) VALUES ('25', '68', '_w400h450', '1', '1', '0', '2013-10-23 02:59:26', '2013-10-23 02:59:26', '2013-10-23 02:59:29', '5a661c12-3538-4dfa-9b62-60ab6cdab6ba');
INSERT INTO `craft_assettransformindex` (`id`, `fileId`, `location`, `sourceId`, `fileExists`, `inProgress`, `dateIndexed`, `dateCreated`, `dateUpdated`, `uid`) VALUES ('26', '69', '_frontPageTransform', '1', '1', '0', '2013-10-24 03:48:44', '2013-10-24 03:48:44', '2013-10-24 03:48:46', '653c7c3e-9f8e-4925-b4c6-be42f2be0235');
INSERT INTO `craft_assettransformindex` (`id`, `fileId`, `location`, `sourceId`, `fileExists`, `inProgress`, `dateIndexed`, `dateCreated`, `dateUpdated`, `uid`) VALUES ('27', '76', '_frontPageTransform', '1', '1', '0', '2013-10-24 04:04:53', '2013-10-24 04:04:53', '2013-10-24 04:04:55', '0037b9ad-e16d-45cd-8246-9df010640bc7');



--
-- Schema for table `craft_assettransforms`
--

DROP TABLE IF EXISTS `craft_assettransforms`;

CREATE TABLE `craft_assettransforms` (
  `id` int(11) NOT NULL AUTO_INCREMENT,
  `name` varchar(255) COLLATE utf8_unicode_ci NOT NULL,
  `handle` varchar(255) COLLATE utf8_unicode_ci NOT NULL,
  `mode` enum('stretch','fit','crop') COLLATE utf8_unicode_ci NOT NULL DEFAULT 'crop',
  `position` enum('top-left','top-center','top-right','center-left','center-center','center-right','bottom-left','bottom-center','bottom-right') COLLATE utf8_unicode_ci NOT NULL DEFAULT 'center-center',
  `height` int(10) DEFAULT NULL,
  `width` int(10) DEFAULT NULL,
  `dimensionChangeTime` datetime DEFAULT NULL,
  `dateCreated` datetime NOT NULL,
  `dateUpdated` datetime NOT NULL,
  `uid` char(36) COLLATE utf8_unicode_ci NOT NULL DEFAULT '0',
  PRIMARY KEY (`id`),
  UNIQUE KEY `craft_assettransforms_name_unq_idx` (`name`),
  UNIQUE KEY `craft_assettransforms_handle_unq_idx` (`handle`)
) ENGINE=InnoDB AUTO_INCREMENT=5 DEFAULT CHARSET=utf8 COLLATE=utf8_unicode_ci;

--
-- Data for table `craft_assettransforms`
--

INSERT INTO `craft_assettransforms` (`id`, `name`, `handle`, `mode`, `position`, `height`, `width`, `dimensionChangeTime`, `dateCreated`, `dateUpdated`, `uid`) VALUES ('1', 'Front Page Transform', 'frontPageTransform', 'crop', 'center-center', '400', '900', '2013-10-13 10:15:44', '2013-10-13 10:15:44', '2013-10-13 10:15:44', '5722f5ad-d226-4820-acff-a1296a09a445');
INSERT INTO `craft_assettransforms` (`id`, `name`, `handle`, `mode`, `position`, `height`, `width`, `dimensionChangeTime`, `dateCreated`, `dateUpdated`, `uid`) VALUES ('2', 'Blog Image Transform', 'blogImageTransform', 'crop', 'center-center', '450', '1200', '2013-10-13 10:40:05', '2013-10-13 10:40:05', '2013-10-13 10:40:05', '9ffb6299-7e61-476a-9bbc-e6c1b9ac1a1f');
INSERT INTO `craft_assettransforms` (`id`, `name`, `handle`, `mode`, `position`, `height`, `width`, `dimensionChangeTime`, `dateCreated`, `dateUpdated`, `uid`) VALUES ('3', 'MediaBox', 'mediabox', 'crop', 'center-center', '100', '150', '2013-10-21 06:02:09', '2013-10-21 06:00:55', '2013-10-21 06:02:09', 'f3c851c5-1d2f-4d6f-9156-774ba885e722');
INSERT INTO `craft_assettransforms` (`id`, `name`, `handle`, `mode`, `position`, `height`, `width`, `dimensionChangeTime`, `dateCreated`, `dateUpdated`, `uid`) VALUES ('4', 'w400h450', 'w400h450', 'crop', 'center-center', '450', '400', '2013-10-23 02:40:46', '2013-10-23 02:40:46', '2013-10-23 02:40:46', '90fde98e-8f7f-4778-b7c9-540a3c47009a');



--
-- Schema for table `craft_content`
--

DROP TABLE IF EXISTS `craft_content`;

CREATE TABLE `craft_content` (
  `id` int(11) NOT NULL AUTO_INCREMENT,
  `elementId` int(11) NOT NULL,
  `locale` char(12) COLLATE utf8_unicode_ci NOT NULL,
  `title` varchar(255) COLLATE utf8_unicode_ci DEFAULT NULL,
  `heading` text COLLATE utf8_unicode_ci,
  `body` text COLLATE utf8_unicode_ci,
  `course` varchar(255) COLLATE utf8_unicode_ci DEFAULT NULL,
  `unit` varchar(255) COLLATE utf8_unicode_ci DEFAULT NULL,
  `yearFinishing` varchar(255) COLLATE utf8_unicode_ci DEFAULT NULL,
  `userProfile` text COLLATE utf8_unicode_ci,
  `evaluation` text COLLATE utf8_unicode_ci,
  `grounding` text COLLATE utf8_unicode_ci,
  `mockups` text COLLATE utf8_unicode_ci,
  `prototypes` text COLLATE utf8_unicode_ci,
  `sketching` text COLLATE utf8_unicode_ci,
  `presentation` text COLLATE utf8_unicode_ci,
  `projectDescription` text COLLATE utf8_unicode_ci,
  `schedule` text COLLATE utf8_unicode_ci,
  `designBrief` text COLLATE utf8_unicode_ci,
  `dueDate` datetime DEFAULT NULL,
  `submissionDetails` text COLLATE utf8_unicode_ci,
  `submissionResources` text COLLATE utf8_unicode_ci,
  `interactionDesignAssignmentNumber` varchar(255) COLLATE utf8_unicode_ci DEFAULT NULL,
  `researchArea` varchar(255) COLLATE utf8_unicode_ci DEFAULT NULL,
  `publicationAbstract` text COLLATE utf8_unicode_ci,
  `researchAbout` text COLLATE utf8_unicode_ci,
  `dateCreated` datetime NOT NULL,
  `dateUpdated` datetime NOT NULL,
  `uid` char(36) COLLATE utf8_unicode_ci NOT NULL DEFAULT '0',
  PRIMARY KEY (`id`),
  UNIQUE KEY `craft_content_elementId_locale_unq_idx` (`elementId`,`locale`),
  KEY `craft_content_title_idx` (`title`),
  KEY `craft_content_locale_fk` (`locale`)
) ENGINE=InnoDB AUTO_INCREMENT=65 DEFAULT CHARSET=utf8 COLLATE=utf8_unicode_ci;

--
-- Data for table `craft_content`
--

INSERT INTO `craft_content` (`id`, `elementId`, `locale`, `title`, `heading`, `body`, `course`, `unit`, `yearFinishing`, `userProfile`, `evaluation`, `grounding`, `mockups`, `prototypes`, `sketching`, `presentation`, `projectDescription`, `schedule`, `designBrief`, `dueDate`, `submissionDetails`, `submissionResources`, `interactionDesignAssignmentNumber`, `researchArea`, `publicationAbstract`, `researchAbout`, `dateCreated`, `dateUpdated`, `uid`) VALUES ('1', '2', 'en_us', 'Homepage', 'Welcome to Localhost!', '<p>It’s true, this site doesn’t have a whole lot of content yet, but don’t worry. Our web developers have just installed the CMS, and they’re setting things up for the content editors this very moment. Soon Localhost will be an oasis of fresh perspectives, sharp analyses, and astute opinions that will keep you coming back again and again.</p>', NULL, NULL, NULL, NULL, NULL, NULL, NULL, NULL, NULL, NULL, NULL, NULL, NULL, NULL, NULL, NULL, NULL, NULL, NULL, NULL, '2013-10-11 04:49:09', '2013-10-11 04:49:09', '8585dea1-f151-479f-90f2-5c16b44e7c95');
INSERT INTO `craft_content` (`id`, `elementId`, `locale`, `title`, `heading`, `body`, `course`, `unit`, `yearFinishing`, `userProfile`, `evaluation`, `grounding`, `mockups`, `prototypes`, `sketching`, `presentation`, `projectDescription`, `schedule`, `designBrief`, `dueDate`, `submissionDetails`, `submissionResources`, `interactionDesignAssignmentNumber`, `researchArea`, `publicationAbstract`, `researchAbout`, `dateCreated`, `dateUpdated`, `uid`) VALUES ('3', '4', 'en_us', 'Design Lab Featured Content', NULL, '', NULL, NULL, NULL, '', '', '', '', '', '', '', '', NULL, NULL, NULL, NULL, NULL, NULL, NULL, NULL, NULL, '2013-10-13 05:14:22', '2013-10-14 06:05:57', '82f0680f-c390-472e-918f-92253f056e6e');
INSERT INTO `craft_content` (`id`, `elementId`, `locale`, `title`, `heading`, `body`, `course`, `unit`, `yearFinishing`, `userProfile`, `evaluation`, `grounding`, `mockups`, `prototypes`, `sketching`, `presentation`, `projectDescription`, `schedule`, `designBrief`, `dueDate`, `submissionDetails`, `submissionResources`, `interactionDesignAssignmentNumber`, `researchArea`, `publicationAbstract`, `researchAbout`, `dateCreated`, `dateUpdated`, `uid`) VALUES ('11', '17', 'en_us', 'Making your BB10 app high resolution', 'Some people have run into an issue with their BB10 app looking oversized when they tested on the actual device. ', '<p>Some people have run into an issue with their BB10 app looking oversized when they tested on the actual device. This is because the BB10 has a high pixel density ratio and web content seems to be rendered by default at a low dpi. The effect is that all of the elements in your app look enlarged. <em>Note that this only happens when you explicitly set the width and height css elements on the &lt;body&gt; to 768px and 1280px respectively.</em></p><p>For most people who have not set the width and height of their &lt;body&gt; or any elements it contains to a certain pixel value and have instead set them to either 100% or just let the elements fill the space, this enlargement issue won’t happen. What will happen is that your app will render at about 160 pixels per inch. The BB10 however is capable of a resolution of <a href=\"https://developer.blackberry.com/devzone/design/devices_and_screen_sizes.html\">356 ppi</a>. That means you are missing out on utilising the full resolution of the device and making a really great looking app.</p><p>The solution is to adjust the “viewport” meta tag slightly. Usually we have had an attribute called “initial-scale” that we set to 1.0 meaning that the app is neither zoomed in or out. To adjust for the higher pixel density in the BB10 we want to zoom out slightly. This means setting the “initial-scale” to about 0.446.</p><p>So your “viewport” meta tag should now look like this:</p><p>&lt;meta name=”viewport” content=”width=device-width,initial-scale=0.446,user-scalable=no”&gt;</p><p>You may have to adjust your html elements to suit the new resolution of your app. However it will be worth the effort when you end up with a much better looking app.</p><p><strong>Reference:</strong> <a href=\"http://supportforums.blackberry.com/t5/Web-and-WebWorks-Development/How-to-set-up-the-viewport-for-a-BlackBerry-WebWorks-application/ta-p/1943807\">How to set up the viewport for a BlackBerry WebWorks application for BlackBerry 10</a></p>', 'Design Computing', 'Interaction Design', NULL, '', '', '', '', '', '', '', NULL, NULL, NULL, NULL, NULL, NULL, NULL, NULL, NULL, NULL, '2013-10-13 07:50:28', '2013-10-21 02:28:21', 'df01e585-0247-40c5-aeac-8f2af033ddab');
INSERT INTO `craft_content` (`id`, `elementId`, `locale`, `title`, `heading`, `body`, `course`, `unit`, `yearFinishing`, `userProfile`, `evaluation`, `grounding`, `mockups`, `prototypes`, `sketching`, `presentation`, `projectDescription`, `schedule`, `designBrief`, `dueDate`, `submissionDetails`, `submissionResources`, `interactionDesignAssignmentNumber`, `researchArea`, `publicationAbstract`, `researchAbout`, `dateCreated`, `dateUpdated`, `uid`) VALUES ('14', '7', 'en_us', NULL, NULL, '', 'Design Computing', NULL, '2014', '<p>Lorem ipsum dolor sit amet, consectetur adipisicing elit. Alias, saepe, sequi, quod aliquid architecto sint quasi vero quos in voluptatibus tempora perferendis ut quaerat. A, eos veniam nam laboriosam vel distinctio ducimus non at rem repellendus ipsam id tenetur quae debitis repudiandae maxime reiciendis quibusdam amet consectetur dolorem iure velit sequi unde temporibus obcaecati. Voluptas, assumenda, repellendus, numquam, quasi iure provident dicta deserunt maiores sit placeat unde aspernatur suscipit earum aliquam laboriosam amet quod blanditiis nemo enim dolore quibusdam ratione tempore debitis nam impedit ea adipisci sunt. Qui, totam quo numquam rem perspiciatis quos eligendi veritatis quas obcaecati vero ipsam corrupti eum reiciendis quae debitis molestiae maiores. Velit, dolorem, saepe voluptatem veniam quod nostrum est incidunt facilis ex ipsum. Repudiandae, ducimus, deserunt, saepe doloribus laborum dolore iure ea eligendi et cumque molestiae fugit reprehenderit! Quae, perspiciatis, consequuntur beatae officia eum in ex possimus neque vitae cum inventore non aut vero!</p><nav></nav>', '', '', '', '', '', '', NULL, NULL, NULL, NULL, NULL, NULL, NULL, NULL, NULL, NULL, '2013-10-13 09:01:19', '2013-10-16 04:43:39', 'fb2d0fd1-725f-41d7-a17d-301e468e047b');
INSERT INTO `craft_content` (`id`, `elementId`, `locale`, `title`, `heading`, `body`, `course`, `unit`, `yearFinishing`, `userProfile`, `evaluation`, `grounding`, `mockups`, `prototypes`, `sketching`, `presentation`, `projectDescription`, `schedule`, `designBrief`, `dueDate`, `submissionDetails`, `submissionResources`, `interactionDesignAssignmentNumber`, `researchArea`, `publicationAbstract`, `researchAbout`, `dateCreated`, `dateUpdated`, `uid`) VALUES ('18', '23', 'en_us', NULL, NULL, '', 'Design Computing', NULL, '2014', '<p>Lorem ipsum dolor sit amet, consectetur adipisicing elit. Alias, saepe, sequi, quod aliquid architecto sint quasi vero quos in voluptatibus tempora perferendis ut quaerat. A, eos veniam nam laboriosam vel distinctio ducimus non at rem repellendus ipsam id tenetur quae debitis repudiandae maxime reiciendis quibusdam amet consectetur dolorem iure velit sequi unde temporibus obcaecati. Voluptas, assumenda, repellendus, numquam, quasi iure provident dicta deserunt maiores sit placeat unde aspernatur suscipit earum aliquam laboriosam amet quod blanditiis nemo enim dolore quibusdam ratione tempore debitis nam impedit ea adipisci sunt. Qui, totam quo numquam rem perspiciatis quos eligendi veritatis quas obcaecati vero ipsam corrupti eum reiciendis quae debitis molestiae maiores. Velit, dolorem, saepe voluptatem veniam quod nostrum est incidunt facilis ex ipsum. Repudiandae, ducimus, deserunt, saepe doloribus laborum dolore iure ea eligendi et cumque molestiae fugit reprehenderit! Quae, perspiciatis, consequuntur beatae officia eum in ex possimus neque vitae cum inventore non aut vero!</p><nav></nav>', '', '', '', '', '', '', NULL, NULL, NULL, NULL, NULL, NULL, NULL, NULL, NULL, NULL, '2013-10-13 10:45:43', '2013-10-16 04:44:01', '953fa62b-112c-44a5-9583-64dc03b25276');
INSERT INTO `craft_content` (`id`, `elementId`, `locale`, `title`, `heading`, `body`, `course`, `unit`, `yearFinishing`, `userProfile`, `evaluation`, `grounding`, `mockups`, `prototypes`, `sketching`, `presentation`, `projectDescription`, `schedule`, `designBrief`, `dueDate`, `submissionDetails`, `submissionResources`, `interactionDesignAssignmentNumber`, `researchArea`, `publicationAbstract`, `researchAbout`, `dateCreated`, `dateUpdated`, `uid`) VALUES ('19', '25', 'en_us', 'Interaction Design Assignment Submission', 'Hello', '<p><strong>Website Mockups</strong></p><p>Redesigning: <a href=\"http://animania.net.au/2012/sydney-september\">http://animania.net.au/2012/sydney-september</a></p><p><a href=\"http://www.deco2200.net/2012/wp-content/uploads/2012/08/mockup_site_MAIN.jpg\"><img src=\"http://www.deco2200.net/2012/wp-content/uploads/2012/08/mockup_site_MAIN-1024x814.jpg\" alt=\"\" width=\"584\" height=\"464\"></a></p><p><a href=\"http://www.deco2200.net/2012/wp-content/uploads/2012/08/mockup_site_MAIN_DROPDOWN.jpg\"><img src=\"http://www.deco2200.net/2012/wp-content/uploads/2012/08/mockup_site_MAIN_DROPDOWN-150x150.jpg\" alt=\"\" width=\"150\" height=\"150\"></a><a href=\"http://www.deco2200.net/2012/wp-content/uploads/2012/08/mockup_site_MAIN_SCROLLEDDOWN.jpg\"><img src=\"http://www.deco2200.net/2012/wp-content/uploads/2012/08/mockup_site_MAIN_SCROLLEDDOWN-150x150.jpg\" alt=\"\" width=\"150\" height=\"150\"></a><a href=\"http://www.deco2200.net/2012/wp-content/uploads/2012/08/mockup_site_ABOUT.jpg\"><img src=\"http://www.deco2200.net/2012/wp-content/uploads/2012/08/mockup_site_ABOUT-150x150.jpg\" alt=\"\" width=\"150\" height=\"150\"></a><a href=\"http://www.deco2200.net/2012/wp-content/uploads/2012/08/mockup_site_COSPLAY.jpg\"><img src=\"http://www.deco2200.net/2012/wp-content/uploads/2012/08/mockup_site_COSPLAY-150x150.jpg\" alt=\"\" width=\"150\" height=\"150\"></a></p><p>The website was designed so that users new to Animania can get a grasp of what the event is all about- through the featured section on the home page(first image), whilst users who know what they are looking for (e.g. competition prizes, etc) can navigate directly to those pages through the easy to use and logical drop-down menus at the top of the site. The home page also includes other important updates underneath the featured box as well the Facebook, Twitter and RSS buttons, and links to the sponsors at the bottom of the page. The red and orange colour scheme is consistent throughout the site and is appropriate for the Anime/Cartoony theme and context. We also created some graphics in the top banner to make the site more fun compared to the black and white palette of the current site.</p><p><strong>Smartphone App</strong></p><p><a href=\"http://www.deco2200.net/2012/wp-content/uploads/2012/08/mockup_app_MAIN.png\"><img src=\"http://www.deco2200.net/2012/wp-content/uploads/2012/08/mockup_app_MAIN-150x150.png\" alt=\"\" width=\"150\" height=\"150\"></a><a href=\"http://www.deco2200.net/2012/wp-content/uploads/2012/08/mockup_app_NEWS.png\"><img src=\"http://www.deco2200.net/2012/wp-content/uploads/2012/08/mockup_app_NEWS-150x150.png\" alt=\"\" width=\"150\" height=\"150\"></a><a href=\"http://www.deco2200.net/2012/wp-content/uploads/2012/08/mockup_app_PHOTOS.png\"><img src=\"http://www.deco2200.net/2012/wp-content/uploads/2012/08/mockup_app_PHOTOS-150x150.png\" alt=\"\" width=\"150\" height=\"150\"></a><a href=\"http://www.deco2200.net/2012/wp-content/uploads/2012/08/mockup_app_PHOTOS_PRESSEDON.png\"><img src=\"http://www.deco2200.net/2012/wp-content/uploads/2012/08/mockup_app_PHOTOS_PRESSEDON-150x150.png\" alt=\"\" width=\"150\" height=\"150\"></a></p><p>The app was designed for practical use at Animania with utility functions such as event information and a map, but also includes the featured function of taking and uploading photos on the spot. The first image is the splash screen you see when first opening the app, it has 4 category buttons with images, which when pressed will take you to the format in the rest of the mockup images- the menu changing into the bar at the top. The news screen shows a list of shortened news feed updates, which when pressed will expand out downwards(image 2). Pressing the Photo section will open up the gallery of photos taken and uploaded by people at the event and pressing on a thumbnail will enlarge the picture as in the last mockup image, with a black opacity background. Finally, the colour scheme of the app was designed to be consistent with the website and the functionality designed with having it simple and compact for quick use on-the-go at the event.</p>', NULL, NULL, NULL, '', '', '', '', '', '', '', NULL, NULL, '', NULL, '', '', 'Assignment 1', NULL, NULL, NULL, '2013-10-13 11:14:44', '2013-10-21 06:27:18', '2a8e335e-8314-4a51-8c38-fd3e6e2fdcc2');
INSERT INTO `craft_content` (`id`, `elementId`, `locale`, `title`, `heading`, `body`, `course`, `unit`, `yearFinishing`, `userProfile`, `evaluation`, `grounding`, `mockups`, `prototypes`, `sketching`, `presentation`, `projectDescription`, `schedule`, `designBrief`, `dueDate`, `submissionDetails`, `submissionResources`, `interactionDesignAssignmentNumber`, `researchArea`, `publicationAbstract`, `researchAbout`, `dateCreated`, `dateUpdated`, `uid`) VALUES ('20', '26', 'en_us', 'Assignment 1', NULL, '<p>Each group member to evaluate the mockups from Task 1c using one of the following methods:</p><ul>\r\n<li>Usability test (with at least 2 users)</li><li>Heuristic analysis (with at least 2 experts) using the <a href=\"http://www.useit.com/papers/heuristic/heuristic_list.html\">10 usability heuristics</a> or the <a href=\"http://designingwebinterfaces.com/6-tips-for-a-great-flex-ux-part-5\">web application heuristics</a>.</li><li>Controlled experiment (with at least 2 users)</li></ul><p>To evaluate the mockups, you need to:</p><ul>\r\n<li>Print your mockups</li><li>Prepare your mockups for the evaluation if necessary, such as interactive elements like radio buttons, pop-up boxes, etc.</li><li>Prepare any additional material needed for the study, such as task lists</li><li>Recruit participants (NB: People from your class qualify as experts, but not as users</li></ul><p>Additionally you should conduct a short post-evaluation interview with your users or experts to find out about their general attitude towards your application concept, what things they liked about, what they didn’t, whether they were missing any features, etc.</p><p>The minimum requirement is to evaluate the desktop version of your application, but you might want to include the mobile version as well to get early feedback from users/experts on this part as well.</p><p><strong>Submission</strong><br>Individual or group blog post describing, including the following:</p><ul>\r\n<li>Short description of method</li><li>Description of evaluation procedure, including the number of people tested and what their demographics are, such as age, profession, etc.</li><li>One or more photos of your evaluation session. To respect the privacy of your participants take the photos from an angle in which their face isn’t visible.</li><li>Findings: what were the main results of the evaluation as well as the post-evaluation interview</li><li>Suggestions for improvements to the interface based on the findings</li></ul><p>The blog post submission is due on <del>Thursday 13 September</del> Sunday 16 September, 8pm. (There is no Blackboard submission.)</p><p>The next task — to develop the interactive prototype — is due 11 October.</p><p><strong>Resources</strong><br><a href=\"http://web.arch.usyd.edu.au/~mtomitsch/teaching/2012/deco2200/material/Designbrief.pdf\">Design brief</a> (pdf)<br><a href=\"http://www.useit.com/papers/heuristic/heuristic_evaluation.html\">How to conduct a heuristic evaluation</a><br><a href=\"http://designingwebinterfaces.com/6-tips-for-a-great-flex-ux-part-5\">10 heuristics in web applications</a><br><a href=\"http://www.useit.com/papers/heuristic/heuristic_list.html\">Nielsen’s 10 usability heuristics</a><br><a href=\"http://www.useit.com/alertbox/20000319.html\">Why you only need to test with 5 users</a><br><a href=\"http://dschool.stanford.edu/wp-content/uploads/2011/03/BootcampBootleg2010v2SLIM.pdf\">d.school bootcamp bootleg </a> (pdf) — see pages 34 and 35<br><a href=\"http://www.ok-cancel.com/\">OK/Cancel</a> — comics on usability and human computer interaction</p><p><a href=\"http://www.userfocus.co.uk/articles/index.html\" style=\"font-family: Arial, Helvetica, Verdana, Tahoma, sans-serif;\">User Focus</a> — articles and resources  for further reading</p>', NULL, NULL, NULL, '', '', '', '', '', '', '', NULL, NULL, '<p>Design Brief</p><p>A printing form is interested in experimenting with generative art and design and has approached you to develop software that will generate variations on a theme, such that every customer has a unique print. The designs will be printed on either apparel (e.g. t-shirts, shoes, etc.), posters or postcards. The client has proposed the following themes:</p><ol>\r\n<li>Movement and Energy</li><li>Balance and Harmony</li></ol><p>You job as a designer is to select one of these themes and one or more of the product categories and develop a sketch in Processing that will generate suitable design variations that expresses that theme. You should pay careful attention to the constraints that the different types of products impose on your design.</p><p><strong>Develop a sketch that draws a variation upon a design each time it is run.</strong> The sketch should consist of a number of variations upon a design. The design and implementation of the sketch should satisfy the following requirements:</p><p>Design Constraints</p><ol>\r\n<li>up to 400x400 static image (no animation, no 3D), e.g., 400x300 for postcards</li><li>no text (the imagery should convey the theme without text)</li><li>no images or vector shapes may be loaded from files</li></ol><p><strong>Technical Constraints<br></strong></p><ol>\r\n<li>The code should use the following features from Processing:</li><li>Variables</li><li>Randomness / Variability</li><li>Conditional statements</li><li>Loops (optional)</li><li>Drawing commands</li></ol><p>The static image should be created using only the drawing commands available through the Processing environment. No images or vector shapes should be loaded from external files.</p>', '2013-11-21 20:00:00', '<p>The assignment submission will consist of a portfolio post that includes:</p><ol>\r\n<li>A sketch that shows the final version of the your design</li><li>A description of your sketch, explaining the design concept together with references to inspirational material and any sketches that you developed during development</li></ol><p>Submission of the assignment will be via Blackboard. To submit your assignment you first need to \"export\" you portfolio post, which will create a ZIP file. You can then upload the ZIP file to Blackboard.</p>', '<p>The following may provide inspiration for this assignment but you should not limit your research to them:</p><ul>\r\n<li><a href=\"http://n-e-r-v-o-u-s.com/\">Nervous System</a> specialises in using generative processes inspired by natured to design jewellery and other items</li><li><a href=\"http://shapeways.com/\">Shapeways</a> specialises in providing 3D printing technology online and has developed a number of generative design tools</li></ul><h4>People</h4><ul>\r\n<li><a href=\"http://reas.com/\">Casey Reas</a> - see also Reas\' earlier works (before Processing) at <a href=\"http://www.groupc.net/\">http://www.groupc.net/</a></li><li><a href=\"http://benfry.com/\">Ben Fry</a> - see also Fry\'s designs and illustrations at his company <a href=\"http://fathom.info/\">Fathom</a></li><li><a href=\"http://www.levitated.net/\">Jared Tarbell</a> - see also Tarbell\'s works not done in Processing can be found at<a href=\"http://www.complexification.net/\">http://www.complexification.net/</a></li><li><a href=\"http://toxi.co.uk/\">Karsten Schmidt</a> (a.k.a. Toxi) - see also Schmidt\'s design at his company <a href=\"http://postspectacular.com/\">PostSpectacular</a></li><li><a href=\"http://mariuswatz.com/\">Marius Watz</a> - see also Watz\'s earlier works at <a href=\"http://www.unlekker.net/\">http://www.unlekker.net/</a>,<a href=\"http://www.evolutionzone.com/\">http://www.evolutionzone.com/</a> and his blog at <a href=\"http://www.generatorx.no/\">http://www.generatorx.no/</a></li></ul><h4>Books</h4><ul>\r\n<li><a href=\"http://formandcode.com/\">Form + Code</a></li><li><a href=\"http://writtenimages.net/\">Written Images</a></li></ul>', NULL, NULL, NULL, NULL, '2013-10-13 11:31:01', '2013-10-21 05:13:58', '67dbd1af-b12f-474a-87b3-1a738ce50015');
INSERT INTO `craft_content` (`id`, `elementId`, `locale`, `title`, `heading`, `body`, `course`, `unit`, `yearFinishing`, `userProfile`, `evaluation`, `grounding`, `mockups`, `prototypes`, `sketching`, `presentation`, `projectDescription`, `schedule`, `designBrief`, `dueDate`, `submissionDetails`, `submissionResources`, `interactionDesignAssignmentNumber`, `researchArea`, `publicationAbstract`, `researchAbout`, `dateCreated`, `dateUpdated`, `uid`) VALUES ('22', '1', 'en_us', NULL, NULL, '', 'Design Computing', NULL, '2014', '<p>Lorem ipsum dolor sit amet, consectetur adipisicing elit. Alias, saepe, sequi, quod aliquid architecto sint quasi vero quos in voluptatibus tempora perferendis ut quaerat. A, eos veniam nam laboriosam vel distinctio ducimus non at rem repellendus ipsam id tenetur quae debitis repudiandae maxime reiciendis quibusdam amet consectetur dolorem iure velit sequi unde temporibus obcaecati. Voluptas, assumenda, repellendus, numquam, quasi iure provident dicta deserunt maiores sit placeat unde aspernatur suscipit earum aliquam laboriosam amet quod blanditiis nemo enim dolore quibusdam ratione tempore debitis nam impedit ea adipisci sunt. Qui, totam quo numquam rem perspiciatis quos eligendi veritatis quas obcaecati vero ipsam corrupti eum reiciendis quae debitis molestiae maiores. Velit, dolorem, saepe voluptatem veniam quod nostrum est incidunt facilis ex ipsum. Repudiandae, ducimus, deserunt, saepe doloribus laborum dolore iure ea eligendi et cumque molestiae fugit reprehenderit! Quae, perspiciatis, consequuntur beatae officia eum in ex possimus neque vitae cum inventore non aut vero!</p><nav></nav>', '', '', '', '', '', '', NULL, NULL, '', NULL, '', '', NULL, NULL, '', NULL, '2013-10-13 13:31:39', '2013-10-29 04:34:51', 'c195c714-2804-436f-be30-aaeb39fac594');
INSERT INTO `craft_content` (`id`, `elementId`, `locale`, `title`, `heading`, `body`, `course`, `unit`, `yearFinishing`, `userProfile`, `evaluation`, `grounding`, `mockups`, `prototypes`, `sketching`, `presentation`, `projectDescription`, `schedule`, `designBrief`, `dueDate`, `submissionDetails`, `submissionResources`, `interactionDesignAssignmentNumber`, `researchArea`, `publicationAbstract`, `researchAbout`, `dateCreated`, `dateUpdated`, `uid`) VALUES ('24', '32', 'en_us', 'Little Boxes', NULL, '', 'Design Computing', 'Interaction Design', NULL, '', '', '<p>Our concept, while still developing is centred around the idea of creating a room in which the user can login to and revisit both their online lives in the present or reverse the room to a time in their past. The goal is to immerse the user in their present and past as seamlessly as possible, while exhibiting their digital lives in an ordinary room, we want to use as many online sources of personal information as we can get, but realise the most ubiquitous source is more than likely Facebook, as it has the largest user base. We want to achieve this with a combination of images, audio, personal information and video, taken directly from Facebook using a mobile to login, with content both from the users profile and content relevant to when the user is choosing to view.</p>', '', '', '<p>Idea of the room</p><p><img src=\"{asset:37:url}\"></p><p>Individual Boxes</p><p><img src=\"{asset:36:url}\"></p>', '', 'Little Boxes is an interactive, digital time-capsule that allows viewers not only to become a part of the piece directly but also to explore digital information in an interesting way. Various wooden boxes of different sizes, shapes and designs are scattered around the space, each with their own screen stored inside. On entering the space, visitors are prompted to do two things; log into their Facebook account and choose a month and year they wish to view.', NULL, NULL, NULL, NULL, NULL, NULL, NULL, NULL, NULL, '2013-10-14 02:42:43', '2013-10-16 04:06:17', 'd187baf2-deee-4873-88a1-6765b269cf6a');
INSERT INTO `craft_content` (`id`, `elementId`, `locale`, `title`, `heading`, `body`, `course`, `unit`, `yearFinishing`, `userProfile`, `evaluation`, `grounding`, `mockups`, `prototypes`, `sketching`, `presentation`, `projectDescription`, `schedule`, `designBrief`, `dueDate`, `submissionDetails`, `submissionResources`, `interactionDesignAssignmentNumber`, `researchArea`, `publicationAbstract`, `researchAbout`, `dateCreated`, `dateUpdated`, `uid`) VALUES ('27', '39', 'en_us', 'Design Lab News', 'The News you want today.', '<p>Hey Hey Hey</p>', NULL, NULL, NULL, '', '', '', '', '', '', '', NULL, NULL, NULL, NULL, NULL, NULL, NULL, NULL, NULL, NULL, '2013-10-14 06:04:38', '2013-10-16 03:56:31', 'f5805976-6e59-4abc-a755-167a3c25ecd5');
INSERT INTO `craft_content` (`id`, `elementId`, `locale`, `title`, `heading`, `body`, `course`, `unit`, `yearFinishing`, `userProfile`, `evaluation`, `grounding`, `mockups`, `prototypes`, `sketching`, `presentation`, `projectDescription`, `schedule`, `designBrief`, `dueDate`, `submissionDetails`, `submissionResources`, `interactionDesignAssignmentNumber`, `researchArea`, `publicationAbstract`, `researchAbout`, `dateCreated`, `dateUpdated`, `uid`) VALUES ('28', '41', 'en_us', 'This is Design Computing News', 'Design Computing News', '<p>Design Computing News</p>', NULL, NULL, NULL, '', '', '', '', '', '', '', NULL, NULL, NULL, NULL, NULL, NULL, NULL, NULL, NULL, NULL, '2013-10-14 06:14:08', '2013-10-16 03:57:30', '7cbb4271-01d0-40f0-b9dc-87992f9fa57c');
INSERT INTO `craft_content` (`id`, `elementId`, `locale`, `title`, `heading`, `body`, `course`, `unit`, `yearFinishing`, `userProfile`, `evaluation`, `grounding`, `mockups`, `prototypes`, `sketching`, `presentation`, `projectDescription`, `schedule`, `designBrief`, `dueDate`, `submissionDetails`, `submissionResources`, `interactionDesignAssignmentNumber`, `researchArea`, `publicationAbstract`, `researchAbout`, `dateCreated`, `dateUpdated`, `uid`) VALUES ('29', '42', 'en_us', 'translens2', NULL, '', NULL, NULL, NULL, '', '', '', '', '', '', '', NULL, NULL, NULL, NULL, NULL, NULL, NULL, NULL, NULL, NULL, '2013-10-16 03:56:27', '2013-10-16 03:56:27', 'ba99ade2-fa92-498e-bcc2-69c2543d4732');
INSERT INTO `craft_content` (`id`, `elementId`, `locale`, `title`, `heading`, `body`, `course`, `unit`, `yearFinishing`, `userProfile`, `evaluation`, `grounding`, `mockups`, `prototypes`, `sketching`, `presentation`, `projectDescription`, `schedule`, `designBrief`, `dueDate`, `submissionDetails`, `submissionResources`, `interactionDesignAssignmentNumber`, `researchArea`, `publicationAbstract`, `researchAbout`, `dateCreated`, `dateUpdated`, `uid`) VALUES ('30', '43', 'en_us', 'dark satanic mills by peteamachree-d350rz8  1 ', NULL, '', NULL, NULL, NULL, '', '', '', '', '', '', '', NULL, NULL, NULL, NULL, NULL, NULL, NULL, NULL, NULL, NULL, '2013-10-16 03:57:25', '2013-10-16 03:57:25', '88fe9e1a-2ab9-41c8-ace2-4bf1f9553231');
INSERT INTO `craft_content` (`id`, `elementId`, `locale`, `title`, `heading`, `body`, `course`, `unit`, `yearFinishing`, `userProfile`, `evaluation`, `grounding`, `mockups`, `prototypes`, `sketching`, `presentation`, `projectDescription`, `schedule`, `designBrief`, `dueDate`, `submissionDetails`, `submissionResources`, `interactionDesignAssignmentNumber`, `researchArea`, `publicationAbstract`, `researchAbout`, `dateCreated`, `dateUpdated`, `uid`) VALUES ('31', '44', 'en_us', 'DSC 0072', NULL, '', NULL, NULL, NULL, '', '', '', '', '', '', '', NULL, NULL, NULL, NULL, NULL, NULL, NULL, NULL, NULL, NULL, '2013-10-16 04:05:34', '2013-10-16 04:05:34', '54ba8d8a-708f-4a5d-a084-1d5383f4e641');
INSERT INTO `craft_content` (`id`, `elementId`, `locale`, `title`, `heading`, `body`, `course`, `unit`, `yearFinishing`, `userProfile`, `evaluation`, `grounding`, `mockups`, `prototypes`, `sketching`, `presentation`, `projectDescription`, `schedule`, `designBrief`, `dueDate`, `submissionDetails`, `submissionResources`, `interactionDesignAssignmentNumber`, `researchArea`, `publicationAbstract`, `researchAbout`, `dateCreated`, `dateUpdated`, `uid`) VALUES ('32', '45', 'en_us', '0fcdf4d0.littleboxes', NULL, '', NULL, NULL, NULL, '', '', '', '', '', '', '', NULL, NULL, NULL, NULL, NULL, NULL, NULL, NULL, NULL, NULL, '2013-10-16 04:06:12', '2013-10-16 04:06:12', 'e5b4f2a4-56ff-452a-a593-f1508bc24376');
INSERT INTO `craft_content` (`id`, `elementId`, `locale`, `title`, `heading`, `body`, `course`, `unit`, `yearFinishing`, `userProfile`, `evaluation`, `grounding`, `mockups`, `prototypes`, `sketching`, `presentation`, `projectDescription`, `schedule`, `designBrief`, `dueDate`, `submissionDetails`, `submissionResources`, `interactionDesignAssignmentNumber`, `researchArea`, `publicationAbstract`, `researchAbout`, `dateCreated`, `dateUpdated`, `uid`) VALUES ('33', '46', 'en_us', '3b88a1f0.st3', NULL, '', NULL, NULL, NULL, '', '', '', '', '', '', '', NULL, NULL, NULL, NULL, NULL, NULL, NULL, NULL, NULL, NULL, '2013-10-16 04:43:34', '2013-10-16 04:43:34', 'f6af1f25-b8cf-4654-86e6-36e23a6d2560');
INSERT INTO `craft_content` (`id`, `elementId`, `locale`, `title`, `heading`, `body`, `course`, `unit`, `yearFinishing`, `userProfile`, `evaluation`, `grounding`, `mockups`, `prototypes`, `sketching`, `presentation`, `projectDescription`, `schedule`, `designBrief`, `dueDate`, `submissionDetails`, `submissionResources`, `interactionDesignAssignmentNumber`, `researchArea`, `publicationAbstract`, `researchAbout`, `dateCreated`, `dateUpdated`, `uid`) VALUES ('34', '47', 'en_us', 'b42242d1.st2', NULL, '', NULL, NULL, NULL, '', '', '', '', '', '', '', NULL, NULL, NULL, NULL, NULL, NULL, NULL, NULL, NULL, NULL, '2013-10-16 04:43:58', '2013-10-16 04:43:58', 'd3ab4a4a-7523-4ebb-ac4e-47e011aed77c');
INSERT INTO `craft_content` (`id`, `elementId`, `locale`, `title`, `heading`, `body`, `course`, `unit`, `yearFinishing`, `userProfile`, `evaluation`, `grounding`, `mockups`, `prototypes`, `sketching`, `presentation`, `projectDescription`, `schedule`, `designBrief`, `dueDate`, `submissionDetails`, `submissionResources`, `interactionDesignAssignmentNumber`, `researchArea`, `publicationAbstract`, `researchAbout`, `dateCreated`, `dateUpdated`, `uid`) VALUES ('35', '48', 'en_us', 'Featured Projects', NULL, '', NULL, NULL, NULL, '', '', '', '', '', '', '', NULL, NULL, NULL, NULL, NULL, NULL, NULL, NULL, NULL, NULL, '2013-10-21 01:40:47', '2013-10-21 01:40:47', '96f9ab84-d84d-4d36-a641-8ab0adcb46de');
INSERT INTO `craft_content` (`id`, `elementId`, `locale`, `title`, `heading`, `body`, `course`, `unit`, `yearFinishing`, `userProfile`, `evaluation`, `grounding`, `mockups`, `prototypes`, `sketching`, `presentation`, `projectDescription`, `schedule`, `designBrief`, `dueDate`, `submissionDetails`, `submissionResources`, `interactionDesignAssignmentNumber`, `researchArea`, `publicationAbstract`, `researchAbout`, `dateCreated`, `dateUpdated`, `uid`) VALUES ('36', '49', 'en_us', 'Wearable Architecture', NULL, '', NULL, NULL, NULL, '', '', '', '', '', '', '', NULL, NULL, NULL, NULL, NULL, NULL, NULL, NULL, NULL, NULL, '2013-10-21 02:11:05', '2013-10-21 02:11:05', 'c8e0f150-3865-433e-85c3-5f2f9959c77f');
INSERT INTO `craft_content` (`id`, `elementId`, `locale`, `title`, `heading`, `body`, `course`, `unit`, `yearFinishing`, `userProfile`, `evaluation`, `grounding`, `mockups`, `prototypes`, `sketching`, `presentation`, `projectDescription`, `schedule`, `designBrief`, `dueDate`, `submissionDetails`, `submissionResources`, `interactionDesignAssignmentNumber`, `researchArea`, `publicationAbstract`, `researchAbout`, `dateCreated`, `dateUpdated`, `uid`) VALUES ('37', '50', 'en_us', 'Digital Innovation Prize Winners', 'Faculty students awarded Prize for Digital Innovation', '<p>The Faculty of Architecture, Design and Planning is pleased to announce two of its Master of Architecture students have won the Prize for Digital Innovation in the 2013 Australian Institute of Architects Student Awards.</p><p>Jonathan Fernandes and James Ye-Won Lee\'s digital project presented the temporary structure and interior of a moveable theatre space. Able to be assembled and disassembled in 72 hours, the theatre is designed to appear alongside Sydney Festival\'s iconic Spiegeltent.</p><p>\"You can pack it away, put it in a truck, move it somewhere else in a different location and put it up,\" says James</p><p>\"It can be placed in different sites,\" says Jonathan</p><p>The design allows the theatre\'s sounds and lights to guide audiences\' movements in and around the space. Audiences find themselves plunged deep in the immersive environment of the theatre.</p><p>Their model\'s exceptional interactive ceiling was what set them apart.</p><p>\"The ceiling can adapt depending on the type of theatre performance, \" says Jonathan.</p><p>\"If you need the theatre to be more open, the ceiling could raise up if more people need to be accommodated, and it could lower to create a more intimate space.\"</p><p>Entrants from three other universities offering architecture in NSW were in the running for the Digital Innovation Prize. This achievement for Faculty of Architecture, Design and Planning students Jonathan and James is \"great exposure,\" says Jonathan.</p><p>The Faculty of Architecture, Design and Planning congratulates James and Jonathan on their outstanding success.</p>', NULL, NULL, NULL, '', '', '', '', '', '', '', NULL, NULL, NULL, NULL, NULL, NULL, NULL, NULL, NULL, NULL, '2013-10-21 02:11:10', '2013-10-21 02:11:10', '3db6ebfc-9ae1-4095-ba06-193c1b3073d1');
INSERT INTO `craft_content` (`id`, `elementId`, `locale`, `title`, `heading`, `body`, `course`, `unit`, `yearFinishing`, `userProfile`, `evaluation`, `grounding`, `mockups`, `prototypes`, `sketching`, `presentation`, `projectDescription`, `schedule`, `designBrief`, `dueDate`, `submissionDetails`, `submissionResources`, `interactionDesignAssignmentNumber`, `researchArea`, `publicationAbstract`, `researchAbout`, `dateCreated`, `dateUpdated`, `uid`) VALUES ('38', '51', 'en_us', 'ECOLOGIESBANNER', NULL, '', NULL, NULL, NULL, '', '', '', '', '', '', '', NULL, NULL, NULL, NULL, NULL, NULL, NULL, NULL, NULL, NULL, '2013-10-21 03:04:48', '2013-10-21 03:04:48', '8268fa11-1716-4978-a1a2-8dec2849399c');
INSERT INTO `craft_content` (`id`, `elementId`, `locale`, `title`, `heading`, `body`, `course`, `unit`, `yearFinishing`, `userProfile`, `evaluation`, `grounding`, `mockups`, `prototypes`, `sketching`, `presentation`, `projectDescription`, `schedule`, `designBrief`, `dueDate`, `submissionDetails`, `submissionResources`, `interactionDesignAssignmentNumber`, `researchArea`, `publicationAbstract`, `researchAbout`, `dateCreated`, `dateUpdated`, `uid`) VALUES ('39', '52', 'en_us', 'Ecologies of invention', 'Ecologies of Invention is the first collection of essays that brings together writers and scholars of international standing from the University of Sydney and beyond to examine the assumptions underlying notions of inventiveness.', '<p>Imagine the walls of a building letting in and circulating air - not the windows, the walls. This is what architect Doris Kim Sung has achieved in her work through the use of thermo-biometals - metals that curl and shift in response to sunlight and the weather - in the construction of buildings. With a background in biology, Doris based the idea of a \'breathing\' wall on the unique way in which a grasshopper takes in air through its sides and uses the air to cool its body. (You can find more information about Doris Kim Sung and her designs through the TED website: blog.tedx.com/post/64111337047/what-if-building-materials-were-more-like-skin.)</p><p>What kind of person thinks to make this creative connection, from a grasshopper to a building material? How can people across various disciplines be encouraged and trained to make connections such as these; to work more inventively? Traditionally, invention has been seen as isolated to the realm of scientific discovery. But are artists, designers and musicians also inventors? The contributors to Ecologies of invention, (ed. Andy Dong, John Conomos and Brad Buckley) attempt to answer these questions - and ask and answer even more.</p><p>Ecologies of Invention is the first collection of essays that brings together writers and scholars of international standing from the University of Sydney and beyond to examine the assumptions underlying notions of inventiveness. In doing so, an important distinction is made between \'inventiveness\' and \'creativity\'. Significantly, the contributors look at origins, approaches and attitudes towards inventiveness across the disciplines, including art, architecture, design, history, engineering, science, law and economics. As Marc Newson, designer of the famous Lockheed Lounge, points out in the Foreword, Ecologies of invention \'makes an important contribution to our understanding of that \"light bulb\" moment of realisation or invention that takes place across all disciplines\'. As well as sharing similarities across disciplines, the contributors demonstrate how invention on all different scales, from personal capacities to the social, spatial and network configurations, share similar processes and production.</p><p>Edited by Andy Dong, Professor and ARC Future Fellow at the University of Sydney and holder of the Warren Centre Chair for Engineering Innovation; Brad Buckley, artist, activist, urbanist and Professor of Contemporary Art and Culture at Sydney College of the Arts; and John Conomos, artist, critic and theorist at Sydney College of the Arts, the concept of invention as explored in Ecologies of invention moves beyond the individual chapters and contributions by Faculty of Architecture Academics Lian Loke, Dagmar Reinhardt, Chris Smith and Rob Saunders, to the design of the book itself.</p><p>The book poses new questions for scholars, artists, architects, designers, historians, engineers, scientists, lawyers and economists about the nature, origins and processes of invention.</p><p>If you would like more information about the book, editors or contributors, please contact Sydney University Press at sup.info@sydney.edu.au.</p>', NULL, NULL, NULL, '', '', '', '', '', '', '', NULL, NULL, NULL, NULL, NULL, NULL, NULL, NULL, NULL, NULL, '2013-10-21 03:05:23', '2013-10-21 03:05:23', '57e2ddb3-47ac-468d-adbc-e2e5eeffe25e');
INSERT INTO `craft_content` (`id`, `elementId`, `locale`, `title`, `heading`, `body`, `course`, `unit`, `yearFinishing`, `userProfile`, `evaluation`, `grounding`, `mockups`, `prototypes`, `sketching`, `presentation`, `projectDescription`, `schedule`, `designBrief`, `dueDate`, `submissionDetails`, `submissionResources`, `interactionDesignAssignmentNumber`, `researchArea`, `publicationAbstract`, `researchAbout`, `dateCreated`, `dateUpdated`, `uid`) VALUES ('40', '53', 'en_us', 'Shop 2.06 crowd-3', NULL, '', NULL, NULL, NULL, '', '', '', '', '', '', '', NULL, NULL, NULL, NULL, NULL, NULL, NULL, NULL, NULL, NULL, '2013-10-21 03:09:56', '2013-10-21 03:09:56', '06449238-e715-48a5-8455-e5d55b47a857');
INSERT INTO `craft_content` (`id`, `elementId`, `locale`, `title`, `heading`, `body`, `course`, `unit`, `yearFinishing`, `userProfile`, `evaluation`, `grounding`, `mockups`, `prototypes`, `sketching`, `presentation`, `projectDescription`, `schedule`, `designBrief`, `dueDate`, `submissionDetails`, `submissionResources`, `interactionDesignAssignmentNumber`, `researchArea`, `publicationAbstract`, `researchAbout`, `dateCreated`, `dateUpdated`, `uid`) VALUES ('41', '54', 'en_us', 'Design Lab Research presented at OzChi Conference', '​Cutting-edge research in human-computer interaction is the topic of discussion at the annual OzCHI Conference in Melbourne this year.', '<p>\r\n	Cutting-edge research in human-computer interaction is the topic of discussion at the annual OzCHI Conference in Melbourne this year.</p><p>\r\n	OzCHI brings together researchers from across Australia to build networks, find collaborators and stay abreast of the latest knowledge of the way humans interact with computers.</p><p>\r\n	Design Lab lecturer and program director of the University\'s <a href=\"http://sydney.edu.au/architecture/programs_of_study/postgraduate/IDEA.shtml\">Master of Interaction Design and Electronic Arts (IDEA)</a>, Lian Loke, says that OzChi is one of the best ways to present research and gain inspiration from others\' works.</p><p>\r\n	\"The conference does the equivalent of research speed dating. It gets everyone acquainted with everyone else\'s research,\" Loke said.</p><p>\r\n	\"We have also been constructing research trees that show the relationships between areas of research. Understanding these degrees of separation between active research projects lets us easily see where the field is headed.\"</p><p>\r\n	Yesterday, Loke and UTS collaborator Professor Toni Robertson ran a workshop, \'The Body in Design\'. The workshop involved designing for bodily experience and understanding bodily engagement in the design process.</p><p>\r\n	<img id=\"processed\" src=\"http://www.arch.usyd.edu.au/images/news_events/2012/eloquentrobes.jpg\" align=\"right\" border=\"\" style=\"float: right;\" alt=\"\"></p><p>\r\n	Design Lab PhD candidate, Ingrid Pohl, will present today a short paper, \'Engaging the sense of touch in interactive architecture\'. The paper explores the ideas manifest in her prototype sensitive surfaces, on display at the Design Lab\'s end of year festival, <a href=\"http://sydney.edu.au/architecture/events/organisedCacophony.shtml\" style=\"font-family: Arial, Helvetica, Verdana, Tahoma, sans-serif;\">Organised Cacophony</a>.</p><p>\r\n	IDEA research student, Claudia Nunez-Pacheco has also presented a poster, \'Eloquent Robes\' that explains the work currently exhibited at Organised Cacophony.</p>', NULL, NULL, NULL, '', '', '', '', '', '', '', NULL, NULL, '', NULL, '', '', NULL, NULL, NULL, NULL, '2013-10-21 03:10:00', '2013-10-21 06:43:37', '8944a64f-f31b-4362-9ec7-ffb5dd45a114');
INSERT INTO `craft_content` (`id`, `elementId`, `locale`, `title`, `heading`, `body`, `course`, `unit`, `yearFinishing`, `userProfile`, `evaluation`, `grounding`, `mockups`, `prototypes`, `sketching`, `presentation`, `projectDescription`, `schedule`, `designBrief`, `dueDate`, `submissionDetails`, `submissionResources`, `interactionDesignAssignmentNumber`, `researchArea`, `publicationAbstract`, `researchAbout`, `dateCreated`, `dateUpdated`, `uid`) VALUES ('42', '55', 'en_us', 'Schedule 2012', NULL, '', NULL, NULL, NULL, '', '', '', '', '', '', '', NULL, '[{\"col1\":\"1\",\"col2\":\"3 Aug\",\"col3\":\"Introduction <a href=\\\"http:\\/\\/google.com\\\"<\\/a>Slides<\\/a>\",\"col4\":\"Design project intro (slides), design exercise\\t\",\"col6\":\"No Class\",\"col5\":\"\"},{\"col1\":\"2\",\"col2\":\"10 Aug\",\"col3\":\"Learning from everyday interfaces (slides)\\t\",\"col4\":\"Everyday interfaces activity (slides); User-centred design (slides)\\t\",\"col6\":\"Design activity; introduction of design brief; grounding research (slides)\\t\",\"col5\":\"Task (slides)\\r\\n\"},{\"col1\":\"3\",\"col2\":\"17 Aug\",\"col3\":\"Sketching ideas (slides)\\t\",\"col4\":\"Brainstorming (slides)\\t\",\"col6\":\"Responsive design (slides); Wireframing + activity (slides); work on scenarios, user stories, wireframes\\t\",\"col5\":\"Blog post: Grounding research \\u2013 find two related websites and discuss them\\r\\n\"},{\"col1\":\"\",\"col2\":\"\",\"col3\":\"\",\"col4\":\"\",\"col6\":\"\",\"col5\":\"\"}]', NULL, NULL, NULL, NULL, NULL, NULL, NULL, NULL, '2013-10-21 03:48:28', '2013-10-21 04:06:27', '33d7bc46-83eb-44af-8f6f-f4cc642bb6f8');
INSERT INTO `craft_content` (`id`, `elementId`, `locale`, `title`, `heading`, `body`, `course`, `unit`, `yearFinishing`, `userProfile`, `evaluation`, `grounding`, `mockups`, `prototypes`, `sketching`, `presentation`, `projectDescription`, `schedule`, `designBrief`, `dueDate`, `submissionDetails`, `submissionResources`, `interactionDesignAssignmentNumber`, `researchArea`, `publicationAbstract`, `researchAbout`, `dateCreated`, `dateUpdated`, `uid`) VALUES ('43', '56', 'en_us', 'IMG 4754', NULL, '', NULL, NULL, NULL, '', '', '', '', '', '', '', NULL, NULL, '', NULL, '', '', NULL, NULL, NULL, NULL, '2013-10-21 06:31:34', '2013-10-21 06:31:34', 'a8e9200b-419b-4112-ae99-84a177fbe461');
INSERT INTO `craft_content` (`id`, `elementId`, `locale`, `title`, `heading`, `body`, `course`, `unit`, `yearFinishing`, `userProfile`, `evaluation`, `grounding`, `mockups`, `prototypes`, `sketching`, `presentation`, `projectDescription`, `schedule`, `designBrief`, `dueDate`, `submissionDetails`, `submissionResources`, `interactionDesignAssignmentNumber`, `researchArea`, `publicationAbstract`, `researchAbout`, `dateCreated`, `dateUpdated`, `uid`) VALUES ('44', '57', 'en_us', 'Assignment', 'I am an Assignment', '<p>Tech Tech Tech</p>', NULL, NULL, NULL, '', '', '', '', '', '', '', NULL, NULL, '', NULL, '', '', 'Assignment 1', NULL, NULL, NULL, '2013-10-22 03:29:33', '2013-10-22 03:29:33', 'f1f51cd5-3635-47ad-a11b-7e0e1583839d');
INSERT INTO `craft_content` (`id`, `elementId`, `locale`, `title`, `heading`, `body`, `course`, `unit`, `yearFinishing`, `userProfile`, `evaluation`, `grounding`, `mockups`, `prototypes`, `sketching`, `presentation`, `projectDescription`, `schedule`, `designBrief`, `dueDate`, `submissionDetails`, `submissionResources`, `interactionDesignAssignmentNumber`, `researchArea`, `publicationAbstract`, `researchAbout`, `dateCreated`, `dateUpdated`, `uid`) VALUES ('45', '59', 'en_us', '0Unknown', NULL, '', NULL, NULL, NULL, '', '', '', '', '', '', '', NULL, NULL, '', NULL, '', '', NULL, NULL, NULL, NULL, '2013-10-23 00:42:40', '2013-10-23 00:42:40', '5bb7b1ce-a042-4187-9b37-a74f86825c00');
INSERT INTO `craft_content` (`id`, `elementId`, `locale`, `title`, `heading`, `body`, `course`, `unit`, `yearFinishing`, `userProfile`, `evaluation`, `grounding`, `mockups`, `prototypes`, `sketching`, `presentation`, `projectDescription`, `schedule`, `designBrief`, `dueDate`, `submissionDetails`, `submissionResources`, `interactionDesignAssignmentNumber`, `researchArea`, `publicationAbstract`, `researchAbout`, `dateCreated`, `dateUpdated`, `uid`) VALUES ('46', '60', 'en_us', 'IMG 6232', NULL, '', NULL, NULL, NULL, '', '', '', '', '', '', '', NULL, NULL, '', NULL, '', '', NULL, NULL, NULL, NULL, '2013-10-23 00:43:33', '2013-10-23 00:43:33', '70d08d02-af3e-41a2-83ce-1e8249063508');
INSERT INTO `craft_content` (`id`, `elementId`, `locale`, `title`, `heading`, `body`, `course`, `unit`, `yearFinishing`, `userProfile`, `evaluation`, `grounding`, `mockups`, `prototypes`, `sketching`, `presentation`, `projectDescription`, `schedule`, `designBrief`, `dueDate`, `submissionDetails`, `submissionResources`, `interactionDesignAssignmentNumber`, `researchArea`, `publicationAbstract`, `researchAbout`, `dateCreated`, `dateUpdated`, `uid`) VALUES ('47', '61', 'en_us', 'Computational Design', 'How sensor networks augment and mediate human experience, interaction, and perception.', '<div>We explore how sensor networks augment and mediate human experience, interaction and perception, while developing new sensing modalities and enabling technologies that create new forms of interactive experience and expression. Our current research encompasses the development and application of various types of sensor networks, energy harvesting and power management, and the technical foundation of ubiquitous computing. Our work is highlighted in diverse application areas, which have included automotive systems, smart highways, medical instrumentation, RFID, wearable computing, and interactive media.</div>', NULL, NULL, NULL, '', '', '', '', '', '', '', NULL, NULL, '', NULL, '', '', NULL, 'Computational Design', '', 'We explore how sensor networks augment and mediate human experience, interaction and perception, while developing new sensing modalities and enabling technologies that create new forms of interactive experience and expression. Our current research encompasses the development and application of various types of sensor networks, energy harvesting and power management, and the technical foundation of ubiquitous computing. Our work is highlighted in diverse application areas, which have included automotive systems, smart highways, medical instrumentation, RFID, wearable computing, and interactive media.', '2013-10-23 00:44:13', '2013-10-23 02:32:38', '3968299d-5946-40f5-9eca-9a23c7f88463');
INSERT INTO `craft_content` (`id`, `elementId`, `locale`, `title`, `heading`, `body`, `course`, `unit`, `yearFinishing`, `userProfile`, `evaluation`, `grounding`, `mockups`, `prototypes`, `sketching`, `presentation`, `projectDescription`, `schedule`, `designBrief`, `dueDate`, `submissionDetails`, `submissionResources`, `interactionDesignAssignmentNumber`, `researchArea`, `publicationAbstract`, `researchAbout`, `dateCreated`, `dateUpdated`, `uid`) VALUES ('48', '62', 'en_us', 'a6-hespanhol', NULL, '', NULL, NULL, NULL, '', '', '', '', '', '', '', NULL, NULL, '', NULL, '', '', NULL, NULL, '', NULL, '2013-10-23 01:17:01', '2013-10-23 01:17:01', 'e5867ecc-b481-4a8e-aa06-fc6d70be7db6');
INSERT INTO `craft_content` (`id`, `elementId`, `locale`, `title`, `heading`, `body`, `course`, `unit`, `yearFinishing`, `userProfile`, `evaluation`, `grounding`, `mockups`, `prototypes`, `sketching`, `presentation`, `projectDescription`, `schedule`, `designBrief`, `dueDate`, `submissionDetails`, `submissionResources`, `interactionDesignAssignmentNumber`, `researchArea`, `publicationAbstract`, `researchAbout`, `dateCreated`, `dateUpdated`, `uid`) VALUES ('49', '63', 'en_us', 'Enhancing interactivity at an interactive public information display.', NULL, '', NULL, NULL, NULL, '', '', '', '', '', '', '', NULL, NULL, '', NULL, '', '', NULL, NULL, '<p>A key challenge for creating large interactive displays in public spaces is in the definition of ways for the user to interact that are effective and easy to learn. This paper presents the outcomes of user evaluation sessions designed to test a series of different gestures for people interacting with large displays in the public space. It is an initial step towards the broader goal of establishing a natural means for immersive interactions. The paper proposes a set of simple gestures for the execution of the basic actions of selecting and rearranging items in a large-scale dashboard. We performed a comparative analysis of the gestures, leading to a more in-depth understanding of the nature of spatial interaction between people and large public displays. More specifically, the analysis focuses on the scenarios when the interaction is restricted to an individual\'s own body, without any further assistance from associated devices. The findings converge into the elaboration of a model for assisting with the applicability of spatial gestures in response to both the context and the content they are applied to.</p>', NULL, '2013-10-23 01:17:06', '2013-10-23 01:17:40', 'bfbc4996-9fb2-4d22-9350-edcd3c8e6fed');
INSERT INTO `craft_content` (`id`, `elementId`, `locale`, `title`, `heading`, `body`, `course`, `unit`, `yearFinishing`, `userProfile`, `evaluation`, `grounding`, `mockups`, `prototypes`, `sketching`, `presentation`, `projectDescription`, `schedule`, `designBrief`, `dueDate`, `submissionDetails`, `submissionResources`, `interactionDesignAssignmentNumber`, `researchArea`, `publicationAbstract`, `researchAbout`, `dateCreated`, `dateUpdated`, `uid`) VALUES ('50', '58', 'en_us', NULL, NULL, '', 'IDEA', NULL, NULL, '<p>Dr Martin Tomitsch\'s primary research interest is the application of user-centred interaction design methods and the study of user behaviours to inform the development of novel interfaces and interaction techniques for everyday life. In his research work he emphasises the design and evaluation of new approaches to human-computer interaction.</p>', '', '', '', '', '', '', NULL, NULL, '', NULL, '', '', NULL, NULL, '', NULL, '2013-10-23 02:35:43', '2013-10-23 02:45:52', 'c56f6247-4f52-4a1d-9f3d-b29f67e0a290');
INSERT INTO `craft_content` (`id`, `elementId`, `locale`, `title`, `heading`, `body`, `course`, `unit`, `yearFinishing`, `userProfile`, `evaluation`, `grounding`, `mockups`, `prototypes`, `sketching`, `presentation`, `projectDescription`, `schedule`, `designBrief`, `dueDate`, `submissionDetails`, `submissionResources`, `interactionDesignAssignmentNumber`, `researchArea`, `publicationAbstract`, `researchAbout`, `dateCreated`, `dateUpdated`, `uid`) VALUES ('51', '65', 'en_us', 'IMG 0905', NULL, '', NULL, NULL, NULL, '', '', '', '', '', '', '', NULL, NULL, '', NULL, '', '', NULL, NULL, '', NULL, '2013-10-23 02:39:57', '2013-10-23 02:39:57', '96b2aa75-3ce4-4e3e-82ec-18e2b5da1aa8');
INSERT INTO `craft_content` (`id`, `elementId`, `locale`, `title`, `heading`, `body`, `course`, `unit`, `yearFinishing`, `userProfile`, `evaluation`, `grounding`, `mockups`, `prototypes`, `sketching`, `presentation`, `projectDescription`, `schedule`, `designBrief`, `dueDate`, `submissionDetails`, `submissionResources`, `interactionDesignAssignmentNumber`, `researchArea`, `publicationAbstract`, `researchAbout`, `dateCreated`, `dateUpdated`, `uid`) VALUES ('52', '66', 'en_us', 'UbiqLog: a generic mobile phone-based life-log framework.', NULL, '', NULL, NULL, NULL, '', '', '', '', '', '', '', NULL, NULL, '', NULL, '', '', NULL, NULL, '<p>A key challenge for creating large interactive displays in public spaces is in the definition of ways for the user to interact that are effective and easy to learn. This paper presents the outcomes of user evaluation sessions designed to test a series of different gestures for people interacting with large displays in the public space. It is an initial step towards the broader goal of establishing a natural means for immersive interactions. The paper proposes a set of simple gestures for the execution of the basic actions of selecting and rearranging items in a large-scale dashboard. We performed a comparative analysis of the gestures, leading to a more in-depth understanding of the nature of spatial interaction between people and large public displays. More specifically, the analysis focuses on the scenarios when the interaction is restricted to an individual\'s own body, without any further assistance from associated devices. The findings converge into the elaboration of a model for assisting with the applicability of spatial gestures in response to both the context and the content they are applied to.</p>', NULL, '2013-10-23 02:44:08', '2013-10-23 02:44:08', '4f4b4739-eccd-416d-8146-2c8648181d82');
INSERT INTO `craft_content` (`id`, `elementId`, `locale`, `title`, `heading`, `body`, `course`, `unit`, `yearFinishing`, `userProfile`, `evaluation`, `grounding`, `mockups`, `prototypes`, `sketching`, `presentation`, `projectDescription`, `schedule`, `designBrief`, `dueDate`, `submissionDetails`, `submissionResources`, `interactionDesignAssignmentNumber`, `researchArea`, `publicationAbstract`, `researchAbout`, `dateCreated`, `dateUpdated`, `uid`) VALUES ('53', '68', 'en_us', 'Oliver Bown-5', NULL, '', NULL, NULL, NULL, '', '', '', '', '', '', '', NULL, NULL, '', NULL, '', '', NULL, NULL, '', NULL, '2013-10-23 02:58:29', '2013-10-23 02:58:29', 'fc0fce2b-27c9-4080-ac0b-10bf72761c5a');
INSERT INTO `craft_content` (`id`, `elementId`, `locale`, `title`, `heading`, `body`, `course`, `unit`, `yearFinishing`, `userProfile`, `evaluation`, `grounding`, `mockups`, `prototypes`, `sketching`, `presentation`, `projectDescription`, `schedule`, `designBrief`, `dueDate`, `submissionDetails`, `submissionResources`, `interactionDesignAssignmentNumber`, `researchArea`, `publicationAbstract`, `researchAbout`, `dateCreated`, `dateUpdated`, `uid`) VALUES ('54', '67', 'en_us', NULL, NULL, '', 'IDEA', NULL, NULL, '<p>Oliver Bown is a British researcher and electronic music practitioner. He joined the Design Lab, at the Faculty of Architecture, Design and Planning, in June 2011. His research interests include digital music, music software and performance systems, computational creativity, biologically-inspired computing, complex systems and ecosystems, multi-agent modelling, models and theories of cultural dynamics, and human evolution, particularly with respect to human artistic behaviour.</p>', '', '', '', '', '', '', NULL, NULL, '', NULL, '', '', NULL, NULL, '', NULL, '2013-10-23 02:58:33', '2013-10-23 02:59:24', 'c46ebb58-a083-4af1-aa6f-5805220fdd1b');
INSERT INTO `craft_content` (`id`, `elementId`, `locale`, `title`, `heading`, `body`, `course`, `unit`, `yearFinishing`, `userProfile`, `evaluation`, `grounding`, `mockups`, `prototypes`, `sketching`, `presentation`, `projectDescription`, `schedule`, `designBrief`, `dueDate`, `submissionDetails`, `submissionResources`, `interactionDesignAssignmentNumber`, `researchArea`, `publicationAbstract`, `researchAbout`, `dateCreated`, `dateUpdated`, `uid`) VALUES ('55', '69', 'en_us', 'solstice1', NULL, '', NULL, NULL, NULL, '', '', '', '', '', '', '', NULL, NULL, '', NULL, '', '', NULL, NULL, '', NULL, '2013-10-24 03:48:03', '2013-10-24 03:48:03', '82b5a9ba-180d-49fb-927c-441d20a3dd04');
INSERT INTO `craft_content` (`id`, `elementId`, `locale`, `title`, `heading`, `body`, `course`, `unit`, `yearFinishing`, `userProfile`, `evaluation`, `grounding`, `mockups`, `prototypes`, `sketching`, `presentation`, `projectDescription`, `schedule`, `designBrief`, `dueDate`, `submissionDetails`, `submissionResources`, `interactionDesignAssignmentNumber`, `researchArea`, `publicationAbstract`, `researchAbout`, `dateCreated`, `dateUpdated`, `uid`) VALUES ('56', '70', 'en_us', 'Solstice Lamp', NULL, '<p>Researchers from the Faculty of Architecture, Design and Planning’s Design Lab have collaborated with students from the Interaction Design and Electronic Arts program to produce Solstice LAMP, a building-scale light and sound projection that will delight visitors to Sydney’s Circular Quay.</p><p>The AMP building façade will be hijacked by laser projectors and immersive sounds for the duration of the Vivid Lights Festival 2013. Visitors to the building’s forecourt will pass by 3D cameras that will capture their motion and interpret it as a series of points of data. The configuration of this data will control projections, that surround the passersby and envelope them in a soothing blue glow. With time, the projections become independent of their human hosts and begin to move ethereally upwards.</p><p>The projections’ travel is accompanied by serene music that reflects the otherworldly nature of the projection’s detatchment from their human stimuli. The projections morph, in turn transforming the music, as they continue their upward travel. Reflecting the process of abstraction from individual to concept, the projections eventually form geometric squares before reaching the building’s zenith, where they flourish into the logo of our major sponsor, Amplify.</p><p>SolsticeLAMP reflects not only a modern use of technology in a public setting, but the transformation of private courtyard to public space, from individual to crowd and from confusion to wonder.</p>', NULL, NULL, NULL, '', '', '', '', '', '', '', '​Researchers from the Faculty of Architecture, Design and Planning’s Design Lab have collaborated with students from the Interaction Design and Electronic Arts program to produce Solstice LAMP, a building-scale light and sound projection that will delight visitors to Sydney’s Circular Quay.', NULL, '', NULL, '', '', NULL, 'Computational Design', '', NULL, '2013-10-24 03:48:34', '2013-10-24 03:48:34', '109210f5-d0fa-4568-9440-31f3a28123da');
INSERT INTO `craft_content` (`id`, `elementId`, `locale`, `title`, `heading`, `body`, `course`, `unit`, `yearFinishing`, `userProfile`, `evaluation`, `grounding`, `mockups`, `prototypes`, `sketching`, `presentation`, `projectDescription`, `schedule`, `designBrief`, `dueDate`, `submissionDetails`, `submissionResources`, `interactionDesignAssignmentNumber`, `researchArea`, `publicationAbstract`, `researchAbout`, `dateCreated`, `dateUpdated`, `uid`) VALUES ('57', '72', 'en_us', 'temporalas2', NULL, '', NULL, NULL, NULL, '', '', '', '', '', '', '', NULL, NULL, '', NULL, '', '', NULL, NULL, '', NULL, '2013-10-24 03:50:09', '2013-10-24 03:50:09', 'e7ef9479-08e4-4b87-84ee-1d914ec30aef');
INSERT INTO `craft_content` (`id`, `elementId`, `locale`, `title`, `heading`, `body`, `course`, `unit`, `yearFinishing`, `userProfile`, `evaluation`, `grounding`, `mockups`, `prototypes`, `sketching`, `presentation`, `projectDescription`, `schedule`, `designBrief`, `dueDate`, `submissionDetails`, `submissionResources`, `interactionDesignAssignmentNumber`, `researchArea`, `publicationAbstract`, `researchAbout`, `dateCreated`, `dateUpdated`, `uid`) VALUES ('58', '73', 'en_us', 'Temporalas', NULL, '<p>Temporalas makes use of the latest interactive technologies of top down projection mapping, cutting edge hand tracking and spatial movement tracking technologies developed by our team. It encourages individual’s exploration of their relationship with the surrounding environment.</p><p>The team of students and alumni from the Interaction Design and Electronic Arts program at the University of Sydney fuses diverse interests in interactive technologies, architecture, visual arts and audio acoustics. The result is a novel exploration of interactive media facades, responsive environments, tangible user interfaces, visual arts, audio acoustics and interactive architecture.</p><p>When you approach Temporalas, light swirls from your feet. The light manifests as evocative imagery and continues forward, leaving a projected path for you to follow. This pathway invites you closer to sculpture, drawing you into further interactions.</p><p>As others approach the site, an interconnected web of light pulses towards the a clock-like light sculpture. As you draw nearer, the enigmatic light sculpture changes colour. You retreat back to see if your immediate actions affect the life of this sculpture, and you soon realise that you are now an integral part of this artwork, controlling the output with your presence.</p><p>Out of curiosity you touch the sculpture and your projected pathway dissolves. Something unexpected occurs. Vivid imagery is projected onto your hand. You move your hand around and are surprised to see the imagery remains animated on your palm. Even when you move your hand backwards, or side to side, it curiously remains.</p><p>You try and take the light further and further away, but slowly the light becomes fainter and fainter. The life source is too far away. Upon realising this, you continue towards the sculpture once more, and when you touch it for a second time, the light absorbs back into the sculpture. The transference of imagery from the sculpture to the individual exposes, in an almost vulnerable way, the connection we have with the environment surrounding us.</p><p><em>This project is a collaboration between students and alumni of the Master of Interaction Design and Electronic Arts. This program prepares students to be leaders in interactive technologies and to produce commercially viable products and services. Combined with the aesthetic and design sensibilities of our Faculty, the Interaction Design program equips graduates for the technologies of tomorrow.</em></p>', NULL, NULL, NULL, '', '', '', '', '', '', '', '​Temporalas makes use of the latest interactive technologies of top down projection mapping, cutting edge hand tracking and spatial movement tracking technologies developed by our team. It encourages individual’s exploration of their relationship with the surrounding environment.', NULL, '', NULL, '', '', NULL, 'Computational Design', '', NULL, '2013-10-24 03:50:23', '2013-10-24 03:50:23', 'a217c2bb-5b9d-412a-9e2f-145a6d87f60f');
INSERT INTO `craft_content` (`id`, `elementId`, `locale`, `title`, `heading`, `body`, `course`, `unit`, `yearFinishing`, `userProfile`, `evaluation`, `grounding`, `mockups`, `prototypes`, `sketching`, `presentation`, `projectDescription`, `schedule`, `designBrief`, `dueDate`, `submissionDetails`, `submissionResources`, `interactionDesignAssignmentNumber`, `researchArea`, `publicationAbstract`, `researchAbout`, `dateCreated`, `dateUpdated`, `uid`) VALUES ('59', '74', 'en_us', 'chroma3', NULL, '', NULL, NULL, NULL, '', '', '', '', '', '', '', NULL, NULL, '', NULL, '', '', NULL, NULL, '', NULL, '2013-10-24 03:51:04', '2013-10-24 03:51:04', 'fe0d47cc-4fe5-4c76-90ed-5ac5f5d141fa');
INSERT INTO `craft_content` (`id`, `elementId`, `locale`, `title`, `heading`, `body`, `course`, `unit`, `yearFinishing`, `userProfile`, `evaluation`, `grounding`, `mockups`, `prototypes`, `sketching`, `presentation`, `projectDescription`, `schedule`, `designBrief`, `dueDate`, `submissionDetails`, `submissionResources`, `interactionDesignAssignmentNumber`, `researchArea`, `publicationAbstract`, `researchAbout`, `dateCreated`, `dateUpdated`, `uid`) VALUES ('60', '75', 'en_us', 'Chromapollination', NULL, '<p>Chromapollination is a centerpiece installation for Vivid 2012. Students from the Master of Design Science (Illumination Design) and the Master of Interaction Design and Electronic Arts at the University of Sydney have combined to conceive an engaging and playful lighting installation.</p><p>Work is feverishly underway on finalizing the installation before Lights On (Thursday 25 May). The Wilkinson Building, home to the Faculty of Architecture, Design and Planning, is buzzing with students programming LEDs, negotiating with sponsors and festival organisers and tweaking their designs.</p><p>Chromapollination is an interactive light sculpture that will reclaim a neglected urban space in Sydney’s CBD and transform that space into a playful and inviting city organism. Sprawling from cracks in the concrete, giant glowing dandelions will project colour and motion onto and around passersby and festival participants.</p><p>The dandelions react to their environment – passersby generate a digital wind that gently caresses the tops of the flowers. As force builds, the ‘seeds’ break off, mimicking a real dandelion.</p><p>The seeds are created by the glowing bulbs of energy-efficient LEDs of the same colour as their parent dandelion. As the seeds mix, they cross-pollinate the dandelions, germinating into new colours derived from the seeds that have landed on that dandelion.</p><p>VIVID transfigures Sydney’s urban environment into an evocative and wondrous playground immersed in lights, music and inspiring ideas. Each night, from 25 May – 11 June, Sydney’s lit wonderland radiates from the Sydney Opera House all the way to Dawes Point and Walsh Bay. More details can be found www.vividsydney.com</p>', NULL, NULL, NULL, '', '', '', '', '', '', '', '​Chromapollination is a centerpiece installation for Vivid 2012. Students from the Master of Design Science (Illumination Design) and the Master of Interaction Design and Electronic Arts at the University of Sydney have combined to conceive an engaging and playful lighting installation.', NULL, '', NULL, '', '', NULL, 'Computational Design', '', NULL, '2013-10-24 03:51:16', '2013-10-24 03:51:16', '96fe989c-cf96-4599-9ded-09173c228f07');
INSERT INTO `craft_content` (`id`, `elementId`, `locale`, `title`, `heading`, `body`, `course`, `unit`, `yearFinishing`, `userProfile`, `evaluation`, `grounding`, `mockups`, `prototypes`, `sketching`, `presentation`, `projectDescription`, `schedule`, `designBrief`, `dueDate`, `submissionDetails`, `submissionResources`, `interactionDesignAssignmentNumber`, `researchArea`, `publicationAbstract`, `researchAbout`, `dateCreated`, `dateUpdated`, `uid`) VALUES ('61', '76', 'en_us', 'droplet', NULL, '', NULL, NULL, NULL, '', '', '', '', '', '', '', NULL, NULL, '', NULL, '', '', NULL, NULL, '', NULL, '2013-10-24 04:03:03', '2013-10-24 04:03:03', '40c2ea36-1aa6-4550-9837-140ed6ebc199');
INSERT INTO `craft_content` (`id`, `elementId`, `locale`, `title`, `heading`, `body`, `course`, `unit`, `yearFinishing`, `userProfile`, `evaluation`, `grounding`, `mockups`, `prototypes`, `sketching`, `presentation`, `projectDescription`, `schedule`, `designBrief`, `dueDate`, `submissionDetails`, `submissionResources`, `interactionDesignAssignmentNumber`, `researchArea`, `publicationAbstract`, `researchAbout`, `dateCreated`, `dateUpdated`, `uid`) VALUES ('62', '77', 'en_us', 'Water Droplet', NULL, '<p>Destiny Paris is the Klaus Engelhard Scholarship in Illumination Design recipient for the Master of Design Science (Illumination Design). In this, her second year, she and employer Aurecon have collaborated to produce a breathtaking installation for Vivid Sydney this year.</p><p>Destiny says that idea came to her at Christmas. She moved to Sydney from South Australia last year to start her studies with the Faculty of Architecture, Design and Planning. Inspired by Vivid 2011, she knew she wanted to be a part of the largest lighting design festival in the southern hemisphere.</p><p>“To be a part of Vivid – to be a part of something so incredible on an international level – that’s a beautiful experience. To be a part of that atmosphere is just gorgeous,” she says.</p><p>Water Droplet is a two-storey high fountain stretched into the shape of a water drop. The fountain exudes a calming blue light and shrouds large cylinders hidden inside. With the backdrop of the harbour, festival visitors can sit inside the giant fountain. Atmospheric sounds of thunderstorms and waterfalls produces a soundtrack that is complemented by the sounds of wind chimes. Visitors use a small hammer to ring the chime that causes the sounds to change and the vibrant colours of the cylinders to shift, pouring colour down and over those inside the sculpture.</p><p>It’s an impressive feat of engineering and lighting design. Destiny had to work closely with structural, acoustic and visual engineers and designers to make it a reality.</p><p>“The idea was to incorporate the water of the harbour into a lighting installation. I based the design around a poem that accompanies the sculpture:</p><p>“Water is pure, elemental<br>A fundamental building block<br>Suspended in a single droplet<br>Stirs an activity of beauty and life.”</p><p>Destiny says that turning her artistic and creative vision into a physical sculpture was much harder than anticipated.</p><p>“The biggest challenge was definitely the structural engineering. We had to consider wind loads and the structural integrity of what is clearly a unique structure</p><p>“Another challenge was the audio-visual engineering. One of our engineers had to turn his house into a workshop in order to experiment with the trigger sensors that provide the sound effects.”</p><p>Destiny says that sponsors are the key to a successful Vivid installation. She singles out her company, Aurecon and lighting supplier 3S Lighting as especially deserving of praise.</p><p>“Sponsors are the key to Vivid. They have shown incredible generosity, working around the clock both on site and in their factories to help create and then physically build this installation”</p>', NULL, NULL, NULL, '', '', '', '', '', '', '', 'Water Droplet is a two-storey high fountain stretched into the shape of a water drop. The fountain exudes a calming blue light and shrouds large cylinders hidden inside. With the backdrop of the harbour, festival visitors can sit inside the giant fountain. Atmospheric sounds of thunderstorms and waterfalls produces a soundtrack that is complemented by the sounds of wind chimes.', NULL, '', NULL, '', '', NULL, 'Computational Design', '', NULL, '2013-10-24 04:03:16', '2013-10-24 04:03:16', '83d39392-0061-42e2-9e0d-fe5138ab12f3');
INSERT INTO `craft_content` (`id`, `elementId`, `locale`, `title`, `heading`, `body`, `course`, `unit`, `yearFinishing`, `userProfile`, `evaluation`, `grounding`, `mockups`, `prototypes`, `sketching`, `presentation`, `projectDescription`, `schedule`, `designBrief`, `dueDate`, `submissionDetails`, `submissionResources`, `interactionDesignAssignmentNumber`, `researchArea`, `publicationAbstract`, `researchAbout`, `dateCreated`, `dateUpdated`, `uid`) VALUES ('63', '78', 'en_us', 'daniel-420x315', NULL, '', NULL, NULL, NULL, '', '', '', '', '', '', '', NULL, NULL, '', NULL, '', '', NULL, NULL, '', NULL, '2013-10-29 02:24:22', '2013-10-29 02:24:22', '65132780-6c60-45dc-adaf-99c6acd2534b');
INSERT INTO `craft_content` (`id`, `elementId`, `locale`, `title`, `heading`, `body`, `course`, `unit`, `yearFinishing`, `userProfile`, `evaluation`, `grounding`, `mockups`, `prototypes`, `sketching`, `presentation`, `projectDescription`, `schedule`, `designBrief`, `dueDate`, `submissionDetails`, `submissionResources`, `interactionDesignAssignmentNumber`, `researchArea`, `publicationAbstract`, `researchAbout`, `dateCreated`, `dateUpdated`, `uid`) VALUES ('64', '38', 'en_us', NULL, NULL, '', 'IDEA', NULL, NULL, '', '', '', '', '', '', '', NULL, NULL, '', NULL, '', '', NULL, NULL, '', NULL, '2013-10-29 02:24:26', '2013-10-29 02:24:26', '12860644-2462-4fb9-8f14-beaf9880e535');



--
-- Schema for table `craft_elements`
--

DROP TABLE IF EXISTS `craft_elements`;

CREATE TABLE `craft_elements` (
  `id` int(11) NOT NULL AUTO_INCREMENT,
  `type` char(150) COLLATE utf8_unicode_ci NOT NULL,
  `enabled` tinyint(1) unsigned NOT NULL DEFAULT '1',
  `archived` tinyint(1) unsigned NOT NULL DEFAULT '0',
  `dateCreated` datetime NOT NULL,
  `dateUpdated` datetime NOT NULL,
  `uid` char(36) COLLATE utf8_unicode_ci NOT NULL DEFAULT '0',
  PRIMARY KEY (`id`),
  KEY `craft_elements_type_idx` (`type`),
  KEY `craft_elements_enabled_idx` (`enabled`),
  KEY `craft_elements_archived_idx` (`archived`)
) ENGINE=InnoDB AUTO_INCREMENT=81 DEFAULT CHARSET=utf8 COLLATE=utf8_unicode_ci;

--
-- Data for table `craft_elements`
--

INSERT INTO `craft_elements` (`id`, `type`, `enabled`, `archived`, `dateCreated`, `dateUpdated`, `uid`) VALUES ('1', 'User', '1', '0', '2013-10-11 04:49:08', '2013-10-11 04:49:08', '3e2db410-796d-457b-b5eb-4749464fe79b');
INSERT INTO `craft_elements` (`id`, `type`, `enabled`, `archived`, `dateCreated`, `dateUpdated`, `uid`) VALUES ('2', 'Entry', '1', '0', '2013-10-11 04:49:09', '2013-10-11 04:49:09', '3029738b-cc32-42af-9781-7000170ba7cf');
INSERT INTO `craft_elements` (`id`, `type`, `enabled`, `archived`, `dateCreated`, `dateUpdated`, `uid`) VALUES ('4', 'Entry', '1', '0', '2013-10-13 05:14:22', '2013-10-14 06:05:57', '1071610a-2ec5-4f37-bc68-ed1f7b27a1ec');
INSERT INTO `craft_elements` (`id`, `type`, `enabled`, `archived`, `dateCreated`, `dateUpdated`, `uid`) VALUES ('7', 'User', '1', '0', '2013-10-13 05:49:13', '2013-10-13 05:49:13', '137935e9-dccd-4314-9047-81779978bb9a');
INSERT INTO `craft_elements` (`id`, `type`, `enabled`, `archived`, `dateCreated`, `dateUpdated`, `uid`) VALUES ('15', 'Tag', '1', '0', '2013-10-13 07:03:40', '2013-10-13 07:03:40', '9bfc8d25-6ffe-4c78-b299-d9d4cd7026cc');
INSERT INTO `craft_elements` (`id`, `type`, `enabled`, `archived`, `dateCreated`, `dateUpdated`, `uid`) VALUES ('16', 'Tag', '1', '0', '2013-10-13 07:03:40', '2013-10-13 07:03:40', '15268882-a6bb-40c4-bb1c-949c4e3310cc');
INSERT INTO `craft_elements` (`id`, `type`, `enabled`, `archived`, `dateCreated`, `dateUpdated`, `uid`) VALUES ('17', 'Entry', '1', '0', '2013-10-13 07:50:28', '2013-10-21 02:28:21', '91655080-77c2-4942-9d6a-02025eadbf8b');
INSERT INTO `craft_elements` (`id`, `type`, `enabled`, `archived`, `dateCreated`, `dateUpdated`, `uid`) VALUES ('18', 'Tag', '1', '0', '2013-10-13 07:50:28', '2013-10-13 07:50:28', 'a80e6224-0fbc-4114-b65b-9e91d73c1b44');
INSERT INTO `craft_elements` (`id`, `type`, `enabled`, `archived`, `dateCreated`, `dateUpdated`, `uid`) VALUES ('23', 'User', '1', '0', '2013-10-13 10:45:12', '2013-10-13 10:45:12', '8c4b643e-02cb-441c-aa06-00f3f6f70d88');
INSERT INTO `craft_elements` (`id`, `type`, `enabled`, `archived`, `dateCreated`, `dateUpdated`, `uid`) VALUES ('25', 'Entry', '1', '0', '2013-10-13 11:14:44', '2013-10-21 06:27:18', '4aa604fc-d7b7-431e-8ee8-e614ebf0d14a');
INSERT INTO `craft_elements` (`id`, `type`, `enabled`, `archived`, `dateCreated`, `dateUpdated`, `uid`) VALUES ('26', 'Entry', '1', '0', '2013-10-13 11:31:01', '2013-10-21 05:13:58', '422cab0f-f419-4979-877c-eb72de9dfe0a');
INSERT INTO `craft_elements` (`id`, `type`, `enabled`, `archived`, `dateCreated`, `dateUpdated`, `uid`) VALUES ('27', 'Tag', '1', '0', '2013-10-13 11:31:01', '2013-10-13 11:31:01', '94b9fb6b-93df-4f45-b326-1a97179d4fdc');
INSERT INTO `craft_elements` (`id`, `type`, `enabled`, `archived`, `dateCreated`, `dateUpdated`, `uid`) VALUES ('28', 'Tag', '1', '0', '2013-10-13 11:31:01', '2013-10-13 11:31:01', '527131ac-e163-4f33-9149-c24ab05afa78');
INSERT INTO `craft_elements` (`id`, `type`, `enabled`, `archived`, `dateCreated`, `dateUpdated`, `uid`) VALUES ('29', 'Tag', '1', '0', '2013-10-13 11:31:01', '2013-10-13 11:31:01', '774a2a00-9bfc-4f5f-a45a-d4e127c648bb');
INSERT INTO `craft_elements` (`id`, `type`, `enabled`, `archived`, `dateCreated`, `dateUpdated`, `uid`) VALUES ('32', 'Entry', '1', '0', '2013-10-14 02:42:43', '2013-10-16 04:06:17', '43c6df03-6c0e-47a6-893d-c75c59449598');
INSERT INTO `craft_elements` (`id`, `type`, `enabled`, `archived`, `dateCreated`, `dateUpdated`, `uid`) VALUES ('33', 'Tag', '1', '0', '2013-10-14 02:42:43', '2013-10-14 02:42:43', 'b82c49b3-f1b8-4e43-9665-6512cc4afbc1');
INSERT INTO `craft_elements` (`id`, `type`, `enabled`, `archived`, `dateCreated`, `dateUpdated`, `uid`) VALUES ('34', 'Tag', '1', '0', '2013-10-14 02:42:43', '2013-10-14 02:42:43', '3f70189e-edd0-4978-bd88-c28efe67cda2');
INSERT INTO `craft_elements` (`id`, `type`, `enabled`, `archived`, `dateCreated`, `dateUpdated`, `uid`) VALUES ('35', 'Tag', '1', '0', '2013-10-14 02:42:43', '2013-10-14 02:42:43', '5f508156-3eeb-460b-b5f2-7af2f1a49c57');
INSERT INTO `craft_elements` (`id`, `type`, `enabled`, `archived`, `dateCreated`, `dateUpdated`, `uid`) VALUES ('38', 'User', '1', '0', '2013-10-14 04:46:50', '2013-10-14 04:46:50', 'd9b155f6-15a6-4a6a-aa8e-f1b3f0c10edb');
INSERT INTO `craft_elements` (`id`, `type`, `enabled`, `archived`, `dateCreated`, `dateUpdated`, `uid`) VALUES ('39', 'Entry', '1', '0', '2013-10-14 06:04:38', '2013-10-16 03:56:31', 'f50a19f8-d76e-4887-b700-6e61d28067b1');
INSERT INTO `craft_elements` (`id`, `type`, `enabled`, `archived`, `dateCreated`, `dateUpdated`, `uid`) VALUES ('40', 'Tag', '1', '0', '2013-10-14 06:04:38', '2013-10-14 06:04:38', 'dd1298e2-9322-4ca4-b79b-a0a27b7ae60e');
INSERT INTO `craft_elements` (`id`, `type`, `enabled`, `archived`, `dateCreated`, `dateUpdated`, `uid`) VALUES ('41', 'Entry', '1', '0', '2013-10-14 06:14:08', '2013-10-16 03:57:30', '710329d1-387d-455a-baac-3160db7ef6c4');
INSERT INTO `craft_elements` (`id`, `type`, `enabled`, `archived`, `dateCreated`, `dateUpdated`, `uid`) VALUES ('42', 'Asset', '1', '0', '2013-10-16 03:56:27', '2013-10-16 03:56:27', '4cbc72b5-e8ba-4af5-ba58-0899f9d8536e');
INSERT INTO `craft_elements` (`id`, `type`, `enabled`, `archived`, `dateCreated`, `dateUpdated`, `uid`) VALUES ('43', 'Asset', '1', '0', '2013-10-16 03:57:25', '2013-10-16 03:57:25', '737ee503-af2e-4dea-a724-3a0d945a2deb');
INSERT INTO `craft_elements` (`id`, `type`, `enabled`, `archived`, `dateCreated`, `dateUpdated`, `uid`) VALUES ('44', 'Asset', '1', '0', '2013-10-16 04:05:33', '2013-10-16 04:05:33', '47b872b8-11dd-4fa5-b308-44f9c1f9192b');
INSERT INTO `craft_elements` (`id`, `type`, `enabled`, `archived`, `dateCreated`, `dateUpdated`, `uid`) VALUES ('45', 'Asset', '1', '0', '2013-10-16 04:06:12', '2013-10-16 04:06:12', 'cb7cd961-f5dd-454d-915a-21e80dd4ecab');
INSERT INTO `craft_elements` (`id`, `type`, `enabled`, `archived`, `dateCreated`, `dateUpdated`, `uid`) VALUES ('46', 'Asset', '1', '0', '2013-10-16 04:43:34', '2013-10-16 04:43:34', 'a247a5b1-d3f4-4615-b24c-353cd3bbdcd3');
INSERT INTO `craft_elements` (`id`, `type`, `enabled`, `archived`, `dateCreated`, `dateUpdated`, `uid`) VALUES ('47', 'Asset', '1', '0', '2013-10-16 04:43:58', '2013-10-16 04:43:58', '4253ec17-a12d-44bb-a4ed-c58d3073a0bd');
INSERT INTO `craft_elements` (`id`, `type`, `enabled`, `archived`, `dateCreated`, `dateUpdated`, `uid`) VALUES ('48', 'Entry', '1', '0', '2013-10-21 01:40:47', '2013-10-21 01:40:47', 'd676a063-78cc-49f1-83cc-cea362ae5257');
INSERT INTO `craft_elements` (`id`, `type`, `enabled`, `archived`, `dateCreated`, `dateUpdated`, `uid`) VALUES ('49', 'Asset', '1', '0', '2013-10-21 02:11:05', '2013-10-21 02:11:05', 'a4bad3d5-5d45-4616-8d7b-d45812b50a01');
INSERT INTO `craft_elements` (`id`, `type`, `enabled`, `archived`, `dateCreated`, `dateUpdated`, `uid`) VALUES ('50', 'Entry', '1', '0', '2013-10-21 02:11:10', '2013-10-21 02:11:10', 'd0bb9a2a-ca2c-4b0e-8053-9b1bb577f8ce');
INSERT INTO `craft_elements` (`id`, `type`, `enabled`, `archived`, `dateCreated`, `dateUpdated`, `uid`) VALUES ('51', 'Asset', '1', '0', '2013-10-21 03:04:48', '2013-10-21 03:04:48', '59e6b376-9b65-4bc2-92cf-06e3dd27725e');
INSERT INTO `craft_elements` (`id`, `type`, `enabled`, `archived`, `dateCreated`, `dateUpdated`, `uid`) VALUES ('52', 'Entry', '1', '0', '2013-10-21 03:05:23', '2013-10-21 03:05:23', '6232117e-bc9a-43ce-8859-71c16cb1a996');
INSERT INTO `craft_elements` (`id`, `type`, `enabled`, `archived`, `dateCreated`, `dateUpdated`, `uid`) VALUES ('53', 'Asset', '1', '0', '2013-10-21 03:09:56', '2013-10-21 03:09:56', 'cf0281b5-4902-4aae-b16e-ebfff74f1129');
INSERT INTO `craft_elements` (`id`, `type`, `enabled`, `archived`, `dateCreated`, `dateUpdated`, `uid`) VALUES ('54', 'Entry', '1', '0', '2013-10-21 03:10:00', '2013-10-21 06:43:37', '5fb8e8e5-797b-4fa4-8ad7-1ca460fe24fd');
INSERT INTO `craft_elements` (`id`, `type`, `enabled`, `archived`, `dateCreated`, `dateUpdated`, `uid`) VALUES ('55', 'Entry', '1', '0', '2013-10-21 03:48:28', '2013-10-21 04:06:27', 'a87afaab-e0d1-4a48-b196-374907fe90be');
INSERT INTO `craft_elements` (`id`, `type`, `enabled`, `archived`, `dateCreated`, `dateUpdated`, `uid`) VALUES ('56', 'Asset', '1', '0', '2013-10-21 06:31:34', '2013-10-21 06:31:34', '56d4f6a2-25b5-49d2-b4d1-d1c9ab519800');
INSERT INTO `craft_elements` (`id`, `type`, `enabled`, `archived`, `dateCreated`, `dateUpdated`, `uid`) VALUES ('57', 'Entry', '1', '0', '2013-10-22 03:29:33', '2013-10-22 03:29:33', '757b0bea-e851-4111-82ea-5fb9c382ff4c');
INSERT INTO `craft_elements` (`id`, `type`, `enabled`, `archived`, `dateCreated`, `dateUpdated`, `uid`) VALUES ('58', 'User', '1', '0', '2013-10-22 04:22:12', '2013-10-22 04:22:12', 'ce4d0b83-6f12-44be-af54-a87d2a1cfa91');
INSERT INTO `craft_elements` (`id`, `type`, `enabled`, `archived`, `dateCreated`, `dateUpdated`, `uid`) VALUES ('59', 'Asset', '1', '0', '2013-10-23 00:42:40', '2013-10-23 00:42:40', 'e4266c63-62ee-4830-a62d-b1be406e712f');
INSERT INTO `craft_elements` (`id`, `type`, `enabled`, `archived`, `dateCreated`, `dateUpdated`, `uid`) VALUES ('60', 'Asset', '1', '0', '2013-10-23 00:43:33', '2013-10-23 00:43:33', 'db6df99d-f41e-4ead-a2fd-df563542015f');
INSERT INTO `craft_elements` (`id`, `type`, `enabled`, `archived`, `dateCreated`, `dateUpdated`, `uid`) VALUES ('61', 'Entry', '1', '0', '2013-10-23 00:44:13', '2013-10-23 02:32:38', 'e8ea9062-b851-4700-ac15-cf9cc340286a');
INSERT INTO `craft_elements` (`id`, `type`, `enabled`, `archived`, `dateCreated`, `dateUpdated`, `uid`) VALUES ('62', 'Asset', '1', '0', '2013-10-23 01:17:00', '2013-10-23 01:17:00', '0b5393db-4aa2-43e7-91ad-c39cb40db3fb');
INSERT INTO `craft_elements` (`id`, `type`, `enabled`, `archived`, `dateCreated`, `dateUpdated`, `uid`) VALUES ('63', 'Entry', '1', '0', '2013-10-23 01:17:06', '2013-10-23 01:17:40', 'd08e4fd3-64c7-499c-86d1-31e932b3d2a0');
INSERT INTO `craft_elements` (`id`, `type`, `enabled`, `archived`, `dateCreated`, `dateUpdated`, `uid`) VALUES ('64', 'Tag', '1', '0', '2013-10-23 02:35:43', '2013-10-23 02:35:43', '3467f357-12c8-4812-934d-823e33982dfe');
INSERT INTO `craft_elements` (`id`, `type`, `enabled`, `archived`, `dateCreated`, `dateUpdated`, `uid`) VALUES ('65', 'Asset', '1', '0', '2013-10-23 02:39:57', '2013-10-23 02:39:57', 'b4f2703e-5acd-48ea-ad79-4c126bc87ea3');
INSERT INTO `craft_elements` (`id`, `type`, `enabled`, `archived`, `dateCreated`, `dateUpdated`, `uid`) VALUES ('66', 'Entry', '1', '0', '2013-10-23 02:44:08', '2013-10-23 02:44:08', 'c98231ab-f25d-4e74-aeb5-76468c137c0e');
INSERT INTO `craft_elements` (`id`, `type`, `enabled`, `archived`, `dateCreated`, `dateUpdated`, `uid`) VALUES ('67', 'User', '1', '0', '2013-10-23 02:57:39', '2013-10-23 02:57:39', '5a71e35f-c887-423a-a135-258612c173a1');
INSERT INTO `craft_elements` (`id`, `type`, `enabled`, `archived`, `dateCreated`, `dateUpdated`, `uid`) VALUES ('68', 'Asset', '1', '0', '2013-10-23 02:58:29', '2013-10-23 02:58:29', '4efb1ebe-b216-4ed1-9b7f-d1df16ef6c58');
INSERT INTO `craft_elements` (`id`, `type`, `enabled`, `archived`, `dateCreated`, `dateUpdated`, `uid`) VALUES ('69', 'Asset', '1', '0', '2013-10-24 03:48:03', '2013-10-24 03:48:03', '926c65ba-cb8a-434b-b3d2-fed93488352b');
INSERT INTO `craft_elements` (`id`, `type`, `enabled`, `archived`, `dateCreated`, `dateUpdated`, `uid`) VALUES ('70', 'Entry', '1', '0', '2013-10-24 03:48:34', '2013-10-24 03:48:34', '2dbe0da1-bd6e-4c27-81bc-3688c46be537');
INSERT INTO `craft_elements` (`id`, `type`, `enabled`, `archived`, `dateCreated`, `dateUpdated`, `uid`) VALUES ('71', 'Tag', '1', '0', '2013-10-24 03:48:34', '2013-10-24 03:48:34', '2c30713c-3ce1-4cf0-94a9-b493d1509f85');
INSERT INTO `craft_elements` (`id`, `type`, `enabled`, `archived`, `dateCreated`, `dateUpdated`, `uid`) VALUES ('72', 'Asset', '1', '0', '2013-10-24 03:50:09', '2013-10-24 03:50:09', 'c17967fc-83f5-45f7-a2f9-ae71d8a6dffc');
INSERT INTO `craft_elements` (`id`, `type`, `enabled`, `archived`, `dateCreated`, `dateUpdated`, `uid`) VALUES ('73', 'Entry', '1', '0', '2013-10-24 03:50:23', '2013-10-24 03:50:23', 'da6b5f52-33af-4d63-b509-b472e6486531');
INSERT INTO `craft_elements` (`id`, `type`, `enabled`, `archived`, `dateCreated`, `dateUpdated`, `uid`) VALUES ('74', 'Asset', '1', '0', '2013-10-24 03:51:04', '2013-10-24 03:51:04', 'e6fa8675-d667-4205-9e1b-bbb72488bbc2');
INSERT INTO `craft_elements` (`id`, `type`, `enabled`, `archived`, `dateCreated`, `dateUpdated`, `uid`) VALUES ('75', 'Entry', '1', '0', '2013-10-24 03:51:16', '2013-10-24 03:51:16', '218a6880-7321-4244-8dd1-c5c7b1a8f1df');
INSERT INTO `craft_elements` (`id`, `type`, `enabled`, `archived`, `dateCreated`, `dateUpdated`, `uid`) VALUES ('76', 'Asset', '1', '0', '2013-10-24 04:03:03', '2013-10-24 04:03:03', '71890ffc-ae52-465e-bd4d-1d0c4d857010');
INSERT INTO `craft_elements` (`id`, `type`, `enabled`, `archived`, `dateCreated`, `dateUpdated`, `uid`) VALUES ('77', 'Entry', '1', '0', '2013-10-24 04:03:16', '2013-10-24 04:03:16', '94eb5ee4-ec6d-4f1e-8b92-9ba90e0dca63');
INSERT INTO `craft_elements` (`id`, `type`, `enabled`, `archived`, `dateCreated`, `dateUpdated`, `uid`) VALUES ('78', 'Asset', '1', '0', '2013-10-29 02:24:21', '2013-10-29 02:24:21', 'e2414f3c-e001-4519-a026-f337af7c96b7');
INSERT INTO `craft_elements` (`id`, `type`, `enabled`, `archived`, `dateCreated`, `dateUpdated`, `uid`) VALUES ('79', 'Tag', '1', '0', '2013-10-29 04:34:51', '2013-10-29 04:34:51', '1b1cbbf9-3a55-4225-b7aa-f140578b710c');
INSERT INTO `craft_elements` (`id`, `type`, `enabled`, `archived`, `dateCreated`, `dateUpdated`, `uid`) VALUES ('80', 'Tag', '1', '0', '2013-10-29 04:34:51', '2013-10-29 04:34:51', '883ff477-27ca-4c53-90b2-44019eddedd8');



--
-- Schema for table `craft_elements_i18n`
--

DROP TABLE IF EXISTS `craft_elements_i18n`;

CREATE TABLE `craft_elements_i18n` (
  `id` int(11) NOT NULL AUTO_INCREMENT,
  `elementId` int(11) NOT NULL,
  `locale` char(12) COLLATE utf8_unicode_ci NOT NULL,
  `uri` varchar(255) COLLATE utf8_unicode_ci DEFAULT NULL,
  `dateCreated` datetime NOT NULL,
  `dateUpdated` datetime NOT NULL,
  `uid` char(36) COLLATE utf8_unicode_ci NOT NULL DEFAULT '0',
  PRIMARY KEY (`id`),
  UNIQUE KEY `craft_elements_i18n_elementId_locale_unq_idx` (`elementId`,`locale`),
  UNIQUE KEY `craft_elements_i18n_uri_locale_unq_idx` (`uri`,`locale`),
  KEY `craft_elements_i18n_locale_fk` (`locale`)
) ENGINE=InnoDB AUTO_INCREMENT=28 DEFAULT CHARSET=utf8 COLLATE=utf8_unicode_ci;

--
-- Data for table `craft_elements_i18n`
--

INSERT INTO `craft_elements_i18n` (`id`, `elementId`, `locale`, `uri`, `dateCreated`, `dateUpdated`, `uid`) VALUES ('1', '2', 'en_us', '__home__', '2013-10-11 04:49:09', '2013-10-11 04:49:09', '7ee9b0c0-c507-4854-acc0-3e819c81b021');
INSERT INTO `craft_elements_i18n` (`id`, `elementId`, `locale`, `uri`, `dateCreated`, `dateUpdated`, `uid`) VALUES ('3', '4', 'en_us', 'design-lab/2013/design-lab-featured-content', '2013-10-13 05:14:22', '2013-10-14 06:05:57', 'eead9cfb-4de4-4271-ad17-41578ec69924');
INSERT INTO `craft_elements_i18n` (`id`, `elementId`, `locale`, `uri`, `dateCreated`, `dateUpdated`, `uid`) VALUES ('8', '17', 'en_us', 'interaction-design/news/interaction-design-item', '2013-10-13 07:50:28', '2013-10-21 02:28:21', '3e456ffd-9ddf-4725-b90b-f25feb289bd6');
INSERT INTO `craft_elements_i18n` (`id`, `elementId`, `locale`, `uri`, `dateCreated`, `dateUpdated`, `uid`) VALUES ('10', '25', 'en_us', 'interaction-design/assignment/interaction-design-assignment-submission', '2013-10-13 11:14:44', '2013-10-21 06:27:18', '04633353-6f64-4090-9fbe-c3110fe9a566');
INSERT INTO `craft_elements_i18n` (`id`, `elementId`, `locale`, `uri`, `dateCreated`, `dateUpdated`, `uid`) VALUES ('11', '26', 'en_us', 'interaction-design/assignments/assignment-1', '2013-10-13 11:31:01', '2013-10-21 05:13:58', 'ac5ef9d5-8101-426f-bef2-a109348e2acf');
INSERT INTO `craft_elements_i18n` (`id`, `elementId`, `locale`, `uri`, `dateCreated`, `dateUpdated`, `uid`) VALUES ('12', '32', 'en_us', 'project/2013/little-boxes', '2013-10-14 02:42:43', '2013-10-16 04:06:17', 'b7cc9bd0-3e18-4301-a2f6-ae03cfc5238c');
INSERT INTO `craft_elements_i18n` (`id`, `elementId`, `locale`, `uri`, `dateCreated`, `dateUpdated`, `uid`) VALUES ('13', '39', 'en_us', 'design-lab/2013/design-lab-news', '2013-10-14 06:04:38', '2013-10-16 03:56:31', '92fcf556-7f8c-44ce-9f2d-90c6d8276ea8');
INSERT INTO `craft_elements_i18n` (`id`, `elementId`, `locale`, `uri`, `dateCreated`, `dateUpdated`, `uid`) VALUES ('14', '41', 'en_us', 'design-computing/2013/hello', '2013-10-14 06:14:08', '2013-10-16 03:57:30', '869725ab-cfee-432f-becd-20ede0455a45');
INSERT INTO `craft_elements_i18n` (`id`, `elementId`, `locale`, `uri`, `dateCreated`, `dateUpdated`, `uid`) VALUES ('15', '48', 'en_us', 'design-computing/2013/featured-projects', '2013-10-21 01:40:47', '2013-10-21 01:40:47', '4724d952-fec0-4215-ac24-f4e3ef396249');
INSERT INTO `craft_elements_i18n` (`id`, `elementId`, `locale`, `uri`, `dateCreated`, `dateUpdated`, `uid`) VALUES ('16', '50', 'en_us', 'design-computing/2013/digital-innovation-prize-winners', '2013-10-21 02:11:10', '2013-10-21 02:11:10', 'ed64ae65-0e81-4ae8-8ed6-c3bc865023b4');
INSERT INTO `craft_elements_i18n` (`id`, `elementId`, `locale`, `uri`, `dateCreated`, `dateUpdated`, `uid`) VALUES ('17', '52', 'en_us', 'design-computing/2013/ecologies-of-invention', '2013-10-21 03:05:23', '2013-10-21 03:05:23', '9ae05e41-ab19-4b5b-8fd3-d770fbab7643');
INSERT INTO `craft_elements_i18n` (`id`, `elementId`, `locale`, `uri`, `dateCreated`, `dateUpdated`, `uid`) VALUES ('18', '54', 'en_us', 'design-computing/2013/design-lab-research-presented-at-ozchi-conference', '2013-10-21 03:10:00', '2013-10-21 06:43:37', '628bc19b-cc25-45e5-abe4-7cf64a00506d');
INSERT INTO `craft_elements_i18n` (`id`, `elementId`, `locale`, `uri`, `dateCreated`, `dateUpdated`, `uid`) VALUES ('19', '55', 'en_us', 'interaction-design/schedule/schedule-2012', '2013-10-21 03:48:28', '2013-10-21 04:06:27', '8d2d9b15-db77-4ee6-b95c-9122cb7da24f');
INSERT INTO `craft_elements_i18n` (`id`, `elementId`, `locale`, `uri`, `dateCreated`, `dateUpdated`, `uid`) VALUES ('20', '57', 'en_us', 'interaction-design/assignment/assignment', '2013-10-22 03:29:33', '2013-10-22 03:29:33', 'afe0af8e-f1f5-4924-9aaa-1e82b8674982');
INSERT INTO `craft_elements_i18n` (`id`, `elementId`, `locale`, `uri`, `dateCreated`, `dateUpdated`, `uid`) VALUES ('21', '61', 'en_us', NULL, '2013-10-23 00:44:13', '2013-10-23 02:32:38', '52f88921-6fc2-4f48-bcbe-1f53dc3e4391');
INSERT INTO `craft_elements_i18n` (`id`, `elementId`, `locale`, `uri`, `dateCreated`, `dateUpdated`, `uid`) VALUES ('22', '63', 'en_us', 'publications/computationalDesign/enhancing-interactivity-at-an-interactive-public-information-display', '2013-10-23 01:17:06', '2013-10-23 01:17:40', 'da95b347-98d2-4009-b275-7edef7ef487b');
INSERT INTO `craft_elements_i18n` (`id`, `elementId`, `locale`, `uri`, `dateCreated`, `dateUpdated`, `uid`) VALUES ('23', '66', 'en_us', 'publications/computationalDesign/ubiqlog-a-generic-mobile-phone-based-life-log-framework.', '2013-10-23 02:44:08', '2013-10-23 02:44:08', '1b6783c4-f7e1-4532-af15-724fd31de2ed');
INSERT INTO `craft_elements_i18n` (`id`, `elementId`, `locale`, `uri`, `dateCreated`, `dateUpdated`, `uid`) VALUES ('24', '70', 'en_us', 'project/2013/solstice-lamp', '2013-10-24 03:48:34', '2013-10-24 03:48:34', '51830850-480d-43aa-a56e-f90a0b07add0');
INSERT INTO `craft_elements_i18n` (`id`, `elementId`, `locale`, `uri`, `dateCreated`, `dateUpdated`, `uid`) VALUES ('25', '73', 'en_us', 'project/2013/temporalas', '2013-10-24 03:50:23', '2013-10-24 03:50:23', 'ecc7dbed-e648-4423-8b5c-e8c11bb19d10');
INSERT INTO `craft_elements_i18n` (`id`, `elementId`, `locale`, `uri`, `dateCreated`, `dateUpdated`, `uid`) VALUES ('26', '75', 'en_us', 'project/2013/chromapollination', '2013-10-24 03:51:16', '2013-10-24 03:51:16', 'd76dd2b5-ba4d-48f5-a159-6137ebbedfaa');
INSERT INTO `craft_elements_i18n` (`id`, `elementId`, `locale`, `uri`, `dateCreated`, `dateUpdated`, `uid`) VALUES ('27', '77', 'en_us', 'project/2013/water-droplet', '2013-10-24 04:03:16', '2013-10-24 04:03:16', '8771903a-117f-4af5-9d73-01e0d077a3cf');



--
-- Schema for table `craft_emailmessages`
--

DROP TABLE IF EXISTS `craft_emailmessages`;

CREATE TABLE `craft_emailmessages` (
  `id` int(11) NOT NULL AUTO_INCREMENT,
  `key` char(150) COLLATE utf8_unicode_ci NOT NULL,
  `locale` char(12) COLLATE utf8_unicode_ci NOT NULL,
  `subject` varchar(1000) COLLATE utf8_unicode_ci NOT NULL,
  `body` text COLLATE utf8_unicode_ci NOT NULL,
  `dateCreated` datetime NOT NULL,
  `dateUpdated` datetime NOT NULL,
  `uid` char(36) COLLATE utf8_unicode_ci NOT NULL DEFAULT '0',
  PRIMARY KEY (`id`),
  UNIQUE KEY `craft_emailmessages_key_locale_unq_idx` (`key`,`locale`)
) ENGINE=InnoDB DEFAULT CHARSET=utf8 COLLATE=utf8_unicode_ci;

--
-- Schema for table `craft_entries`
--

DROP TABLE IF EXISTS `craft_entries`;

CREATE TABLE `craft_entries` (
  `id` int(11) NOT NULL,
  `sectionId` int(11) NOT NULL,
  `typeId` int(11) DEFAULT NULL,
  `authorId` int(11) DEFAULT NULL,
  `root` int(10) DEFAULT NULL,
  `lft` int(10) unsigned DEFAULT NULL,
  `rgt` int(10) unsigned DEFAULT NULL,
  `depth` smallint(6) unsigned DEFAULT NULL,
  `postDate` datetime DEFAULT NULL,
  `expiryDate` datetime DEFAULT NULL,
  `dateCreated` datetime NOT NULL,
  `dateUpdated` datetime NOT NULL,
  `uid` char(36) COLLATE utf8_unicode_ci NOT NULL DEFAULT '0',
  PRIMARY KEY (`id`),
  KEY `craft_entries_sectionId_idx` (`sectionId`),
  KEY `craft_entries_typeId_idx` (`typeId`),
  KEY `craft_entries_root_idx` (`root`),
  KEY `craft_entries_lft_idx` (`lft`),
  KEY `craft_entries_rgt_idx` (`rgt`),
  KEY `craft_entries_depth_idx` (`depth`),
  KEY `craft_entries_postDate_idx` (`postDate`),
  KEY `craft_entries_expiryDate_idx` (`expiryDate`),
  KEY `craft_entries_authorId_fk` (`authorId`)
) ENGINE=InnoDB DEFAULT CHARSET=utf8 COLLATE=utf8_unicode_ci;

--
-- Data for table `craft_entries`
--

INSERT INTO `craft_entries` (`id`, `sectionId`, `typeId`, `authorId`, `root`, `lft`, `rgt`, `depth`, `postDate`, `expiryDate`, `dateCreated`, `dateUpdated`, `uid`) VALUES ('2', '1', '1', NULL, NULL, NULL, NULL, NULL, '2013-10-11 04:49:09', NULL, '2013-10-11 04:49:09', '2013-10-11 04:49:09', 'ace71699-87cf-4534-abf4-6dcca7bc976f');
INSERT INTO `craft_entries` (`id`, `sectionId`, `typeId`, `authorId`, `root`, `lft`, `rgt`, `depth`, `postDate`, `expiryDate`, `dateCreated`, `dateUpdated`, `uid`) VALUES ('4', '3', '24', '1', NULL, NULL, NULL, NULL, '2013-10-13 05:14:00', NULL, '2013-10-13 05:14:22', '2013-10-14 06:05:57', '12c84e3d-6f5e-4c6d-8f6e-fcea7d59d5d3');
INSERT INTO `craft_entries` (`id`, `sectionId`, `typeId`, `authorId`, `root`, `lft`, `rgt`, `depth`, `postDate`, `expiryDate`, `dateCreated`, `dateUpdated`, `uid`) VALUES ('17', '10', '18', '1', NULL, NULL, NULL, NULL, '2013-10-13 07:50:00', NULL, '2013-10-13 07:50:28', '2013-10-21 02:28:21', '89077a84-7e09-4428-bc53-c2ffcc32ee64');
INSERT INTO `craft_entries` (`id`, `sectionId`, `typeId`, `authorId`, `root`, `lft`, `rgt`, `depth`, `postDate`, `expiryDate`, `dateCreated`, `dateUpdated`, `uid`) VALUES ('25', '9', '17', '1', NULL, NULL, NULL, NULL, '2013-10-13 11:14:00', NULL, '2013-10-13 11:14:44', '2013-10-21 06:27:18', '396053d5-025c-49b6-81c3-fc1a36d066ac');
INSERT INTO `craft_entries` (`id`, `sectionId`, `typeId`, `authorId`, `root`, `lft`, `rgt`, `depth`, `postDate`, `expiryDate`, `dateCreated`, `dateUpdated`, `uid`) VALUES ('26', '10', '19', '1', NULL, NULL, NULL, NULL, '2013-10-13 11:31:00', NULL, '2013-10-13 11:31:01', '2013-10-21 05:13:58', 'a0de48db-cc7c-4914-a53f-a178d2ca85c6');
INSERT INTO `craft_entries` (`id`, `sectionId`, `typeId`, `authorId`, `root`, `lft`, `rgt`, `depth`, `postDate`, `expiryDate`, `dateCreated`, `dateUpdated`, `uid`) VALUES ('32', '7', '12', '1', NULL, NULL, NULL, NULL, '2013-10-14 02:42:00', NULL, '2013-10-14 02:42:43', '2013-10-16 04:06:17', '798953b2-6541-4cdc-b89d-7cc6741e1ab2');
INSERT INTO `craft_entries` (`id`, `sectionId`, `typeId`, `authorId`, `root`, `lft`, `rgt`, `depth`, `postDate`, `expiryDate`, `dateCreated`, `dateUpdated`, `uid`) VALUES ('39', '3', '3', '1', NULL, NULL, NULL, NULL, '2013-10-14 06:04:00', NULL, '2013-10-14 06:04:38', '2013-10-16 03:56:31', 'cd7ab23e-44e3-4d12-ae81-09082453346f');
INSERT INTO `craft_entries` (`id`, `sectionId`, `typeId`, `authorId`, `root`, `lft`, `rgt`, `depth`, `postDate`, `expiryDate`, `dateCreated`, `dateUpdated`, `uid`) VALUES ('41', '11', '25', '1', NULL, NULL, NULL, NULL, '2013-10-14 06:14:00', NULL, '2013-10-14 06:14:08', '2013-10-16 03:57:30', '8ede4e05-bd51-45e9-bb66-3ceedc608648');
INSERT INTO `craft_entries` (`id`, `sectionId`, `typeId`, `authorId`, `root`, `lft`, `rgt`, `depth`, `postDate`, `expiryDate`, `dateCreated`, `dateUpdated`, `uid`) VALUES ('48', '11', '23', '1', NULL, NULL, NULL, NULL, '2013-10-21 01:40:47', NULL, '2013-10-21 01:40:47', '2013-10-21 01:40:47', 'e480037b-dd82-43eb-a36f-284b8b5f14d7');
INSERT INTO `craft_entries` (`id`, `sectionId`, `typeId`, `authorId`, `root`, `lft`, `rgt`, `depth`, `postDate`, `expiryDate`, `dateCreated`, `dateUpdated`, `uid`) VALUES ('50', '11', '25', '1', NULL, NULL, NULL, NULL, '2013-10-21 02:11:10', NULL, '2013-10-21 02:11:10', '2013-10-21 02:11:10', '0eea81a3-054e-4f10-9938-2000172d6375');
INSERT INTO `craft_entries` (`id`, `sectionId`, `typeId`, `authorId`, `root`, `lft`, `rgt`, `depth`, `postDate`, `expiryDate`, `dateCreated`, `dateUpdated`, `uid`) VALUES ('52', '11', '25', '1', NULL, NULL, NULL, NULL, '2013-10-21 03:05:23', NULL, '2013-10-21 03:05:23', '2013-10-21 03:05:23', '17c89bc8-123d-495f-b474-5fc3c70cc6d7');
INSERT INTO `craft_entries` (`id`, `sectionId`, `typeId`, `authorId`, `root`, `lft`, `rgt`, `depth`, `postDate`, `expiryDate`, `dateCreated`, `dateUpdated`, `uid`) VALUES ('54', '11', '25', '1', NULL, NULL, NULL, NULL, '2013-10-21 03:10:00', NULL, '2013-10-21 03:10:00', '2013-10-21 06:43:37', '70d8fea3-1de3-4f71-9adb-6c822ecbf371');
INSERT INTO `craft_entries` (`id`, `sectionId`, `typeId`, `authorId`, `root`, `lft`, `rgt`, `depth`, `postDate`, `expiryDate`, `dateCreated`, `dateUpdated`, `uid`) VALUES ('55', '10', '26', '1', NULL, NULL, NULL, NULL, '2013-10-21 03:48:00', NULL, '2013-10-21 03:48:28', '2013-10-21 04:06:27', '6eb9eb95-2fe1-4a2e-ab62-d9951beefe7a');
INSERT INTO `craft_entries` (`id`, `sectionId`, `typeId`, `authorId`, `root`, `lft`, `rgt`, `depth`, `postDate`, `expiryDate`, `dateCreated`, `dateUpdated`, `uid`) VALUES ('57', '9', '17', '1', NULL, NULL, NULL, NULL, '2013-10-22 03:29:33', NULL, '2013-10-22 03:29:33', '2013-10-22 03:29:33', 'c12fff40-9f83-477f-a628-4920a84435bd');
INSERT INTO `craft_entries` (`id`, `sectionId`, `typeId`, `authorId`, `root`, `lft`, `rgt`, `depth`, `postDate`, `expiryDate`, `dateCreated`, `dateUpdated`, `uid`) VALUES ('61', '13', '31', '1', NULL, NULL, NULL, NULL, '2013-10-23 00:44:00', NULL, '2013-10-23 00:44:13', '2013-10-23 02:32:38', 'db66c7de-b7b8-4a68-8c6d-fa06790f4271');
INSERT INTO `craft_entries` (`id`, `sectionId`, `typeId`, `authorId`, `root`, `lft`, `rgt`, `depth`, `postDate`, `expiryDate`, `dateCreated`, `dateUpdated`, `uid`) VALUES ('63', '14', '32', '1', NULL, NULL, NULL, NULL, '2013-10-23 01:17:00', NULL, '2013-10-23 01:17:06', '2013-10-23 01:17:40', 'bdceb45b-22b3-4271-a9ab-71bbaf080b82');
INSERT INTO `craft_entries` (`id`, `sectionId`, `typeId`, `authorId`, `root`, `lft`, `rgt`, `depth`, `postDate`, `expiryDate`, `dateCreated`, `dateUpdated`, `uid`) VALUES ('66', '14', '32', '1', NULL, NULL, NULL, NULL, '2013-10-23 02:44:08', NULL, '2013-10-23 02:44:08', '2013-10-23 02:44:08', '163bcaf0-fe2e-4f3b-819d-55bdbed43d0a');
INSERT INTO `craft_entries` (`id`, `sectionId`, `typeId`, `authorId`, `root`, `lft`, `rgt`, `depth`, `postDate`, `expiryDate`, `dateCreated`, `dateUpdated`, `uid`) VALUES ('70', '7', '33', '1', NULL, NULL, NULL, NULL, '2013-10-24 03:48:34', NULL, '2013-10-24 03:48:34', '2013-10-24 03:48:34', 'e311e024-34c3-4031-8cc5-0c6e18ace537');
INSERT INTO `craft_entries` (`id`, `sectionId`, `typeId`, `authorId`, `root`, `lft`, `rgt`, `depth`, `postDate`, `expiryDate`, `dateCreated`, `dateUpdated`, `uid`) VALUES ('73', '7', '33', '1', NULL, NULL, NULL, NULL, '2013-10-24 03:50:23', NULL, '2013-10-24 03:50:23', '2013-10-24 03:50:23', 'c957da5b-721c-44b9-b9da-65c560f6d869');
INSERT INTO `craft_entries` (`id`, `sectionId`, `typeId`, `authorId`, `root`, `lft`, `rgt`, `depth`, `postDate`, `expiryDate`, `dateCreated`, `dateUpdated`, `uid`) VALUES ('75', '7', '33', '1', NULL, NULL, NULL, NULL, '2013-10-24 03:51:16', NULL, '2013-10-24 03:51:16', '2013-10-24 03:51:16', 'bee41adf-0053-47a9-a9ee-8a122cd19728');
INSERT INTO `craft_entries` (`id`, `sectionId`, `typeId`, `authorId`, `root`, `lft`, `rgt`, `depth`, `postDate`, `expiryDate`, `dateCreated`, `dateUpdated`, `uid`) VALUES ('77', '7', '33', '1', NULL, NULL, NULL, NULL, '2013-10-24 04:03:16', NULL, '2013-10-24 04:03:16', '2013-10-24 04:03:16', 'ffebf312-1c7a-4bd0-bf57-1892723a82a7');



--
-- Schema for table `craft_entries_i18n`
--

DROP TABLE IF EXISTS `craft_entries_i18n`;

CREATE TABLE `craft_entries_i18n` (
  `id` int(11) NOT NULL AUTO_INCREMENT,
  `entryId` int(11) NOT NULL,
  `sectionId` int(11) NOT NULL,
  `locale` char(12) COLLATE utf8_unicode_ci NOT NULL,
  `slug` varchar(255) COLLATE utf8_unicode_ci NOT NULL,
  `dateCreated` datetime NOT NULL,
  `dateUpdated` datetime NOT NULL,
  `uid` char(36) COLLATE utf8_unicode_ci NOT NULL DEFAULT '0',
  PRIMARY KEY (`id`),
  UNIQUE KEY `craft_entries_i18n_entryId_locale_unq_idx` (`entryId`,`locale`),
  UNIQUE KEY `craft_entries_i18n_slug_sectionId_locale_unq_idx` (`slug`,`sectionId`,`locale`),
  KEY `craft_entries_i18n_sectionId_fk` (`sectionId`),
  KEY `craft_entries_i18n_locale_fk` (`locale`)
) ENGINE=InnoDB AUTO_INCREMENT=28 DEFAULT CHARSET=utf8 COLLATE=utf8_unicode_ci;

--
-- Data for table `craft_entries_i18n`
--

INSERT INTO `craft_entries_i18n` (`id`, `entryId`, `sectionId`, `locale`, `slug`, `dateCreated`, `dateUpdated`, `uid`) VALUES ('1', '2', '1', 'en_us', 'homepage', '2013-10-11 04:49:09', '2013-10-11 04:49:09', 'f3c366d8-10e3-41ad-a720-cd378d81104a');
INSERT INTO `craft_entries_i18n` (`id`, `entryId`, `sectionId`, `locale`, `slug`, `dateCreated`, `dateUpdated`, `uid`) VALUES ('3', '4', '3', 'en_us', 'design-lab-featured-content', '2013-10-13 05:14:22', '2013-10-14 06:05:57', '229b8b0d-7fb4-40c6-8f3c-c1d58a045d55');
INSERT INTO `craft_entries_i18n` (`id`, `entryId`, `sectionId`, `locale`, `slug`, `dateCreated`, `dateUpdated`, `uid`) VALUES ('8', '17', '10', 'en_us', 'interaction-design-item', '2013-10-13 07:50:28', '2013-10-21 02:28:21', '22e98267-db3f-4b4c-aee1-5cfcbab929e7');
INSERT INTO `craft_entries_i18n` (`id`, `entryId`, `sectionId`, `locale`, `slug`, `dateCreated`, `dateUpdated`, `uid`) VALUES ('10', '25', '9', 'en_us', 'interaction-design-assignment-submission', '2013-10-13 11:14:44', '2013-10-21 06:27:18', 'd5f37686-8149-4437-9fbf-75614c1d6278');
INSERT INTO `craft_entries_i18n` (`id`, `entryId`, `sectionId`, `locale`, `slug`, `dateCreated`, `dateUpdated`, `uid`) VALUES ('11', '26', '10', 'en_us', 'assignment-1', '2013-10-13 11:31:01', '2013-10-21 05:13:58', '1a71e081-5b20-475c-96d5-72b55794f25f');
INSERT INTO `craft_entries_i18n` (`id`, `entryId`, `sectionId`, `locale`, `slug`, `dateCreated`, `dateUpdated`, `uid`) VALUES ('12', '32', '7', 'en_us', 'little-boxes', '2013-10-14 02:42:43', '2013-10-16 04:06:17', 'd387caf6-2269-4247-9a24-5a06e30ae4a2');
INSERT INTO `craft_entries_i18n` (`id`, `entryId`, `sectionId`, `locale`, `slug`, `dateCreated`, `dateUpdated`, `uid`) VALUES ('13', '39', '3', 'en_us', 'design-lab-news', '2013-10-14 06:04:38', '2013-10-16 03:56:31', '09b14aca-012b-41cb-b281-fd8622e2256b');
INSERT INTO `craft_entries_i18n` (`id`, `entryId`, `sectionId`, `locale`, `slug`, `dateCreated`, `dateUpdated`, `uid`) VALUES ('14', '41', '11', 'en_us', 'hello', '2013-10-14 06:14:08', '2013-10-16 03:57:30', '31508d00-42cd-4f2a-b34c-c7c0c40ec68f');
INSERT INTO `craft_entries_i18n` (`id`, `entryId`, `sectionId`, `locale`, `slug`, `dateCreated`, `dateUpdated`, `uid`) VALUES ('15', '48', '11', 'en_us', 'featured-projects', '2013-10-21 01:40:47', '2013-10-21 01:40:47', '62777eba-5379-4a86-8c0c-6a1eb03a7573');
INSERT INTO `craft_entries_i18n` (`id`, `entryId`, `sectionId`, `locale`, `slug`, `dateCreated`, `dateUpdated`, `uid`) VALUES ('16', '50', '11', 'en_us', 'digital-innovation-prize-winners', '2013-10-21 02:11:10', '2013-10-21 02:11:10', '276eb977-eff3-4bee-882c-bfe3ebdfbd87');
INSERT INTO `craft_entries_i18n` (`id`, `entryId`, `sectionId`, `locale`, `slug`, `dateCreated`, `dateUpdated`, `uid`) VALUES ('17', '52', '11', 'en_us', 'ecologies-of-invention', '2013-10-21 03:05:23', '2013-10-21 03:05:23', 'e065db79-2b58-4f2b-9b0c-f242aeb454bc');
INSERT INTO `craft_entries_i18n` (`id`, `entryId`, `sectionId`, `locale`, `slug`, `dateCreated`, `dateUpdated`, `uid`) VALUES ('18', '54', '11', 'en_us', 'design-lab-research-presented-at-ozchi-conference', '2013-10-21 03:10:00', '2013-10-21 06:43:37', '932b74d0-60e5-4cda-a95c-c649ffbbb988');
INSERT INTO `craft_entries_i18n` (`id`, `entryId`, `sectionId`, `locale`, `slug`, `dateCreated`, `dateUpdated`, `uid`) VALUES ('19', '55', '10', 'en_us', 'schedule-2012', '2013-10-21 03:48:28', '2013-10-21 04:06:27', '6d7f8478-4240-4c59-8105-75943c6ce274');
INSERT INTO `craft_entries_i18n` (`id`, `entryId`, `sectionId`, `locale`, `slug`, `dateCreated`, `dateUpdated`, `uid`) VALUES ('20', '57', '9', 'en_us', 'assignment', '2013-10-22 03:29:33', '2013-10-22 03:29:33', '10532b65-b1d8-40ef-a4e2-03d182f4791b');
INSERT INTO `craft_entries_i18n` (`id`, `entryId`, `sectionId`, `locale`, `slug`, `dateCreated`, `dateUpdated`, `uid`) VALUES ('21', '61', '13', 'en_us', 'computational-design', '2013-10-23 00:44:13', '2013-10-23 02:32:38', '6d093612-06cc-4ef6-a2f4-eb5e3266cd3b');
INSERT INTO `craft_entries_i18n` (`id`, `entryId`, `sectionId`, `locale`, `slug`, `dateCreated`, `dateUpdated`, `uid`) VALUES ('22', '63', '14', 'en_us', 'enhancing-interactivity-at-an-interactive-public-information-display', '2013-10-23 01:17:06', '2013-10-23 01:17:40', 'a4533129-e3fc-4e95-ad7c-b4e5310aef66');
INSERT INTO `craft_entries_i18n` (`id`, `entryId`, `sectionId`, `locale`, `slug`, `dateCreated`, `dateUpdated`, `uid`) VALUES ('23', '66', '14', 'en_us', 'ubiqlog-a-generic-mobile-phone-based-life-log-framework.', '2013-10-23 02:44:08', '2013-10-23 02:44:08', '72341e8f-736a-4987-a219-c9c7fc12fc76');
INSERT INTO `craft_entries_i18n` (`id`, `entryId`, `sectionId`, `locale`, `slug`, `dateCreated`, `dateUpdated`, `uid`) VALUES ('24', '70', '7', 'en_us', 'solstice-lamp', '2013-10-24 03:48:34', '2013-10-24 03:48:34', '52c3ec1c-d34b-48d5-bfe3-74ef5a0aac26');
INSERT INTO `craft_entries_i18n` (`id`, `entryId`, `sectionId`, `locale`, `slug`, `dateCreated`, `dateUpdated`, `uid`) VALUES ('25', '73', '7', 'en_us', 'temporalas', '2013-10-24 03:50:23', '2013-10-24 03:50:23', 'e6f7daba-4e92-435d-8997-6880a97b0f41');
INSERT INTO `craft_entries_i18n` (`id`, `entryId`, `sectionId`, `locale`, `slug`, `dateCreated`, `dateUpdated`, `uid`) VALUES ('26', '75', '7', 'en_us', 'chromapollination', '2013-10-24 03:51:16', '2013-10-24 03:51:16', '55cc5721-36d2-4ada-8552-6c9481df9bc7');
INSERT INTO `craft_entries_i18n` (`id`, `entryId`, `sectionId`, `locale`, `slug`, `dateCreated`, `dateUpdated`, `uid`) VALUES ('27', '77', '7', 'en_us', 'water-droplet', '2013-10-24 04:03:16', '2013-10-24 04:03:16', '07ef69e5-2d22-42f8-afaa-57ae3b2bb527');



--
-- Schema for table `craft_entrydrafts`
--

DROP TABLE IF EXISTS `craft_entrydrafts`;

CREATE TABLE `craft_entrydrafts` (
  `id` int(11) NOT NULL AUTO_INCREMENT,
  `entryId` int(11) NOT NULL,
  `sectionId` int(11) NOT NULL,
  `creatorId` int(11) NOT NULL,
  `locale` char(12) COLLATE utf8_unicode_ci NOT NULL,
  `name` varchar(255) COLLATE utf8_unicode_ci DEFAULT NULL,
  `data` mediumtext COLLATE utf8_unicode_ci NOT NULL,
  `dateCreated` datetime NOT NULL,
  `dateUpdated` datetime NOT NULL,
  `uid` char(36) COLLATE utf8_unicode_ci NOT NULL DEFAULT '0',
  PRIMARY KEY (`id`),
  KEY `craft_entrydrafts_entryId_locale_idx` (`entryId`,`locale`),
  KEY `craft_entrydrafts_sectionId_fk` (`sectionId`),
  KEY `craft_entrydrafts_creatorId_fk` (`creatorId`),
  KEY `craft_entrydrafts_locale_fk` (`locale`)
) ENGINE=InnoDB DEFAULT CHARSET=utf8 COLLATE=utf8_unicode_ci;

--
-- Schema for table `craft_entrytypes`
--

DROP TABLE IF EXISTS `craft_entrytypes`;

CREATE TABLE `craft_entrytypes` (
  `id` int(11) NOT NULL AUTO_INCREMENT,
  `sectionId` int(11) NOT NULL,
  `fieldLayoutId` int(11) DEFAULT NULL,
  `name` varchar(255) COLLATE utf8_unicode_ci NOT NULL,
  `handle` varchar(255) COLLATE utf8_unicode_ci NOT NULL,
  `titleLabel` varchar(255) COLLATE utf8_unicode_ci DEFAULT 'Title',
  `sortOrder` tinyint(4) DEFAULT NULL,
  `dateCreated` datetime NOT NULL,
  `dateUpdated` datetime NOT NULL,
  `uid` char(36) COLLATE utf8_unicode_ci NOT NULL DEFAULT '0',
  PRIMARY KEY (`id`),
  UNIQUE KEY `craft_entrytypes_name_sectionId_unq_idx` (`name`,`sectionId`),
  UNIQUE KEY `craft_entrytypes_handle_sectionId_unq_idx` (`handle`,`sectionId`),
  KEY `craft_entrytypes_sectionId_fk` (`sectionId`),
  KEY `craft_entrytypes_fieldLayoutId_fk` (`fieldLayoutId`)
) ENGINE=InnoDB AUTO_INCREMENT=34 DEFAULT CHARSET=utf8 COLLATE=utf8_unicode_ci;

--
-- Data for table `craft_entrytypes`
--

INSERT INTO `craft_entrytypes` (`id`, `sectionId`, `fieldLayoutId`, `name`, `handle`, `titleLabel`, `sortOrder`, `dateCreated`, `dateUpdated`, `uid`) VALUES ('1', '1', '3', 'Homepage', 'homepage', 'Title', NULL, '2013-10-11 04:49:09', '2013-10-11 04:49:09', '63063231-f12b-4462-a7e2-44ca32658db0');
INSERT INTO `craft_entrytypes` (`id`, `sectionId`, `fieldLayoutId`, `name`, `handle`, `titleLabel`, `sortOrder`, `dateCreated`, `dateUpdated`, `uid`) VALUES ('3', '3', '61', 'Design Lab News', 'designLabNews', 'Title', NULL, '2013-10-13 05:12:40', '2013-10-14 06:02:53', '7b9089bf-2a9c-4b64-ab79-e3b06791a2bd');
INSERT INTO `craft_entrytypes` (`id`, `sectionId`, `fieldLayoutId`, `name`, `handle`, `titleLabel`, `sortOrder`, `dateCreated`, `dateUpdated`, `uid`) VALUES ('10', '7', '17', 'Generic Projects', 'genericProjects', 'Title', NULL, '2013-10-13 05:29:59', '2013-10-13 05:30:22', 'eba98cb4-adb9-4a8d-a53e-9bd4b94bbb75');
INSERT INTO `craft_entrytypes` (`id`, `sectionId`, `fieldLayoutId`, `name`, `handle`, `titleLabel`, `sortOrder`, `dateCreated`, `dateUpdated`, `uid`) VALUES ('11', '7', '18', 'Digital Design Studio Project', 'digitalDesignStudioProject', 'Title', NULL, '2013-10-13 05:30:35', '2013-10-13 05:30:35', '4043b68c-bf7d-42f8-a5dd-2c5e9f78b7da');
INSERT INTO `craft_entrytypes` (`id`, `sectionId`, `fieldLayoutId`, `name`, `handle`, `titleLabel`, `sortOrder`, `dateCreated`, `dateUpdated`, `uid`) VALUES ('12', '7', '58', 'Interaction Design Project', 'interactionDesignProject', 'Title', NULL, '2013-10-13 05:31:32', '2013-10-14 02:39:58', '6735fd47-88dc-4e1b-9df2-78095fd13624');
INSERT INTO `craft_entrytypes` (`id`, `sectionId`, `fieldLayoutId`, `name`, `handle`, `titleLabel`, `sortOrder`, `dateCreated`, `dateUpdated`, `uid`) VALUES ('16', '9', '36', 'Blog', 'blog', 'Title', NULL, '2013-10-13 06:12:34', '2013-10-13 06:27:34', 'aefa839a-a3f3-4907-9e38-66c5afc7b180');
INSERT INTO `craft_entrytypes` (`id`, `sectionId`, `fieldLayoutId`, `name`, `handle`, `titleLabel`, `sortOrder`, `dateCreated`, `dateUpdated`, `uid`) VALUES ('17', '9', '67', 'Assignment', 'assignment', 'Title', NULL, '2013-10-13 06:22:05', '2013-10-21 05:58:02', 'b73dc5a6-26d9-4748-ab17-eb87b03d9136');
INSERT INTO `craft_entrytypes` (`id`, `sectionId`, `fieldLayoutId`, `name`, `handle`, `titleLabel`, `sortOrder`, `dateCreated`, `dateUpdated`, `uid`) VALUES ('18', '10', '56', 'News', 'news', 'Title', NULL, '2013-10-13 06:22:43', '2013-10-13 13:39:17', 'c977f0df-269f-4b58-9047-aa7afac60a22');
INSERT INTO `craft_entrytypes` (`id`, `sectionId`, `fieldLayoutId`, `name`, `handle`, `titleLabel`, `sortOrder`, `dateCreated`, `dateUpdated`, `uid`) VALUES ('19', '10', '65', 'Assignments', 'assignments', 'Title', NULL, '2013-10-13 06:23:05', '2013-10-21 05:11:57', 'a5606138-ae1a-4d14-bcc7-b159d93b6dfd');
INSERT INTO `craft_entrytypes` (`id`, `sectionId`, `fieldLayoutId`, `name`, `handle`, `titleLabel`, `sortOrder`, `dateCreated`, `dateUpdated`, `uid`) VALUES ('22', '3', '52', 'Featured Projects', 'featuredProjects', 'Title', NULL, '2013-10-13 11:52:45', '2013-10-13 11:55:01', 'fc546881-4fb8-4200-ac76-0b64e755a8f8');
INSERT INTO `craft_entrytypes` (`id`, `sectionId`, `fieldLayoutId`, `name`, `handle`, `titleLabel`, `sortOrder`, `dateCreated`, `dateUpdated`, `uid`) VALUES ('23', '11', '55', 'Design Computing', 'designComputing', 'Title', '2', '2013-10-13 12:06:40', '2013-10-21 03:02:46', '93fadb6e-da54-41b3-a201-2adcfbb51a9e');
INSERT INTO `craft_entrytypes` (`id`, `sectionId`, `fieldLayoutId`, `name`, `handle`, `titleLabel`, `sortOrder`, `dateCreated`, `dateUpdated`, `uid`) VALUES ('24', '3', '60', 'Design Lab (Included News)', 'designLabIncludedNews', 'Title', NULL, '2013-10-14 06:02:32', '2013-10-14 06:02:32', 'a4f1c4f3-1a80-4f43-bffa-c4f8cb3e9b2c');
INSERT INTO `craft_entrytypes` (`id`, `sectionId`, `fieldLayoutId`, `name`, `handle`, `titleLabel`, `sortOrder`, `dateCreated`, `dateUpdated`, `uid`) VALUES ('25', '11', '63', 'Design Computing News', 'designComputingNews', 'Title', '1', '2013-10-14 06:13:13', '2013-10-21 03:02:46', '7fe4a9e8-0748-47e7-a5ba-a2ef35744e90');
INSERT INTO `craft_entrytypes` (`id`, `sectionId`, `fieldLayoutId`, `name`, `handle`, `titleLabel`, `sortOrder`, `dateCreated`, `dateUpdated`, `uid`) VALUES ('26', '10', '64', 'Schedule', 'schedule', 'Title', NULL, '2013-10-21 03:47:05', '2013-10-21 03:47:05', '6bad677a-e701-4ae4-b74c-bc732cdeb1ae');
INSERT INTO `craft_entrytypes` (`id`, `sectionId`, `fieldLayoutId`, `name`, `handle`, `titleLabel`, `sortOrder`, `dateCreated`, `dateUpdated`, `uid`) VALUES ('27', '12', '68', 'Staff', 'staff', 'Title', NULL, '2013-10-22 04:35:53', '2013-10-22 04:35:53', '5f2fcf5c-ba51-4885-894b-c7f007f38efa');
INSERT INTO `craft_entrytypes` (`id`, `sectionId`, `fieldLayoutId`, `name`, `handle`, `titleLabel`, `sortOrder`, `dateCreated`, `dateUpdated`, `uid`) VALUES ('30', '13', '72', 'Feature', 'feature', 'Title', NULL, '2013-10-23 00:35:43', '2013-10-23 00:35:43', 'daf9438a-cbc4-4f8c-aee4-e0542309dbaa');
INSERT INTO `craft_entrytypes` (`id`, `sectionId`, `fieldLayoutId`, `name`, `handle`, `titleLabel`, `sortOrder`, `dateCreated`, `dateUpdated`, `uid`) VALUES ('31', '13', '79', 'Section', 'section', 'Area', NULL, '2013-10-23 00:36:02', '2013-10-23 02:32:23', '84e6e39c-34fb-4f42-a717-c1692715bd2e');
INSERT INTO `craft_entrytypes` (`id`, `sectionId`, `fieldLayoutId`, `name`, `handle`, `titleLabel`, `sortOrder`, `dateCreated`, `dateUpdated`, `uid`) VALUES ('32', '14', '78', 'Computational Design', 'computationalDesign', 'Title', NULL, '2013-10-23 00:46:02', '2013-10-23 01:11:56', '80375a9f-22f1-49a4-9adc-61c224b062c3');
INSERT INTO `craft_entrytypes` (`id`, `sectionId`, `fieldLayoutId`, `name`, `handle`, `titleLabel`, `sortOrder`, `dateCreated`, `dateUpdated`, `uid`) VALUES ('33', '7', '83', 'Research Project', 'researchProject', 'Title', NULL, '2013-10-24 03:45:15', '2013-10-24 03:46:55', 'a346855b-6786-478f-b1a3-865e30655b9e');



--
-- Schema for table `craft_entryversions`
--

DROP TABLE IF EXISTS `craft_entryversions`;

CREATE TABLE `craft_entryversions` (
  `id` int(11) NOT NULL AUTO_INCREMENT,
  `entryId` int(11) NOT NULL,
  `sectionId` int(11) NOT NULL,
  `creatorId` int(11) DEFAULT NULL,
  `locale` char(12) COLLATE utf8_unicode_ci NOT NULL,
  `notes` tinytext COLLATE utf8_unicode_ci,
  `data` mediumtext COLLATE utf8_unicode_ci NOT NULL,
  `dateCreated` datetime NOT NULL,
  `dateUpdated` datetime NOT NULL,
  `uid` char(36) COLLATE utf8_unicode_ci NOT NULL DEFAULT '0',
  PRIMARY KEY (`id`),
  KEY `craft_entryversions_entryId_locale_idx` (`entryId`,`locale`),
  KEY `craft_entryversions_sectionId_fk` (`sectionId`),
  KEY `craft_entryversions_creatorId_fk` (`creatorId`),
  KEY `craft_entryversions_locale_fk` (`locale`)
) ENGINE=InnoDB AUTO_INCREMENT=63 DEFAULT CHARSET=utf8 COLLATE=utf8_unicode_ci;

--
-- Data for table `craft_entryversions`
--

INSERT INTO `craft_entryversions` (`id`, `entryId`, `sectionId`, `creatorId`, `locale`, `notes`, `data`, `dateCreated`, `dateUpdated`, `uid`) VALUES ('1', '4', '3', '1', 'en_us', NULL, '{\"authorId\":\"1\",\"title\":\"Design Lab Featured Content\",\"slug\":\"design-lab-featured-content\",\"postDate\":1381641262,\"expiryDate\":null,\"enabled\":1,\"fields\":{\"2\":\"\",\"4\":\"\"}}', '2013-10-13 05:14:22', '2013-10-13 05:14:22', '4a1b78ea-235b-4e8a-bff5-edd7397d7527');
INSERT INTO `craft_entryversions` (`id`, `entryId`, `sectionId`, `creatorId`, `locale`, `notes`, `data`, `dateCreated`, `dateUpdated`, `uid`) VALUES ('2', '4', '3', '1', 'en_us', NULL, '{\"authorId\":\"1\",\"title\":\"Design Lab Featured Content\",\"slug\":\"design-lab-featured-content\",\"postDate\":1381641240,\"expiryDate\":null,\"enabled\":1,\"fields\":{\"2\":\"\",\"4\":[\"3\"]}}', '2013-10-13 05:15:14', '2013-10-13 05:15:14', 'c71faa54-f43c-44c0-b6c2-bbcdabfa6dae');
INSERT INTO `craft_entryversions` (`id`, `entryId`, `sectionId`, `creatorId`, `locale`, `notes`, `data`, `dateCreated`, `dateUpdated`, `uid`) VALUES ('9', '17', '10', '1', 'en_us', NULL, '{\"authorId\":\"1\",\"title\":\"Interaction Design Item\",\"slug\":\"interaction-design-item\",\"postDate\":1381650628,\"expiryDate\":null,\"enabled\":1,\"fields\":{\"2\":\"<p>Hello<\\/p>\",\"5\":[\"Design Computing\"],\"3\":[\"new:iXD\"],\"8\":[\"Interaction Design\"]}}', '2013-10-13 07:50:28', '2013-10-13 07:50:28', '974defa7-c6dd-4ebc-bab7-3ff0d48bdb11');
INSERT INTO `craft_entryversions` (`id`, `entryId`, `sectionId`, `creatorId`, `locale`, `notes`, `data`, `dateCreated`, `dateUpdated`, `uid`) VALUES ('10', '4', '3', '1', 'en_us', NULL, '{\"authorId\":\"1\",\"title\":\"Design Lab Featured Content\",\"slug\":\"design-lab-featured-content\",\"postDate\":1381641240,\"expiryDate\":null,\"enabled\":1,\"fields\":{\"2\":\"\",\"4\":[\"17\"]}}', '2013-10-13 07:55:41', '2013-10-13 07:55:41', 'de20a5e2-af55-41dc-8f51-62bf57016bf5');
INSERT INTO `craft_entryversions` (`id`, `entryId`, `sectionId`, `creatorId`, `locale`, `notes`, `data`, `dateCreated`, `dateUpdated`, `uid`) VALUES ('11', '17', '10', '1', 'en_us', NULL, '{\"authorId\":\"1\",\"title\":\"Interaction Design Item\",\"slug\":\"interaction-design-item\",\"postDate\":1381650600,\"expiryDate\":null,\"enabled\":1,\"fields\":{\"2\":\"<p>Hello<\\/p>\",\"5\":\"Design Computing\",\"7\":\"\",\"3\":[\"18\"],\"8\":[\"Interaction Design\"]}}', '2013-10-13 08:10:21', '2013-10-13 08:10:21', '6a1f3ebe-702f-4074-8d4c-1df17758fe9b');
INSERT INTO `craft_entryversions` (`id`, `entryId`, `sectionId`, `creatorId`, `locale`, `notes`, `data`, `dateCreated`, `dateUpdated`, `uid`) VALUES ('14', '17', '10', '1', 'en_us', NULL, '{\"authorId\":\"1\",\"title\":\"Interaction Design Item\",\"slug\":\"interaction-design-item\",\"postDate\":1381650600,\"expiryDate\":null,\"enabled\":1,\"fields\":{\"2\":\"<p>Hello<\\/p>\",\"5\":\"Design Computing\",\"7\":[\"22\"],\"3\":[\"18\"],\"8\":[\"Interaction Design\"]}}', '2013-10-13 10:42:43', '2013-10-13 10:42:43', '8a6bf780-ec40-472f-8fc4-f8d48c09c89d');
INSERT INTO `craft_entryversions` (`id`, `entryId`, `sectionId`, `creatorId`, `locale`, `notes`, `data`, `dateCreated`, `dateUpdated`, `uid`) VALUES ('15', '4', '3', '1', 'en_us', NULL, '{\"authorId\":\"1\",\"title\":\"Design Lab Featured Content\",\"slug\":\"design-lab-featured-content\",\"postDate\":1381641240,\"expiryDate\":null,\"enabled\":1,\"fields\":{\"2\":\"\",\"4\":[\"17\",\"20\"]}}', '2013-10-13 10:44:13', '2013-10-13 10:44:13', '6116cb59-2fbd-4058-bf30-94b1a1397b0c');
INSERT INTO `craft_entryversions` (`id`, `entryId`, `sectionId`, `creatorId`, `locale`, `notes`, `data`, `dateCreated`, `dateUpdated`, `uid`) VALUES ('16', '25', '9', '1', 'en_us', NULL, '{\"authorId\":\"1\",\"title\":\"Interaction Design Assignment Submission\",\"slug\":\"interaction-design-assignment-submission\",\"postDate\":1381662884,\"expiryDate\":null,\"enabled\":1,\"fields\":{\"2\":\"<p>Set<\\/p>\",\"1\":\"Hello\",\"6\":[\"7\"],\"3\":\"\",\"10\":\"\"}}', '2013-10-13 11:14:44', '2013-10-13 11:14:44', '0e8e5860-69d2-45a4-9262-cdd5b52bc7c1');
INSERT INTO `craft_entryversions` (`id`, `entryId`, `sectionId`, `creatorId`, `locale`, `notes`, `data`, `dateCreated`, `dateUpdated`, `uid`) VALUES ('17', '26', '10', '1', 'en_us', NULL, '{\"authorId\":\"1\",\"title\":\"Assignment 1\",\"slug\":\"assignment-1\",\"postDate\":1381663861,\"expiryDate\":null,\"enabled\":1,\"fields\":{\"2\":\"<p>Each group member to evaluate the mockups from Task 1c using one of the following methods:<\\/p><ul>\\r\\n<li>Usability test (with at least 2 users)<\\/li><li>Heuristic analysis (with at least 2 experts) using the <a href=\\\"http:\\/\\/www.useit.com\\/papers\\/heuristic\\/heuristic_list.html\\\">10 usability heuristics<\\/a> or the <a href=\\\"http:\\/\\/designingwebinterfaces.com\\/6-tips-for-a-great-flex-ux-part-5\\\">web application heuristics<\\/a>.<\\/li><li>Controlled experiment (with at least 2 users)<\\/li><\\/ul><p>To evaluate the mockups, you need to:<\\/p><ul>\\r\\n<li>Print your mockups<\\/li><li>Prepare your mockups for the evaluation if necessary, such as interactive elements like radio buttons, pop-up boxes, etc.<\\/li><li>Prepare any additional material needed for the study, such as task lists<\\/li><li>Recruit participants (NB: People from your class qualify as experts, but not as users<\\/li><\\/ul><p>Additionally you should conduct a short post-evaluation interview with your users or experts to find out about their general attitude towards your application concept, what things they liked about, what they didn\\u2019t, whether they were missing any features, etc.<\\/p><p>The minimum requirement is to evaluate the desktop version of your application, but you might want to include the mobile version as well to get early feedback from users\\/experts on this part as well.<\\/p><p><strong>Submission<\\/strong><br>Individual or group blog post describing, including the following:<\\/p><ul>\\r\\n<li>Short description of method<\\/li><li>Description of evaluation procedure, including the number of people tested and what their demographics are, such as age, profession, etc.<\\/li><li>One or more photos of your evaluation session. To respect the privacy of your participants take the photos from an angle in which their face isn\\u2019t visible.<\\/li><li>Findings: what were the main results of the evaluation as well as the post-evaluation interview<\\/li><li>Suggestions for improvements to the interface based on the findings<\\/li><\\/ul><p>The blog post submission is due on <del>Thursday 13 September<\\/del> Sunday 16 September, 8pm. (There is no Blackboard submission.)<\\/p><p>The next task \\u2014 to develop the interactive prototype \\u2014 is due 11 October.<\\/p><p><strong>Resources<\\/strong><br><a href=\\\"http:\\/\\/web.arch.usyd.edu.au\\/~mtomitsch\\/teaching\\/2012\\/deco2200\\/material\\/Designbrief.pdf\\\">Design brief<\\/a> (pdf)<br><a href=\\\"http:\\/\\/www.useit.com\\/papers\\/heuristic\\/heuristic_evaluation.html\\\">How to conduct a heuristic evaluation<\\/a><br><a href=\\\"http:\\/\\/designingwebinterfaces.com\\/6-tips-for-a-great-flex-ux-part-5\\\">10 heuristics in web applications<\\/a><br><a href=\\\"http:\\/\\/www.useit.com\\/papers\\/heuristic\\/heuristic_list.html\\\">Nielsen\\u2019s 10 usability heuristics<\\/a><br><a href=\\\"http:\\/\\/www.useit.com\\/alertbox\\/20000319.html\\\">Why you only need to test with 5 users<\\/a><br><a href=\\\"http:\\/\\/dschool.stanford.edu\\/wp-content\\/uploads\\/2011\\/03\\/BootcampBootleg2010v2SLIM.pdf\\\">d.school bootcamp bootleg\\u2028<\\/a> (pdf) \\u2014 see pages 34 and 35<br><a href=\\\"http:\\/\\/www.ok-cancel.com\\/\\\">OK\\/Cancel<\\/a> \\u2014 comics on usability and human computer interaction<\\/p><p><a href=\\\"http:\\/\\/www.userfocus.co.uk\\/articles\\/index.html\\\" style=\\\"font-family: Arial, Helvetica, Verdana, Tahoma, sans-serif;\\\">User Focus<\\/a> \\u2014 articles and resources\\u2028 for further reading<\\/p>\",\"11\":\"\",\"3\":[\"new:Heuristic Evaluation\",\"new:Usability\",\"new:User Focus\"],\"10\":\"\"}}', '2013-10-13 11:31:01', '2013-10-13 11:31:01', '704f6a9b-107f-4dfd-9e81-d3ba99384ce0');
INSERT INTO `craft_entryversions` (`id`, `entryId`, `sectionId`, `creatorId`, `locale`, `notes`, `data`, `dateCreated`, `dateUpdated`, `uid`) VALUES ('18', '4', '3', '1', 'en_us', NULL, '{\"authorId\":\"1\",\"title\":\"Design Lab Featured Content\",\"slug\":\"design-lab-featured-content\",\"postDate\":1381641240,\"expiryDate\":null,\"enabled\":1,\"fields\":{\"2\":\"\",\"12\":[\"10\"],\"10\":\"\"}}', '2013-10-13 11:55:15', '2013-10-13 11:55:15', 'b1679821-998d-4811-871f-c1253622f2fa');
INSERT INTO `craft_entryversions` (`id`, `entryId`, `sectionId`, `creatorId`, `locale`, `notes`, `data`, `dateCreated`, `dateUpdated`, `uid`) VALUES ('19', '4', '3', '1', 'en_us', NULL, '{\"authorId\":\"1\",\"title\":\"Design Lab Featured Content\",\"slug\":\"design-lab-featured-content\",\"postDate\":1381641240,\"expiryDate\":null,\"enabled\":1,\"fields\":{\"2\":\"\",\"4\":[\"17\",\"20\"],\"10\":\"\"}}', '2013-10-13 12:05:45', '2013-10-13 12:05:45', 'bee2ac4e-8447-4212-b290-52c0a604ae91');
INSERT INTO `craft_entryversions` (`id`, `entryId`, `sectionId`, `creatorId`, `locale`, `notes`, `data`, `dateCreated`, `dateUpdated`, `uid`) VALUES ('20', '17', '10', '1', 'en_us', NULL, '{\"authorId\":\"1\",\"title\":\"Interaction Design Item\",\"slug\":\"interaction-design-item\",\"postDate\":1381650600,\"expiryDate\":null,\"enabled\":1,\"fields\":{\"2\":\"<p>Some people have run into an issue with their BB10 app looking oversized when they tested on the actual device. This is because the BB10 has a high pixel density ratio and web content seems to be rendered by default at a low dpi. The effect is that all of the elements in your app look enlarged. <em>Note that this only happens when you explicitly set the width and height css elements on the &lt;body&gt; to 768px and 1280px respectively.<\\/em><\\/p><p>For most people who have not set the width and height of their &lt;body&gt; or any elements it contains to a certain pixel value and have instead set them to either 100% or just let the elements fill the space, this enlargement issue won\\u2019t happen. What will happen is that your app will render at about 160 pixels per inch. The BB10 however is capable of a resolution of <a href=\\\"https:\\/\\/developer.blackberry.com\\/devzone\\/design\\/devices_and_screen_sizes.html\\\">356 ppi<\\/a>. That means you are missing out on utilising the full resolution of the device and making a really great looking app.<\\/p><p>The solution is to adjust the \\u201cviewport\\u201d meta tag slightly. Usually we have had an attribute called \\u201cinitial-scale\\u201d that we set to 1.0 meaning that the app is neither zoomed in or out. To adjust for the higher pixel density in the BB10 we want to zoom out slightly. This means setting the \\u201cinitial-scale\\u201d to about 0.446.<\\/p><p>So your \\u201cviewport\\u201d meta tag should now look like this:<\\/p><p>&lt;meta name=\\u201dviewport\\u201d content=\\u201dwidth=device-width,initial-scale=0.446,user-scalable=no\\u201d&gt;<\\/p><p>You may have to adjust your html elements to suit the new resolution of your app. However it will be worth the effort when you end up with a much better looking app.<\\/p><p><strong>Reference:<\\/strong> <a href=\\\"http:\\/\\/supportforums.blackberry.com\\/t5\\/Web-and-WebWorks-Development\\/How-to-set-up-the-viewport-for-a-BlackBerry-WebWorks-application\\/ta-p\\/1943807\\\">How to set up the viewport for a BlackBerry WebWorks application for BlackBerry 10<\\/a><\\/p>\",\"5\":\"Design Computing\",\"7\":[\"22\"],\"3\":[\"18\"],\"8\":[\"Interaction Design\"],\"10\":\"\"}}', '2013-10-13 13:28:04', '2013-10-13 13:28:04', '6ee713c4-d8d2-4a4a-91b8-ea69ab79c01c');
INSERT INTO `craft_entryversions` (`id`, `entryId`, `sectionId`, `creatorId`, `locale`, `notes`, `data`, `dateCreated`, `dateUpdated`, `uid`) VALUES ('21', '17', '10', '1', 'en_us', NULL, '{\"authorId\":\"1\",\"title\":\"Making your BB10 app high resolution\",\"slug\":\"interaction-design-item\",\"postDate\":1381650600,\"expiryDate\":null,\"enabled\":1,\"fields\":{\"2\":\"<p>Some people have run into an issue with their BB10 app looking oversized when they tested on the actual device. This is because the BB10 has a high pixel density ratio and web content seems to be rendered by default at a low dpi. The effect is that all of the elements in your app look enlarged. <em>Note that this only happens when you explicitly set the width and height css elements on the &lt;body&gt; to 768px and 1280px respectively.<\\/em><\\/p><p>For most people who have not set the width and height of their &lt;body&gt; or any elements it contains to a certain pixel value and have instead set them to either 100% or just let the elements fill the space, this enlargement issue won\\u2019t happen. What will happen is that your app will render at about 160 pixels per inch. The BB10 however is capable of a resolution of <a href=\\\"https:\\/\\/developer.blackberry.com\\/devzone\\/design\\/devices_and_screen_sizes.html\\\">356 ppi<\\/a>. That means you are missing out on utilising the full resolution of the device and making a really great looking app.<\\/p><p>The solution is to adjust the \\u201cviewport\\u201d meta tag slightly. Usually we have had an attribute called \\u201cinitial-scale\\u201d that we set to 1.0 meaning that the app is neither zoomed in or out. To adjust for the higher pixel density in the BB10 we want to zoom out slightly. This means setting the \\u201cinitial-scale\\u201d to about 0.446.<\\/p><p>So your \\u201cviewport\\u201d meta tag should now look like this:<\\/p><p>&lt;meta name=\\u201dviewport\\u201d content=\\u201dwidth=device-width,initial-scale=0.446,user-scalable=no\\u201d&gt;<\\/p><p>You may have to adjust your html elements to suit the new resolution of your app. However it will be worth the effort when you end up with a much better looking app.<\\/p><p><strong>Reference:<\\/strong> <a href=\\\"http:\\/\\/supportforums.blackberry.com\\/t5\\/Web-and-WebWorks-Development\\/How-to-set-up-the-viewport-for-a-BlackBerry-WebWorks-application\\/ta-p\\/1943807\\\">How to set up the viewport for a BlackBerry WebWorks application for BlackBerry 10<\\/a><\\/p>\",\"5\":\"Design Computing\",\"7\":[\"22\"],\"3\":[\"18\"],\"8\":[\"Interaction Design\"],\"10\":\"\"}}', '2013-10-13 13:28:27', '2013-10-13 13:28:27', '6fa3992c-366d-4ab2-9b3f-f584ed3d1749');
INSERT INTO `craft_entryversions` (`id`, `entryId`, `sectionId`, `creatorId`, `locale`, `notes`, `data`, `dateCreated`, `dateUpdated`, `uid`) VALUES ('22', '17', '10', '1', 'en_us', NULL, '{\"authorId\":\"1\",\"title\":\"Making your BB10 app high resolution\",\"slug\":\"interaction-design-item\",\"postDate\":1381650600,\"expiryDate\":null,\"enabled\":1,\"fields\":{\"2\":\"<p>Some people have run into an issue with their BB10 app looking oversized when they tested on the actual device. This is because the BB10 has a high pixel density ratio and web content seems to be rendered by default at a low dpi. The effect is that all of the elements in your app look enlarged. <em>Note that this only happens when you explicitly set the width and height css elements on the &lt;body&gt; to 768px and 1280px respectively.<\\/em><\\/p><p>For most people who have not set the width and height of their &lt;body&gt; or any elements it contains to a certain pixel value and have instead set them to either 100% or just let the elements fill the space, this enlargement issue won\\u2019t happen. What will happen is that your app will render at about 160 pixels per inch. The BB10 however is capable of a resolution of <a href=\\\"https:\\/\\/developer.blackberry.com\\/devzone\\/design\\/devices_and_screen_sizes.html\\\">356 ppi<\\/a>. That means you are missing out on utilising the full resolution of the device and making a really great looking app.<\\/p><p>The solution is to adjust the \\u201cviewport\\u201d meta tag slightly. Usually we have had an attribute called \\u201cinitial-scale\\u201d that we set to 1.0 meaning that the app is neither zoomed in or out. To adjust for the higher pixel density in the BB10 we want to zoom out slightly. This means setting the \\u201cinitial-scale\\u201d to about 0.446.<\\/p><p>So your \\u201cviewport\\u201d meta tag should now look like this:<\\/p><p>&lt;meta name=\\u201dviewport\\u201d content=\\u201dwidth=device-width,initial-scale=0.446,user-scalable=no\\u201d&gt;<\\/p><p>You may have to adjust your html elements to suit the new resolution of your app. However it will be worth the effort when you end up with a much better looking app.<\\/p><p><strong>Reference:<\\/strong> <a href=\\\"http:\\/\\/supportforums.blackberry.com\\/t5\\/Web-and-WebWorks-Development\\/How-to-set-up-the-viewport-for-a-BlackBerry-WebWorks-application\\/ta-p\\/1943807\\\">How to set up the viewport for a BlackBerry WebWorks application for BlackBerry 10<\\/a><\\/p>\",\"5\":\"Design Computing\",\"7\":[\"22\"],\"1\":\"Some people have run into an issue with their BB10 app looking oversized when they tested on the actual device. \",\"3\":[\"18\"],\"8\":[\"Interaction Design\"],\"10\":\"\"}}', '2013-10-13 13:39:58', '2013-10-13 13:39:58', 'a3d54fb9-4b77-4688-bd39-42e9b37e0501');
INSERT INTO `craft_entryversions` (`id`, `entryId`, `sectionId`, `creatorId`, `locale`, `notes`, `data`, `dateCreated`, `dateUpdated`, `uid`) VALUES ('23', '32', '7', '1', 'en_us', NULL, '{\"authorId\":\"1\",\"title\":\"Little Boxes\",\"slug\":\"little-boxes\",\"postDate\":1381718563,\"expiryDate\":null,\"enabled\":1,\"fields\":{\"2\":\"\",\"5\":\"Design Computing\",\"13\":\"\",\"7\":[\"31\"],\"14\":\"<p>Our concept, while still developing is centred around the idea of creating a room in which the user can login to and revisit both their online lives in the present or reverse the room to a time in their past. The goal is to immerse the user in their present and past as seamlessly as possible, while exhibiting their digital lives in an ordinary room, we want to use as many online sources of personal information as we can get, but realise the most ubiquitous source is more than likely Facebook, as it has the largest user base. We want to achieve this with a combination of images, audio, personal information and video, taken directly from Facebook using a mobile to login, with content both from the users profile and content relevant to when the user is choosing to view.<\\/p>\",\"20\":\"\",\"15\":\"\",\"6\":[\"1\"],\"18\":\"\",\"19\":\"<p>Little Boxes is an interactive, digital time-capsule that allows viewers not only to become a part of the piece directly but also to explore digital information in an interesting way. Various wooden boxes of different sizes, shapes and designs are scattered around the space, each with their own screen stored inside. On entering the space, visitors are prompted to do two things; log into their Facebook account and choose a month and year they wish to view.<\\/p>\",\"16\":\"\",\"17\":\"\",\"3\":[\"new:Physical Computing\",\"new:Time Capsules\",\"new:Social Networks\"],\"8\":\"Interaction Design\",\"10\":\"\"}}', '2013-10-14 02:42:43', '2013-10-14 02:42:43', '0acb111c-144d-44bc-9b3d-b8437fb8a93d');
INSERT INTO `craft_entryversions` (`id`, `entryId`, `sectionId`, `creatorId`, `locale`, `notes`, `data`, `dateCreated`, `dateUpdated`, `uid`) VALUES ('24', '32', '7', '1', 'en_us', NULL, '{\"authorId\":\"1\",\"title\":\"Little Boxes\",\"slug\":\"little-boxes\",\"postDate\":1381718520,\"expiryDate\":null,\"enabled\":1,\"fields\":{\"2\":\"\",\"5\":\"Design Computing\",\"13\":\"\",\"7\":[\"31\"],\"14\":\"<p>Our concept, while still developing is centred around the idea of creating a room in which the user can login to and revisit both their online lives in the present or reverse the room to a time in their past. The goal is to immerse the user in their present and past as seamlessly as possible, while exhibiting their digital lives in an ordinary room, we want to use as many online sources of personal information as we can get, but realise the most ubiquitous source is more than likely Facebook, as it has the largest user base. We want to achieve this with a combination of images, audio, personal information and video, taken directly from Facebook using a mobile to login, with content both from the users profile and content relevant to when the user is choosing to view.<\\/p>\",\"20\":\"\",\"15\":\"\",\"6\":[\"1\"],\"18\":\"\",\"19\":\"<p>Little Boxes is an interactive, digital time-capsule that allows viewers not only to become a part of the piece directly but also to explore digital information in an interesting way. Various wooden boxes of different sizes, shapes and designs are scattered around the space, each with their own screen stored inside. On entering the space, visitors are prompted to do two things; log into their Facebook account and choose a month and year they wish to view.<\\/p>\",\"16\":\"\",\"17\":\"<p>Idea of the room<\\/p><p><img src=\\\"{asset:37:url}\\\"><\\/p><p>Individual Boxes<\\/p><p><img src=\\\"{asset:36:url}\\\"><\\/p>\",\"3\":[\"33\",\"34\",\"35\"],\"8\":\"Interaction Design\",\"10\":\"\"}}', '2013-10-14 02:58:02', '2013-10-14 02:58:02', '14ba7f32-b3c8-46cb-8994-41a1318e061e');
INSERT INTO `craft_entryversions` (`id`, `entryId`, `sectionId`, `creatorId`, `locale`, `notes`, `data`, `dateCreated`, `dateUpdated`, `uid`) VALUES ('25', '4', '3', '1', 'en_us', NULL, '{\"authorId\":\"1\",\"title\":\"Design Lab Featured Content\",\"slug\":\"design-lab-featured-content\",\"postDate\":1381641240,\"expiryDate\":null,\"enabled\":1,\"fields\":{\"2\":\"\",\"4\":[\"17\",\"20\",\"32\"],\"13\":\"\",\"14\":\"\",\"15\":\"\",\"18\":\"\",\"19\":\"\",\"16\":\"\",\"17\":\"\",\"10\":\"\"}}', '2013-10-14 03:21:24', '2013-10-14 03:21:24', '897cdcf3-76ba-4a79-8215-e1b0c1dd9e51');
INSERT INTO `craft_entryversions` (`id`, `entryId`, `sectionId`, `creatorId`, `locale`, `notes`, `data`, `dateCreated`, `dateUpdated`, `uid`) VALUES ('26', '32', '7', '1', 'en_us', NULL, '{\"authorId\":\"1\",\"title\":\"Little Boxes\",\"slug\":\"little-boxes\",\"postDate\":1381718520,\"expiryDate\":null,\"enabled\":1,\"fields\":{\"2\":\"\",\"5\":\"Design Computing\",\"13\":\"\",\"7\":[\"31\"],\"14\":\"<p>Our concept, while still developing is centred around the idea of creating a room in which the user can login to and revisit both their online lives in the present or reverse the room to a time in their past. The goal is to immerse the user in their present and past as seamlessly as possible, while exhibiting their digital lives in an ordinary room, we want to use as many online sources of personal information as we can get, but realise the most ubiquitous source is more than likely Facebook, as it has the largest user base. We want to achieve this with a combination of images, audio, personal information and video, taken directly from Facebook using a mobile to login, with content both from the users profile and content relevant to when the user is choosing to view.<\\/p>\",\"20\":\"\",\"15\":\"\",\"6\":[\"1\"],\"18\":\"\",\"19\":\"Little Boxes is an interactive, digital time-capsule that allows viewers not only to become a part of the piece directly but also to explore digital information in an interesting way. Various wooden boxes of different sizes, shapes and designs are scattered around the space, each with their own screen stored inside. On entering the space, visitors are prompted to do two things; log into their Facebook account and choose a month and year they wish to view.\",\"16\":\"\",\"17\":\"<p>Idea of the room<\\/p><p><img src=\\\"{asset:37:url}\\\"><\\/p><p>Individual Boxes<\\/p><p><img src=\\\"{asset:36:url}\\\"><\\/p>\",\"3\":[\"33\",\"34\",\"35\"],\"8\":\"Interaction Design\",\"10\":\"\"}}', '2013-10-14 04:11:11', '2013-10-14 04:11:11', 'e326058d-98f4-4fbe-be3d-4fefeda16da3');
INSERT INTO `craft_entryversions` (`id`, `entryId`, `sectionId`, `creatorId`, `locale`, `notes`, `data`, `dateCreated`, `dateUpdated`, `uid`) VALUES ('28', '4', '3', '1', 'en_us', NULL, '{\"authorId\":\"1\",\"title\":\"Design Lab Featured Content\",\"slug\":\"design-lab-featured-content\",\"postDate\":1381641240,\"expiryDate\":null,\"enabled\":1,\"fields\":{\"2\":\"\",\"4\":[\"20\",\"32\"],\"13\":\"\",\"14\":\"\",\"15\":\"\",\"18\":\"\",\"19\":\"\",\"16\":\"\",\"17\":\"\",\"10\":\"\"}}', '2013-10-14 04:27:14', '2013-10-14 04:27:14', 'be96559a-6d3b-4d4d-9b42-2281e93a5497');
INSERT INTO `craft_entryversions` (`id`, `entryId`, `sectionId`, `creatorId`, `locale`, `notes`, `data`, `dateCreated`, `dateUpdated`, `uid`) VALUES ('29', '39', '3', '1', 'en_us', NULL, '{\"authorId\":\"1\",\"title\":\"Design Lab News\",\"slug\":\"design-lab-news\",\"postDate\":1381730678,\"expiryDate\":null,\"enabled\":1,\"fields\":{\"2\":\"<p>Hey Hey Hey<\\/p>\",\"13\":\"\",\"7\":[\"22\"],\"14\":\"\",\"1\":\"The News you want today.\",\"15\":\"\",\"18\":\"\",\"16\":\"\",\"17\":\"\",\"3\":[\"new:news\"],\"10\":\"\"}}', '2013-10-14 06:04:38', '2013-10-14 06:04:38', '8c60c59e-2274-4ba2-950e-3e333358c931');
INSERT INTO `craft_entryversions` (`id`, `entryId`, `sectionId`, `creatorId`, `locale`, `notes`, `data`, `dateCreated`, `dateUpdated`, `uid`) VALUES ('30', '4', '3', '1', 'en_us', NULL, '{\"authorId\":\"1\",\"title\":\"Design Lab Featured Content\",\"slug\":\"design-lab-featured-content\",\"postDate\":1381641240,\"expiryDate\":null,\"enabled\":1,\"fields\":{\"2\":\"\",\"12\":[\"32\"],\"13\":\"\",\"14\":\"\",\"15\":\"\",\"18\":\"\",\"19\":\"\",\"16\":\"\",\"17\":\"\",\"10\":\"\"}}', '2013-10-14 06:05:49', '2013-10-14 06:05:49', '5e8ab7d3-f0d5-4b3c-a155-2f72745403af');
INSERT INTO `craft_entryversions` (`id`, `entryId`, `sectionId`, `creatorId`, `locale`, `notes`, `data`, `dateCreated`, `dateUpdated`, `uid`) VALUES ('31', '4', '3', '1', 'en_us', NULL, '{\"authorId\":\"1\",\"title\":\"Design Lab Featured Content\",\"slug\":\"design-lab-featured-content\",\"postDate\":1381641240,\"expiryDate\":null,\"enabled\":1,\"fields\":{\"2\":\"\",\"4\":[\"32\"],\"13\":\"\",\"14\":\"\",\"15\":\"\",\"18\":\"\",\"19\":\"\",\"16\":\"\",\"17\":\"\",\"10\":\"\"}}', '2013-10-14 06:05:57', '2013-10-14 06:05:57', '304c0752-dc76-4518-a422-cfb77555d8bc');
INSERT INTO `craft_entryversions` (`id`, `entryId`, `sectionId`, `creatorId`, `locale`, `notes`, `data`, `dateCreated`, `dateUpdated`, `uid`) VALUES ('32', '41', '11', '1', 'en_us', NULL, '{\"authorId\":\"1\",\"title\":\"This is Design Computing News\",\"slug\":\"hello\",\"postDate\":1381731248,\"expiryDate\":null,\"enabled\":1,\"fields\":{\"2\":\"\",\"13\":\"\",\"14\":\"\",\"15\":\"\",\"18\":\"\",\"16\":\"\",\"17\":\"\",\"10\":\"\"}}', '2013-10-14 06:14:08', '2013-10-14 06:14:08', '22fbca79-c090-4538-bc43-b7d36c0fda54');
INSERT INTO `craft_entryversions` (`id`, `entryId`, `sectionId`, `creatorId`, `locale`, `notes`, `data`, `dateCreated`, `dateUpdated`, `uid`) VALUES ('33', '41', '11', '1', 'en_us', NULL, '{\"authorId\":\"1\",\"title\":\"This is Design Computing News\",\"slug\":\"hello\",\"postDate\":1381731240,\"expiryDate\":null,\"enabled\":1,\"fields\":{\"2\":\"<p>Design Computing News<\\/p>\",\"13\":\"\",\"7\":[\"31\"],\"14\":\"\",\"1\":\"Design Computing News\",\"15\":\"\",\"18\":\"\",\"16\":\"\",\"17\":\"\",\"3\":[\"40\"],\"10\":\"\"}}', '2013-10-14 06:15:04', '2013-10-14 06:15:04', 'e71ff80a-95e9-4955-a864-e0ae6b718e92');
INSERT INTO `craft_entryversions` (`id`, `entryId`, `sectionId`, `creatorId`, `locale`, `notes`, `data`, `dateCreated`, `dateUpdated`, `uid`) VALUES ('34', '39', '3', '1', 'en_us', NULL, '{\"authorId\":\"1\",\"title\":\"Design Lab News\",\"slug\":\"design-lab-news\",\"postDate\":1381730640,\"expiryDate\":null,\"enabled\":1,\"fields\":{\"2\":\"<p>Hey Hey Hey<\\/p>\",\"13\":\"\",\"7\":[\"42\"],\"14\":\"\",\"1\":\"The News you want today.\",\"15\":\"\",\"18\":\"\",\"16\":\"\",\"17\":\"\",\"3\":[\"40\"],\"10\":\"\"}}', '2013-10-16 03:56:31', '2013-10-16 03:56:31', '6f1714db-5dbd-43df-a93e-f71a15304ecd');
INSERT INTO `craft_entryversions` (`id`, `entryId`, `sectionId`, `creatorId`, `locale`, `notes`, `data`, `dateCreated`, `dateUpdated`, `uid`) VALUES ('35', '41', '11', '1', 'en_us', NULL, '{\"authorId\":\"1\",\"title\":\"This is Design Computing News\",\"slug\":\"hello\",\"postDate\":1381731240,\"expiryDate\":null,\"enabled\":1,\"fields\":{\"2\":\"<p>Design Computing News<\\/p>\",\"13\":\"\",\"7\":[\"43\"],\"14\":\"\",\"1\":\"Design Computing News\",\"15\":\"\",\"18\":\"\",\"16\":\"\",\"17\":\"\",\"3\":[\"40\"],\"10\":\"\"}}', '2013-10-16 03:57:30', '2013-10-16 03:57:30', 'ed9a9185-f6d8-4225-8ab0-18d131d4be8b');
INSERT INTO `craft_entryversions` (`id`, `entryId`, `sectionId`, `creatorId`, `locale`, `notes`, `data`, `dateCreated`, `dateUpdated`, `uid`) VALUES ('36', '32', '7', '1', 'en_us', NULL, '{\"authorId\":\"1\",\"title\":\"Little Boxes\",\"slug\":\"little-boxes\",\"postDate\":1381718520,\"expiryDate\":null,\"enabled\":1,\"fields\":{\"2\":\"\",\"5\":\"Design Computing\",\"13\":\"\",\"7\":[\"45\"],\"14\":\"<p>Our concept, while still developing is centred around the idea of creating a room in which the user can login to and revisit both their online lives in the present or reverse the room to a time in their past. The goal is to immerse the user in their present and past as seamlessly as possible, while exhibiting their digital lives in an ordinary room, we want to use as many online sources of personal information as we can get, but realise the most ubiquitous source is more than likely Facebook, as it has the largest user base. We want to achieve this with a combination of images, audio, personal information and video, taken directly from Facebook using a mobile to login, with content both from the users profile and content relevant to when the user is choosing to view.<\\/p>\",\"20\":\"\",\"15\":\"\",\"6\":[\"1\"],\"18\":\"\",\"19\":\"Little Boxes is an interactive, digital time-capsule that allows viewers not only to become a part of the piece directly but also to explore digital information in an interesting way. Various wooden boxes of different sizes, shapes and designs are scattered around the space, each with their own screen stored inside. On entering the space, visitors are prompted to do two things; log into their Facebook account and choose a month and year they wish to view.\",\"16\":\"\",\"17\":\"<p>Idea of the room<\\/p><p><img src=\\\"{asset:37:url}\\\"><\\/p><p>Individual Boxes<\\/p><p><img src=\\\"{asset:36:url}\\\"><\\/p>\",\"3\":[\"33\",\"34\",\"35\"],\"8\":\"Interaction Design\",\"10\":\"\"}}', '2013-10-16 04:06:17', '2013-10-16 04:06:17', '52d036a6-5177-402f-9671-5470b2836164');
INSERT INTO `craft_entryversions` (`id`, `entryId`, `sectionId`, `creatorId`, `locale`, `notes`, `data`, `dateCreated`, `dateUpdated`, `uid`) VALUES ('37', '48', '11', '1', 'en_us', NULL, '{\"authorId\":\"1\",\"title\":\"Featured Projects\",\"slug\":\"featured-projects\",\"postDate\":1382319647,\"expiryDate\":null,\"enabled\":1,\"fields\":{\"2\":\"\",\"12\":[\"32\"],\"13\":\"\",\"14\":\"\",\"15\":\"\",\"18\":\"\",\"16\":\"\",\"17\":\"\",\"10\":\"\"}}', '2013-10-21 01:40:47', '2013-10-21 01:40:47', '9a14f7e6-d159-4b88-9f48-3cb54a343f20');
INSERT INTO `craft_entryversions` (`id`, `entryId`, `sectionId`, `creatorId`, `locale`, `notes`, `data`, `dateCreated`, `dateUpdated`, `uid`) VALUES ('38', '50', '11', '1', 'en_us', NULL, '{\"authorId\":\"1\",\"title\":\"Digital Innovation Prize Winners\",\"slug\":\"digital-innovation-prize-winners\",\"postDate\":1382321470,\"expiryDate\":null,\"enabled\":1,\"fields\":{\"2\":\"<p>The Faculty of Architecture, Design and Planning is pleased to announce two of its Master of Architecture students have won the Prize for Digital Innovation in the 2013 Australian Institute of Architects Student Awards.<\\/p><p>Jonathan Fernandes and James Ye-Won Lee\'s digital project presented the temporary structure and interior of a moveable theatre space. Able to be assembled and disassembled in 72 hours, the theatre is designed to appear alongside Sydney Festival\'s iconic Spiegeltent.<\\/p><p>\\\"You can pack it away, put it in a truck, move it somewhere else in a different location and put it up,\\\" says James<\\/p><p>\\\"It can be placed in different sites,\\\" says Jonathan<\\/p><p>The design allows the theatre\'s sounds and lights to guide audiences\' movements in and around the space. Audiences find themselves plunged deep in the immersive environment of the theatre.<\\/p><p>Their model\'s exceptional interactive ceiling was what set them apart.<\\/p><p>\\\"The ceiling can adapt depending on the type of theatre performance, \\\" says Jonathan.<\\/p><p>\\\"If you need the theatre to be more open, the ceiling could raise up if more people need to be accommodated, and it could lower to create a more intimate space.\\\"<\\/p><p>Entrants from three other universities offering architecture in NSW were in the running for the Digital Innovation Prize. This achievement for Faculty of Architecture, Design and Planning students Jonathan and James is \\\"great exposure,\\\" says Jonathan.<\\/p><p>The Faculty of Architecture, Design and Planning congratulates James and Jonathan on their outstanding success.<\\/p>\",\"13\":\"\",\"7\":[\"49\"],\"14\":\"\",\"1\":\"Faculty students awarded Prize for Digital Innovation\",\"15\":\"\",\"18\":\"\",\"16\":\"\",\"17\":\"\",\"3\":\"\",\"10\":\"\"}}', '2013-10-21 02:11:10', '2013-10-21 02:11:10', 'bc192a12-571e-420c-9a66-353d77f9a2b0');
INSERT INTO `craft_entryversions` (`id`, `entryId`, `sectionId`, `creatorId`, `locale`, `notes`, `data`, `dateCreated`, `dateUpdated`, `uid`) VALUES ('39', '17', '10', '1', 'en_us', NULL, '{\"authorId\":\"1\",\"title\":\"Making your BB10 app high resolution\",\"slug\":\"interaction-design-item\",\"postDate\":1381650600,\"expiryDate\":null,\"enabled\":1,\"fields\":{\"2\":\"<p>Some people have run into an issue with their BB10 app looking oversized when they tested on the actual device. This is because the BB10 has a high pixel density ratio and web content seems to be rendered by default at a low dpi. The effect is that all of the elements in your app look enlarged. <em>Note that this only happens when you explicitly set the width and height css elements on the &lt;body&gt; to 768px and 1280px respectively.<\\/em><\\/p><p>For most people who have not set the width and height of their &lt;body&gt; or any elements it contains to a certain pixel value and have instead set them to either 100% or just let the elements fill the space, this enlargement issue won\\u2019t happen. What will happen is that your app will render at about 160 pixels per inch. The BB10 however is capable of a resolution of <a href=\\\"https:\\/\\/developer.blackberry.com\\/devzone\\/design\\/devices_and_screen_sizes.html\\\">356 ppi<\\/a>. That means you are missing out on utilising the full resolution of the device and making a really great looking app.<\\/p><p>The solution is to adjust the \\u201cviewport\\u201d meta tag slightly. Usually we have had an attribute called \\u201cinitial-scale\\u201d that we set to 1.0 meaning that the app is neither zoomed in or out. To adjust for the higher pixel density in the BB10 we want to zoom out slightly. This means setting the \\u201cinitial-scale\\u201d to about 0.446.<\\/p><p>So your \\u201cviewport\\u201d meta tag should now look like this:<\\/p><p>&lt;meta name=\\u201dviewport\\u201d content=\\u201dwidth=device-width,initial-scale=0.446,user-scalable=no\\u201d&gt;<\\/p><p>You may have to adjust your html elements to suit the new resolution of your app. However it will be worth the effort when you end up with a much better looking app.<\\/p><p><strong>Reference:<\\/strong> <a href=\\\"http:\\/\\/supportforums.blackberry.com\\/t5\\/Web-and-WebWorks-Development\\/How-to-set-up-the-viewport-for-a-BlackBerry-WebWorks-application\\/ta-p\\/1943807\\\">How to set up the viewport for a BlackBerry WebWorks application for BlackBerry 10<\\/a><\\/p>\",\"5\":\"Design Computing\",\"13\":\"\",\"7\":[\"42\"],\"14\":\"\",\"1\":\"Some people have run into an issue with their BB10 app looking oversized when they tested on the actual device. \",\"15\":\"\",\"18\":\"\",\"16\":\"\",\"17\":\"\",\"3\":[\"18\"],\"8\":\"Interaction Design\",\"10\":\"\"}}', '2013-10-21 02:28:21', '2013-10-21 02:28:21', '26aa17ae-3e5f-4c87-90d6-7132f7d2ac02');
INSERT INTO `craft_entryversions` (`id`, `entryId`, `sectionId`, `creatorId`, `locale`, `notes`, `data`, `dateCreated`, `dateUpdated`, `uid`) VALUES ('40', '52', '11', '1', 'en_us', NULL, '{\"authorId\":\"1\",\"title\":\"Ecologies of invention\",\"slug\":\"ecologies-of-invention\",\"postDate\":1382324723,\"expiryDate\":null,\"enabled\":1,\"fields\":{\"2\":\"<p>Imagine the walls of a building letting in and circulating air - not the windows, the walls. This is what architect Doris Kim Sung has achieved in her work through the use of thermo-biometals - metals that curl and shift in response to sunlight and the weather - in the construction of buildings. With a background in biology, Doris based the idea of a \'breathing\' wall on the unique way in which a grasshopper takes in air through its sides and uses the air to cool its body. (You can find more information about Doris Kim Sung and her designs through the TED website: blog.tedx.com\\/post\\/64111337047\\/what-if-building-materials-were-more-like-skin.)<\\/p><p>What kind of person thinks to make this creative connection, from a grasshopper to a building material? How can people across various disciplines be encouraged and trained to make connections such as these; to work more inventively? Traditionally, invention has been seen as isolated to the realm of scientific discovery. But are artists, designers and musicians also inventors? The contributors to Ecologies of invention, (ed. Andy Dong, John Conomos and Brad Buckley) attempt to answer these questions - and ask and answer even more.<\\/p><p>Ecologies of Invention is the first collection of essays that brings together writers and scholars of international standing from the University of Sydney and beyond to examine the assumptions underlying notions of inventiveness. In doing so, an important distinction is made between \'inventiveness\' and \'creativity\'. Significantly, the contributors look at origins, approaches and attitudes towards inventiveness across the disciplines, including art, architecture, design, history, engineering, science, law and economics. As Marc Newson, designer of the famous Lockheed Lounge, points out in the Foreword, Ecologies of invention \'makes an important contribution to our understanding of that \\\"light bulb\\\" moment of realisation or invention that takes place across all disciplines\'. As well as sharing similarities across disciplines, the contributors demonstrate how invention on all different scales, from personal capacities to the social, spatial and network configurations, share similar processes and production.<\\/p><p>Edited by Andy Dong, Professor and ARC Future Fellow at the University of Sydney and holder of the Warren Centre Chair for Engineering Innovation; Brad Buckley, artist, activist, urbanist and Professor of Contemporary Art and Culture at Sydney College of the Arts; and John Conomos, artist, critic and theorist at Sydney College of the Arts, the concept of invention as explored in Ecologies of invention moves beyond the individual chapters and contributions by Faculty of Architecture Academics Lian Loke, Dagmar Reinhardt, Chris Smith and Rob Saunders, to the design of the book itself.<\\/p><p>The book poses new questions for scholars, artists, architects, designers, historians, engineers, scientists, lawyers and economists about the nature, origins and processes of invention.<\\/p><p>If you would like more information about the book, editors or contributors, please contact Sydney University Press at sup.info@sydney.edu.au.<\\/p>\",\"13\":\"\",\"7\":[\"51\"],\"14\":\"\",\"1\":\"Ecologies of Invention is the first collection of essays that brings together writers and scholars of international standing from the University of Sydney and beyond to examine the assumptions underlying notions of inventiveness.\",\"15\":\"\",\"18\":\"\",\"16\":\"\",\"17\":\"\",\"3\":\"\",\"10\":\"\"}}', '2013-10-21 03:05:23', '2013-10-21 03:05:23', '147598a5-b174-4497-bf46-19610932cf4b');
INSERT INTO `craft_entryversions` (`id`, `entryId`, `sectionId`, `creatorId`, `locale`, `notes`, `data`, `dateCreated`, `dateUpdated`, `uid`) VALUES ('41', '54', '11', '1', 'en_us', NULL, '{\"authorId\":\"1\",\"title\":\"Design Lab Research presented at OzChi Conference\",\"slug\":\"design-lab-research-presented-at-ozchi-conference\",\"postDate\":1382325000,\"expiryDate\":null,\"enabled\":1,\"fields\":{\"2\":\"<p>Cutting-edge research in human-computer interaction is the topic of discussion at the annual OzCHI Conference in Melbourne this year.<\\/p><p>OzCHI brings together researchers from across Australia to build networks, find collaborators and stay abreast of the latest knowledge of the way humans interact with computers.<\\/p><p>Design Lab lecturer and program director of the University\'s <a href=\\\"http:\\/\\/sydney.edu.au\\/architecture\\/programs_of_study\\/postgraduate\\/IDEA.shtml\\\">Master of Interaction Design and Electronic Arts (IDEA)<\\/a>, Lian Loke, says that OzChi is one of the best ways to present research and gain inspiration from others\' works.<\\/p><p>\\\"The conference does the equivalent of research speed dating. It gets everyone acquainted with everyone else\'s research,\\\" Loke said.<\\/p><p>\\\"We have also been constructing research trees that show the relationships between areas of research. Understanding these degrees of separation between active research projects lets us easily see where the field is headed.\\\"<\\/p><p>Yesterday, Loke and UTS collaborator Professor Toni Robertson ran a workshop, \'The Body in Design\'. The workshop involved designing for bodily experience and understanding bodily engagement in the design process.<\\/p><p><br><img id=\\\"processed\\\" src=\\\"http:\\/\\/www.arch.usyd.edu.au\\/images\\/news_events\\/2012\\/eloquentrobes.jpg\\\" align=\\\"right\\\" border=\\\"\\\">\\r\\n<\\/p><p>Design Lab PhD candidate, Ingrid Pohl, will present today a short paper, \'Engaging the sense of touch in interactive architecture\'. The paper explores the ideas manifest in her prototype sensitive surfaces, on display at the Design Lab\'s end of year festival, <a href=\\\"http:\\/\\/sydney.edu.au\\/architecture\\/events\\/organisedCacophony.shtml\\\">Organised Cacophony<\\/a>.<\\/p><p>IDEA research student, Claudia Nunez-Pacheco has also presented a poster, \'Eloquent Robes\' that explains the work currently exhibited at Organised Cacophony.<\\/p>\",\"13\":\"\",\"7\":[\"53\"],\"14\":\"\",\"1\":\"\\u200bCutting-edge research in human-computer interaction is the topic of discussion at the annual OzCHI Conference in Melbourne this year.\",\"15\":\"\",\"18\":\"\",\"16\":\"\",\"17\":\"\",\"3\":\"\",\"10\":\"\"}}', '2013-10-21 03:10:00', '2013-10-21 03:10:00', '90318ee0-55ed-4fd1-a768-f543e6534c81');
INSERT INTO `craft_entryversions` (`id`, `entryId`, `sectionId`, `creatorId`, `locale`, `notes`, `data`, `dateCreated`, `dateUpdated`, `uid`) VALUES ('42', '55', '10', '1', 'en_us', NULL, '{\"authorId\":\"1\",\"title\":\"Schedule 2012\",\"slug\":\"schedule-2012\",\"postDate\":1382327308,\"expiryDate\":null,\"enabled\":1,\"fields\":{\"2\":\"\",\"13\":\"\",\"14\":\"\",\"15\":\"\",\"18\":\"\",\"16\":\"\",\"21\":[{\"col1\":\"1\",\"col2\":\"3 Aug\",\"col3\":\"Introduction <a href=\\\"http:\\/\\/google.com<\\/a>Slides<\\/a>\",\"col4\":\"\",\"col5\":\"\"}],\"17\":\"\",\"10\":\"\"}}', '2013-10-21 03:48:28', '2013-10-21 03:48:28', '6b8cacd1-92cb-41c3-aaab-65d82ef6aad4');
INSERT INTO `craft_entryversions` (`id`, `entryId`, `sectionId`, `creatorId`, `locale`, `notes`, `data`, `dateCreated`, `dateUpdated`, `uid`) VALUES ('43', '55', '10', '1', 'en_us', NULL, '{\"authorId\":\"1\",\"title\":\"Schedule 2012\",\"slug\":\"schedule-2012\",\"postDate\":1382327280,\"expiryDate\":null,\"enabled\":1,\"fields\":{\"2\":\"\",\"13\":\"\",\"14\":\"\",\"15\":\"\",\"18\":\"\",\"16\":\"\",\"21\":[{\"col1\":\"1\",\"col2\":\"3 Aug\",\"col3\":\"Introduction <a href=\\\"http:\\/\\/google.com\\\"<\\/a>Slides<\\/a>\",\"col4\":\"\",\"col5\":\"\"}],\"17\":\"\",\"10\":\"\"}}', '2013-10-21 03:55:32', '2013-10-21 03:55:32', '0e5fb1f2-738e-4e4a-b622-fe0ac22211ad');
INSERT INTO `craft_entryversions` (`id`, `entryId`, `sectionId`, `creatorId`, `locale`, `notes`, `data`, `dateCreated`, `dateUpdated`, `uid`) VALUES ('44', '55', '10', '1', 'en_us', NULL, '{\"authorId\":\"1\",\"title\":\"Schedule 2012\",\"slug\":\"schedule-2012\",\"postDate\":1382327280,\"expiryDate\":null,\"enabled\":1,\"fields\":{\"2\":\"\",\"13\":\"\",\"14\":\"\",\"15\":\"\",\"18\":\"\",\"16\":\"\",\"21\":[{\"col1\":\"1\",\"col2\":\"3 Aug\",\"col3\":\"Introduction <a href=\\\"http:\\/\\/google.com\\\"<\\/a>Slides<\\/a>\",\"col4\":\"Design project intro (slides), design exercise\\t\",\"col6\":\"No Class\",\"col5\":\"\"},{\"col1\":\"2\",\"col2\":\"10 Aug\",\"col3\":\"Learning from everyday interfaces (slides)\\t\",\"col4\":\"Everyday interfaces activity (slides); User-centred design (slides)\\t\",\"col6\":\"Design activity; introduction of design brief; grounding research (slides)\\t\",\"col5\":\"Task (slides)\\r\\n\"}],\"17\":\"\",\"10\":\"\"}}', '2013-10-21 04:05:25', '2013-10-21 04:05:25', '65b99879-5ae3-4246-a05e-d63573176f04');
INSERT INTO `craft_entryversions` (`id`, `entryId`, `sectionId`, `creatorId`, `locale`, `notes`, `data`, `dateCreated`, `dateUpdated`, `uid`) VALUES ('45', '55', '10', '1', 'en_us', NULL, '{\"authorId\":\"1\",\"title\":\"Schedule 2012\",\"slug\":\"schedule-2012\",\"postDate\":1382327280,\"expiryDate\":null,\"enabled\":1,\"fields\":{\"2\":\"\",\"13\":\"\",\"14\":\"\",\"15\":\"\",\"18\":\"\",\"16\":\"\",\"21\":[{\"col1\":\"1\",\"col2\":\"3 Aug\",\"col3\":\"Introduction <a href=\\\"http:\\/\\/google.com\\\"<\\/a>Slides<\\/a>\",\"col4\":\"Design project intro (slides), design exercise\\t\",\"col6\":\"No Class\",\"col5\":\"\"},{\"col1\":\"2\",\"col2\":\"10 Aug\",\"col3\":\"Learning from everyday interfaces (slides)\\t\",\"col4\":\"Everyday interfaces activity (slides); User-centred design (slides)\\t\",\"col6\":\"Design activity; introduction of design brief; grounding research (slides)\\t\",\"col5\":\"Task (slides)\\r\\n\"},{\"col1\":\"3\",\"col2\":\"17 Aug\",\"col3\":\"Sketching ideas (slides)\\t\",\"col4\":\"Brainstorming (slides)\\t\",\"col6\":\"Responsive design (slides); Wireframing + activity (slides); work on scenarios, user stories, wireframes\\t\",\"col5\":\"Blog post: Grounding research \\u2013 find two related websites and discuss them\\r\\n\"},{\"col1\":\"\",\"col2\":\"\",\"col3\":\"\",\"col4\":\"\",\"col6\":\"\",\"col5\":\"\"}],\"17\":\"\",\"10\":\"\"}}', '2013-10-21 04:06:27', '2013-10-21 04:06:27', 'b8be4109-256f-4cc7-944c-18404274ef6d');
INSERT INTO `craft_entryversions` (`id`, `entryId`, `sectionId`, `creatorId`, `locale`, `notes`, `data`, `dateCreated`, `dateUpdated`, `uid`) VALUES ('46', '26', '10', '1', 'en_us', NULL, '{\"authorId\":\"1\",\"title\":\"Assignment 1\",\"slug\":\"assignment-1\",\"postDate\":1381663860,\"expiryDate\":null,\"enabled\":1,\"fields\":{\"2\":\"<p>Each group member to evaluate the mockups from Task 1c using one of the following methods:<\\/p><ul>\\r\\n<li>Usability test (with at least 2 users)<\\/li><li>Heuristic analysis (with at least 2 experts) using the <a href=\\\"http:\\/\\/www.useit.com\\/papers\\/heuristic\\/heuristic_list.html\\\">10 usability heuristics<\\/a> or the <a href=\\\"http:\\/\\/designingwebinterfaces.com\\/6-tips-for-a-great-flex-ux-part-5\\\">web application heuristics<\\/a>.<\\/li><li>Controlled experiment (with at least 2 users)<\\/li><\\/ul><p>To evaluate the mockups, you need to:<\\/p><ul>\\r\\n<li>Print your mockups<\\/li><li>Prepare your mockups for the evaluation if necessary, such as interactive elements like radio buttons, pop-up boxes, etc.<\\/li><li>Prepare any additional material needed for the study, such as task lists<\\/li><li>Recruit participants (NB: People from your class qualify as experts, but not as users<\\/li><\\/ul><p>Additionally you should conduct a short post-evaluation interview with your users or experts to find out about their general attitude towards your application concept, what things they liked about, what they didn\\u2019t, whether they were missing any features, etc.<\\/p><p>The minimum requirement is to evaluate the desktop version of your application, but you might want to include the mobile version as well to get early feedback from users\\/experts on this part as well.<\\/p><p><strong>Submission<\\/strong><br>Individual or group blog post describing, including the following:<\\/p><ul>\\r\\n<li>Short description of method<\\/li><li>Description of evaluation procedure, including the number of people tested and what their demographics are, such as age, profession, etc.<\\/li><li>One or more photos of your evaluation session. To respect the privacy of your participants take the photos from an angle in which their face isn\\u2019t visible.<\\/li><li>Findings: what were the main results of the evaluation as well as the post-evaluation interview<\\/li><li>Suggestions for improvements to the interface based on the findings<\\/li><\\/ul><p>The blog post submission is due on <del>Thursday 13 September<\\/del> Sunday 16 September, 8pm. (There is no Blackboard submission.)<\\/p><p>The next task \\u2014 to develop the interactive prototype \\u2014 is due 11 October.<\\/p><p><strong>Resources<\\/strong><br><a href=\\\"http:\\/\\/web.arch.usyd.edu.au\\/~mtomitsch\\/teaching\\/2012\\/deco2200\\/material\\/Designbrief.pdf\\\">Design brief<\\/a> (pdf)<br><a href=\\\"http:\\/\\/www.useit.com\\/papers\\/heuristic\\/heuristic_evaluation.html\\\">How to conduct a heuristic evaluation<\\/a><br><a href=\\\"http:\\/\\/designingwebinterfaces.com\\/6-tips-for-a-great-flex-ux-part-5\\\">10 heuristics in web applications<\\/a><br><a href=\\\"http:\\/\\/www.useit.com\\/papers\\/heuristic\\/heuristic_list.html\\\">Nielsen\\u2019s 10 usability heuristics<\\/a><br><a href=\\\"http:\\/\\/www.useit.com\\/alertbox\\/20000319.html\\\">Why you only need to test with 5 users<\\/a><br><a href=\\\"http:\\/\\/dschool.stanford.edu\\/wp-content\\/uploads\\/2011\\/03\\/BootcampBootleg2010v2SLIM.pdf\\\">d.school bootcamp bootleg\\u2028<\\/a> (pdf) \\u2014 see pages 34 and 35<br><a href=\\\"http:\\/\\/www.ok-cancel.com\\/\\\">OK\\/Cancel<\\/a> \\u2014 comics on usability and human computer interaction<\\/p><p><a href=\\\"http:\\/\\/www.userfocus.co.uk\\/articles\\/index.html\\\" style=\\\"font-family: Arial, Helvetica, Verdana, Tahoma, sans-serif;\\\">User Focus<\\/a> \\u2014 articles and resources\\u2028 for further reading<\\/p>\",\"22\":\"<p>Design Brief<\\/p><p>A printing form is interested in experimenting with generative art and design and has approached you to develop software that will generate variations on a theme, such that every customer has a unique print. The designs will be printed on either apparel (e.g. t-shirts, shoes, etc.), posters or postcards. The client has proposed the following themes:<\\/p><ol>\\r\\n<li>Movement and Energy<\\/li><li>Balance and Harmony<\\/li><\\/ol><p>You job as a designer is to select one of these themes and one or more of the product categories and develop a sketch in Processing that will generate suitable design variations that expresses that theme. You should pay careful attention to the constraints that the different types of products impose on your design.<\\/p><p><strong>Develop a sketch that draws a variation upon a design each time it is run.<\\/strong> The sketch should consist of a number of variations upon a design. The design and implementation of the sketch should satisfy the following requirements:<\\/p><p>Design Constraints<\\/p><ol>\\r\\n<li>up to 400x400 static image (no animation, no 3D), e.g., 400x300 for postcards<\\/li><li>no text (the imagery should convey the theme without text)<\\/li><li>no images or vector shapes may be loaded from files<\\/li><\\/ol><p><strong>Technical Constraints<br><\\/strong><\\/p><ol>\\r\\n<li>The code should use the following features from Processing:<\\/li><li>Variables<\\/li><li>Randomness \\/ Variability<\\/li><li>Conditional statements<\\/li><li>Loops (optional)<\\/li><li>Drawing commands<\\/li><\\/ol><p>The static image should be created using only the drawing commands available through the Processing environment. No images or vector shapes should be loaded from external files.<\\/p>\",\"23\":\"2013-11-21 20:00:00\",\"13\":\"\",\"14\":\"\",\"11\":\"\",\"15\":\"\",\"18\":\"\",\"26\":\"\",\"16\":\"\",\"17\":\"\",\"24\":\"<p>The assignment submission will consist of a portfolio post that includes:<\\/p><ol>\\r\\n<li>A sketch that shows the final version of the your design<\\/li><li>A description of your sketch, explaining the design concept together with references to inspirational material and any sketches that you developed during development<\\/li><\\/ol><p>Submission of the assignment will be via Blackboard. To submit your assignment you first need to \\\"export\\\" you portfolio post, which will create a ZIP file. You can then upload the ZIP file to Blackboard.<\\/p>\",\"25\":\"<p>The following may provide inspiration for this assignment but you should not limit your research to them:<\\/p><ul>\\r\\n<li><a href=\\\"http:\\/\\/n-e-r-v-o-u-s.com\\/\\\">Nervous System<\\/a> specialises in using generative processes inspired by natured to design jewellery and other items<\\/li><li><a href=\\\"http:\\/\\/shapeways.com\\/\\\">Shapeways<\\/a> specialises in providing 3D printing technology online and has developed a number of generative design tools<\\/li><\\/ul><h4>People<\\/h4><ul>\\r\\n<li><a href=\\\"http:\\/\\/reas.com\\/\\\">Casey Reas<\\/a> - see also Reas\' earlier works (before Processing) at <a href=\\\"http:\\/\\/www.groupc.net\\/\\\">http:\\/\\/www.groupc.net\\/<\\/a><\\/li><li><a href=\\\"http:\\/\\/benfry.com\\/\\\">Ben Fry<\\/a> - see also Fry\'s designs and illustrations at his company <a href=\\\"http:\\/\\/fathom.info\\/\\\">Fathom<\\/a><\\/li><li><a href=\\\"http:\\/\\/www.levitated.net\\/\\\">Jared Tarbell<\\/a> - see also Tarbell\'s works not done in Processing can be found at<a href=\\\"http:\\/\\/www.complexification.net\\/\\\">http:\\/\\/www.complexification.net\\/<\\/a><\\/li><li><a href=\\\"http:\\/\\/toxi.co.uk\\/\\\">Karsten Schmidt<\\/a> (a.k.a. Toxi) - see also Schmidt\'s design at his company <a href=\\\"http:\\/\\/postspectacular.com\\/\\\">PostSpectacular<\\/a><\\/li><li><a href=\\\"http:\\/\\/mariuswatz.com\\/\\\">Marius Watz<\\/a> - see also Watz\'s earlier works at <a href=\\\"http:\\/\\/www.unlekker.net\\/\\\">http:\\/\\/www.unlekker.net\\/<\\/a>,<a href=\\\"http:\\/\\/www.evolutionzone.com\\/\\\">http:\\/\\/www.evolutionzone.com\\/<\\/a> and his blog at <a href=\\\"http:\\/\\/www.generatorx.no\\/\\\">http:\\/\\/www.generatorx.no\\/<\\/a><\\/li><\\/ul><h4>Books<\\/h4><ul>\\r\\n<li><a href=\\\"http:\\/\\/formandcode.com\\/\\\">Form + Code<\\/a><\\/li><li><a href=\\\"http:\\/\\/writtenimages.net\\/\\\">Written Images<\\/a><\\/li><\\/ul>\",\"3\":[\"27\",\"28\",\"29\"],\"10\":\"\"}}', '2013-10-21 05:13:58', '2013-10-21 05:13:58', '4fb2957b-d365-429a-841a-503c987113d6');
INSERT INTO `craft_entryversions` (`id`, `entryId`, `sectionId`, `creatorId`, `locale`, `notes`, `data`, `dateCreated`, `dateUpdated`, `uid`) VALUES ('47', '25', '9', '1', 'en_us', NULL, '{\"authorId\":\"1\",\"title\":\"Interaction Design Assignment Submission\",\"slug\":\"interaction-design-assignment-submission\",\"postDate\":1381662840,\"expiryDate\":null,\"enabled\":1,\"fields\":{\"2\":\"<p>Set<\\/p>\",\"22\":\"\",\"13\":\"\",\"14\":\"\",\"1\":\"Hello\",\"27\":\"Assignment 1\",\"15\":\"\",\"6\":[\"7\"],\"18\":\"\",\"16\":\"\",\"17\":\"\",\"24\":\"\",\"25\":\"\",\"3\":\"\",\"10\":\"\"}}', '2013-10-21 05:50:51', '2013-10-21 05:50:51', '2d7b73dc-b4a9-4d07-a377-6b2115274df4');
INSERT INTO `craft_entryversions` (`id`, `entryId`, `sectionId`, `creatorId`, `locale`, `notes`, `data`, `dateCreated`, `dateUpdated`, `uid`) VALUES ('48', '25', '9', '1', 'en_us', NULL, '{\"authorId\":\"1\",\"title\":\"Interaction Design Assignment Submission\",\"slug\":\"interaction-design-assignment-submission\",\"postDate\":1381662840,\"expiryDate\":null,\"enabled\":1,\"fields\":{\"2\":\"<p>Set<\\/p>\",\"22\":\"\",\"13\":\"\",\"7\":[\"49\"],\"14\":\"\",\"1\":\"Hello\",\"27\":\"Assignment 1\",\"15\":\"\",\"6\":[\"7\"],\"18\":\"\",\"16\":\"\",\"17\":\"\",\"24\":\"\",\"25\":\"\",\"3\":\"\",\"10\":\"\"}}', '2013-10-21 06:00:20', '2013-10-21 06:00:20', '5e803459-08c4-4fd9-8c29-a7d9672ca003');
INSERT INTO `craft_entryversions` (`id`, `entryId`, `sectionId`, `creatorId`, `locale`, `notes`, `data`, `dateCreated`, `dateUpdated`, `uid`) VALUES ('49', '25', '9', '1', 'en_us', NULL, '{\"authorId\":\"1\",\"title\":\"Interaction Design Assignment Submission\",\"slug\":\"interaction-design-assignment-submission\",\"postDate\":1381662840,\"expiryDate\":null,\"enabled\":1,\"fields\":{\"2\":\"<p><strong>Website Mockups<\\/strong><\\/p><p>Redesigning: <a href=\\\"http:\\/\\/animania.net.au\\/2012\\/sydney-september\\\">http:\\/\\/animania.net.au\\/2012\\/sydney-september<\\/a><\\/p><p><a href=\\\"http:\\/\\/www.deco2200.net\\/2012\\/wp-content\\/uploads\\/2012\\/08\\/mockup_site_MAIN.jpg\\\"><img src=\\\"http:\\/\\/www.deco2200.net\\/2012\\/wp-content\\/uploads\\/2012\\/08\\/mockup_site_MAIN-1024x814.jpg\\\" alt=\\\"\\\" width=\\\"584\\\" height=\\\"464\\\"><\\/a><\\/p><p><a href=\\\"http:\\/\\/www.deco2200.net\\/2012\\/wp-content\\/uploads\\/2012\\/08\\/mockup_site_MAIN_DROPDOWN.jpg\\\"><img src=\\\"http:\\/\\/www.deco2200.net\\/2012\\/wp-content\\/uploads\\/2012\\/08\\/mockup_site_MAIN_DROPDOWN-150x150.jpg\\\" alt=\\\"\\\" width=\\\"150\\\" height=\\\"150\\\"><\\/a><a href=\\\"http:\\/\\/www.deco2200.net\\/2012\\/wp-content\\/uploads\\/2012\\/08\\/mockup_site_MAIN_SCROLLEDDOWN.jpg\\\"><img src=\\\"http:\\/\\/www.deco2200.net\\/2012\\/wp-content\\/uploads\\/2012\\/08\\/mockup_site_MAIN_SCROLLEDDOWN-150x150.jpg\\\" alt=\\\"\\\" width=\\\"150\\\" height=\\\"150\\\"><\\/a><a href=\\\"http:\\/\\/www.deco2200.net\\/2012\\/wp-content\\/uploads\\/2012\\/08\\/mockup_site_ABOUT.jpg\\\"><img src=\\\"http:\\/\\/www.deco2200.net\\/2012\\/wp-content\\/uploads\\/2012\\/08\\/mockup_site_ABOUT-150x150.jpg\\\" alt=\\\"\\\" width=\\\"150\\\" height=\\\"150\\\"><\\/a><a href=\\\"http:\\/\\/www.deco2200.net\\/2012\\/wp-content\\/uploads\\/2012\\/08\\/mockup_site_COSPLAY.jpg\\\"><img src=\\\"http:\\/\\/www.deco2200.net\\/2012\\/wp-content\\/uploads\\/2012\\/08\\/mockup_site_COSPLAY-150x150.jpg\\\" alt=\\\"\\\" width=\\\"150\\\" height=\\\"150\\\"><\\/a><\\/p><p>The website was designed so that users new to Animania can get a grasp of what the event is all about- through the featured section on the home page(first image), whilst users who know what they are looking for (e.g. competition prizes, etc) can navigate directly to those pages through the easy to use and logical drop-down menus at the top of the site. The home page also includes other important updates underneath the featured box as well the Facebook, Twitter and RSS buttons, and links to the sponsors at the bottom of the page. The red and orange colour scheme is consistent throughout the site and is appropriate for the Anime\\/Cartoony theme and context. We also created some graphics in the top banner to make the site more fun compared to the black and white palette of the current site.<\\/p><p><strong>Smartphone App<\\/strong><\\/p><p><a href=\\\"http:\\/\\/www.deco2200.net\\/2012\\/wp-content\\/uploads\\/2012\\/08\\/mockup_app_MAIN.png\\\"><img src=\\\"http:\\/\\/www.deco2200.net\\/2012\\/wp-content\\/uploads\\/2012\\/08\\/mockup_app_MAIN-150x150.png\\\" alt=\\\"\\\" width=\\\"150\\\" height=\\\"150\\\"><\\/a><a href=\\\"http:\\/\\/www.deco2200.net\\/2012\\/wp-content\\/uploads\\/2012\\/08\\/mockup_app_NEWS.png\\\"><img src=\\\"http:\\/\\/www.deco2200.net\\/2012\\/wp-content\\/uploads\\/2012\\/08\\/mockup_app_NEWS-150x150.png\\\" alt=\\\"\\\" width=\\\"150\\\" height=\\\"150\\\"><\\/a><a href=\\\"http:\\/\\/www.deco2200.net\\/2012\\/wp-content\\/uploads\\/2012\\/08\\/mockup_app_PHOTOS.png\\\"><img src=\\\"http:\\/\\/www.deco2200.net\\/2012\\/wp-content\\/uploads\\/2012\\/08\\/mockup_app_PHOTOS-150x150.png\\\" alt=\\\"\\\" width=\\\"150\\\" height=\\\"150\\\"><\\/a><a href=\\\"http:\\/\\/www.deco2200.net\\/2012\\/wp-content\\/uploads\\/2012\\/08\\/mockup_app_PHOTOS_PRESSEDON.png\\\"><img src=\\\"http:\\/\\/www.deco2200.net\\/2012\\/wp-content\\/uploads\\/2012\\/08\\/mockup_app_PHOTOS_PRESSEDON-150x150.png\\\" alt=\\\"\\\" width=\\\"150\\\" height=\\\"150\\\"><\\/a><\\/p><p>The app was designed for practical use at Animania with utility functions such as event information and a map, but also includes the featured function of taking and uploading photos on the spot. The first image is the splash screen you see when first opening the app, it has 4 category buttons with images, which when pressed will take you to the format in the rest of the mockup images- the menu changing into the bar at the top. The news screen shows a list of shortened news feed updates, which when pressed will expand out downwards(image 2). Pressing the Photo section will open up the gallery of photos taken and uploaded by people at the event and pressing on a thumbnail will enlarge the picture as in the last mockup image, with a black opacity background. Finally, the colour scheme of the app was designed to be consistent with the website and the functionality designed with having it simple and compact for quick use on-the-go at the event.<\\/p>\",\"22\":\"\",\"13\":\"\",\"7\":[\"49\"],\"14\":\"\",\"1\":\"Hello\",\"27\":\"Assignment 1\",\"15\":\"\",\"6\":[\"7\",\"1\"],\"18\":\"\",\"16\":\"\",\"17\":\"\",\"24\":\"\",\"25\":\"\",\"3\":\"\",\"10\":\"\"}}', '2013-10-21 06:27:18', '2013-10-21 06:27:18', '36325592-2c66-46d9-9f9c-82338dcdccb3');
INSERT INTO `craft_entryversions` (`id`, `entryId`, `sectionId`, `creatorId`, `locale`, `notes`, `data`, `dateCreated`, `dateUpdated`, `uid`) VALUES ('50', '54', '11', '1', 'en_us', NULL, '{\"authorId\":\"1\",\"title\":\"Design Lab Research presented at OzChi Conference\",\"slug\":\"design-lab-research-presented-at-ozchi-conference\",\"postDate\":1382325000,\"expiryDate\":null,\"enabled\":1,\"fields\":{\"2\":\"<p>Cutting-edge research in human-computer interaction is the topic of discussion at the annual OzCHI Conference in Melbourne this year.<\\/p><p>OzCHI brings together researchers from across Australia to build networks, find collaborators and stay abreast of the latest knowledge of the way humans interact with computers.<\\/p><p>Design Lab lecturer and program director of the University\'s <a href=\\\"http:\\/\\/sydney.edu.au\\/architecture\\/programs_of_study\\/postgraduate\\/IDEA.shtml\\\">Master of Interaction Design and Electronic Arts (IDEA)<\\/a>, Lian Loke, says that OzChi is one of the best ways to present research and gain inspiration from others\' works.<\\/p><p>\\\"The conference does the equivalent of research speed dating. It gets everyone acquainted with everyone else\'s research,\\\" Loke said.<\\/p><p>\\\"We have also been constructing research trees that show the relationships between areas of research. Understanding these degrees of separation between active research projects lets us easily see where the field is headed.\\\"<\\/p><p>Yesterday, Loke and UTS collaborator Professor Toni Robertson ran a workshop, \'The Body in Design\'. The workshop involved designing for bodily experience and understanding bodily engagement in the design process.<\\/p><p><img id=\\\"processed\\\" src=\\\"http:\\/\\/www.arch.usyd.edu.au\\/images\\/news_events\\/2012\\/eloquentrobes.jpg\\\" align=\\\"right\\\" border=\\\"\\\" style=\\\"float: left;\\\" alt=\\\"\\\"><\\/p><p><br><\\/p><p>Design Lab PhD candidate, Ingrid Pohl, will present today a short paper, \'Engaging the sense of touch in interactive architecture\'. The paper explores the ideas manifest in her prototype sensitive surfaces, on display at the Design Lab\'s end of year festival, <a href=\\\"http:\\/\\/sydney.edu.au\\/architecture\\/events\\/organisedCacophony.shtml\\\" style=\\\"font-family: Arial, Helvetica, Verdana, Tahoma, sans-serif;\\\">Organised Cacophony<\\/a>.<\\/p><p>IDEA research student, Claudia Nunez-Pacheco has also presented a poster, \'Eloquent Robes\' that explains the work currently exhibited at Organised Cacophony.<\\/p>\",\"22\":\"\",\"13\":\"\",\"7\":[\"53\"],\"14\":\"\",\"1\":\"\\u200bCutting-edge research in human-computer interaction is the topic of discussion at the annual OzCHI Conference in Melbourne this year.\",\"15\":\"\",\"18\":\"\",\"16\":\"\",\"17\":\"\",\"24\":\"\",\"25\":\"\",\"3\":\"\",\"10\":\"\"}}', '2013-10-21 06:41:39', '2013-10-21 06:41:39', '7c294c97-b97b-4466-9c76-4ad8501b7eb9');
INSERT INTO `craft_entryversions` (`id`, `entryId`, `sectionId`, `creatorId`, `locale`, `notes`, `data`, `dateCreated`, `dateUpdated`, `uid`) VALUES ('51', '54', '11', '1', 'en_us', NULL, '{\"authorId\":\"1\",\"title\":\"Design Lab Research presented at OzChi Conference\",\"slug\":\"design-lab-research-presented-at-ozchi-conference\",\"postDate\":1382325000,\"expiryDate\":null,\"enabled\":1,\"fields\":{\"2\":\"<p>\\r\\n\\tCutting-edge research in human-computer interaction is the topic of discussion at the annual OzCHI Conference in Melbourne this year.<\\/p><p>\\r\\n\\tOzCHI brings together researchers from across Australia to build networks, find collaborators and stay abreast of the latest knowledge of the way humans interact with computers.<\\/p><p>\\r\\n\\tDesign Lab lecturer and program director of the University\'s <a href=\\\"http:\\/\\/sydney.edu.au\\/architecture\\/programs_of_study\\/postgraduate\\/IDEA.shtml\\\">Master of Interaction Design and Electronic Arts (IDEA)<\\/a>, Lian Loke, says that OzChi is one of the best ways to present research and gain inspiration from others\' works.<\\/p><p>\\r\\n\\t\\\"The conference does the equivalent of research speed dating. It gets everyone acquainted with everyone else\'s research,\\\" Loke said.<\\/p><p>\\r\\n\\t\\\"We have also been constructing research trees that show the relationships between areas of research. Understanding these degrees of separation between active research projects lets us easily see where the field is headed.\\\"<\\/p><p>\\r\\n\\tYesterday, Loke and UTS collaborator Professor Toni Robertson ran a workshop, \'The Body in Design\'. The workshop involved designing for bodily experience and understanding bodily engagement in the design process.<\\/p><p>\\r\\n\\t<img id=\\\"processed\\\" src=\\\"http:\\/\\/www.arch.usyd.edu.au\\/images\\/news_events\\/2012\\/eloquentrobes.jpg\\\" align=\\\"right\\\" border=\\\"\\\" style=\\\"float: right;\\\" alt=\\\"\\\"><\\/p><p>\\r\\n\\tDesign Lab PhD candidate, Ingrid Pohl, will present today a short paper, \'Engaging the sense of touch in interactive architecture\'. The paper explores the ideas manifest in her prototype sensitive surfaces, on display at the Design Lab\'s end of year festival, <a href=\\\"http:\\/\\/sydney.edu.au\\/architecture\\/events\\/organisedCacophony.shtml\\\" style=\\\"font-family: Arial, Helvetica, Verdana, Tahoma, sans-serif;\\\">Organised Cacophony<\\/a>.<\\/p><p>\\r\\n\\tIDEA research student, Claudia Nunez-Pacheco has also presented a poster, \'Eloquent Robes\' that explains the work currently exhibited at Organised Cacophony.<\\/p>\",\"22\":\"\",\"13\":\"\",\"7\":[\"53\"],\"14\":\"\",\"1\":\"\\u200bCutting-edge research in human-computer interaction is the topic of discussion at the annual OzCHI Conference in Melbourne this year.\",\"15\":\"\",\"18\":\"\",\"16\":\"\",\"17\":\"\",\"24\":\"\",\"25\":\"\",\"3\":\"\",\"10\":\"\"}}', '2013-10-21 06:43:37', '2013-10-21 06:43:37', '5daeced0-78cd-41d2-b646-614bc1795f1b');
INSERT INTO `craft_entryversions` (`id`, `entryId`, `sectionId`, `creatorId`, `locale`, `notes`, `data`, `dateCreated`, `dateUpdated`, `uid`) VALUES ('52', '57', '9', '1', 'en_us', NULL, '{\"authorId\":\"1\",\"title\":\"Assignment\",\"slug\":\"assignment\",\"postDate\":1382412573,\"expiryDate\":null,\"enabled\":1,\"fields\":{\"2\":\"<p>Tech Tech Tech<\\/p>\",\"22\":\"\",\"13\":\"\",\"7\":\"\",\"14\":\"\",\"1\":\"I am an Assignment\",\"27\":\"Assignment 1\",\"15\":\"\",\"6\":[\"23\"],\"18\":\"\",\"16\":\"\",\"17\":\"\",\"24\":\"\",\"25\":\"\",\"3\":\"\",\"10\":\"\"}}', '2013-10-22 03:29:33', '2013-10-22 03:29:33', 'dc87a19d-f277-44ff-8635-4664d6368fae');
INSERT INTO `craft_entryversions` (`id`, `entryId`, `sectionId`, `creatorId`, `locale`, `notes`, `data`, `dateCreated`, `dateUpdated`, `uid`) VALUES ('53', '61', '13', '1', 'en_us', NULL, '{\"authorId\":\"1\",\"title\":\"How sensor networks augment and mediate human experience, interaction, and perception.\",\"slug\":\"how-sensor-networks-augment-and-mediate-human-experience-interaction-and-perception.\",\"postDate\":1382489052,\"expiryDate\":null,\"enabled\":1,\"fields\":{\"2\":\"<div>\\r\\n<div>We explore how sensor networks augment and mediate human experience, interaction and perception, while developing new sensing modalities and enabling technologies that create new forms of interactive experience and expression. Our current research encompasses the development and application of various types of sensor networks, energy harvesting and power management, and the technical foundation of ubiquitous computing. Our work is highlighted in diverse application areas, which have included automotive systems, smart highways, medical instrumentation, RFID, wearable computing, and interactive media.<\\/div><\\/div>\",\"22\":\"\",\"13\":\"\",\"7\":[\"60\"],\"14\":\"\",\"1\":\"How new technologies can help people better communicate, understand, and respond to affective information.\",\"15\":\"\",\"18\":\"\",\"16\":\"\",\"30\":\"Computational Design\",\"17\":\"\",\"24\":\"\",\"25\":\"\",\"3\":\"\",\"10\":\"\"}}', '2013-10-23 00:44:13', '2013-10-23 00:44:13', '3ac060b5-1d77-4cdd-8d46-cc0d257ffa61');
INSERT INTO `craft_entryversions` (`id`, `entryId`, `sectionId`, `creatorId`, `locale`, `notes`, `data`, `dateCreated`, `dateUpdated`, `uid`) VALUES ('54', '61', '13', '1', 'en_us', NULL, '{\"authorId\":\"1\",\"title\":\"Computational Design\",\"slug\":\"computational-design\",\"postDate\":1382489040,\"expiryDate\":null,\"enabled\":1,\"fields\":{\"2\":\"<div>We explore how sensor networks augment and mediate human experience, interaction and perception, while developing new sensing modalities and enabling technologies that create new forms of interactive experience and expression. Our current research encompasses the development and application of various types of sensor networks, energy harvesting and power management, and the technical foundation of ubiquitous computing. Our work is highlighted in diverse application areas, which have included automotive systems, smart highways, medical instrumentation, RFID, wearable computing, and interactive media.<\\/div>\",\"22\":\"\",\"13\":\"\",\"7\":[\"60\"],\"14\":\"\",\"1\":\"How sensor networks augment and mediate human experience, interaction, and perception.\",\"15\":\"\",\"18\":\"\",\"16\":\"\",\"30\":\"Computational Design\",\"17\":\"\",\"24\":\"\",\"25\":\"\",\"3\":\"\",\"10\":\"\"}}', '2013-10-23 00:44:58', '2013-10-23 00:44:58', '17d2fc13-ca4e-4ac8-a57f-dbf31f09bccd');
INSERT INTO `craft_entryversions` (`id`, `entryId`, `sectionId`, `creatorId`, `locale`, `notes`, `data`, `dateCreated`, `dateUpdated`, `uid`) VALUES ('55', '63', '14', '1', 'en_us', NULL, '{\"authorId\":\"1\",\"title\":\"Enhancing interactivity at an interactive public information display. In Proceedings of the 2nd International Symposium on Pervasive Displays 2013 (PerDis\'13), ACM Press.\",\"slug\":\"enhancing-interactivity-at-an-interactive-public-information-display.-in-proceedings-of-the-2nd-international-symposium-on-pervasive-displays-2013-perdis13-acm-press.\",\"postDate\":1382491026,\"expiryDate\":null,\"enabled\":1,\"fields\":{\"2\":\"\",\"29\":[\"58\"],\"22\":\"\",\"13\":\"\",\"14\":\"\",\"15\":\"\",\"18\":\"\",\"16\":\"\",\"31\":\"<p>A key challenge for creating large interactive displays in public spaces is in the definition of ways for the user to interact that are effective and easy to learn. This paper presents the outcomes of user evaluation sessions designed to test a series of different gestures for people interacting with large displays in the public space. It is an initial step towards the broader goal of establishing a natural means for immersive interactions. The paper proposes a set of simple gestures for the execution of the basic actions of selecting and rearranging items in a large-scale dashboard. We performed a comparative analysis of the gestures, leading to a more in-depth understanding of the nature of spatial interaction between people and large public displays. More specifically, the analysis focuses on the scenarios when the interaction is restricted to an individual\'s own body, without any further assistance from associated devices. The findings converge into the elaboration of a model for assisting with the applicability of spatial gestures in response to both the context and the content they are applied to.<\\/p>\",\"32\":[\"62\"],\"17\":\"\",\"24\":\"\",\"25\":\"\",\"10\":\"\"}}', '2013-10-23 01:17:06', '2013-10-23 01:17:06', 'e664ffb6-a1bd-4ecd-9ede-af62fcb0a137');
INSERT INTO `craft_entryversions` (`id`, `entryId`, `sectionId`, `creatorId`, `locale`, `notes`, `data`, `dateCreated`, `dateUpdated`, `uid`) VALUES ('56', '63', '14', '1', 'en_us', NULL, '{\"authorId\":\"1\",\"title\":\"Enhancing interactivity at an interactive public information display.\",\"slug\":\"enhancing-interactivity-at-an-interactive-public-information-display\",\"postDate\":1382491020,\"expiryDate\":null,\"enabled\":1,\"fields\":{\"2\":\"\",\"29\":[\"58\"],\"22\":\"\",\"13\":\"\",\"14\":\"\",\"15\":\"\",\"18\":\"\",\"16\":\"\",\"31\":\"<p>A key challenge for creating large interactive displays in public spaces is in the definition of ways for the user to interact that are effective and easy to learn. This paper presents the outcomes of user evaluation sessions designed to test a series of different gestures for people interacting with large displays in the public space. It is an initial step towards the broader goal of establishing a natural means for immersive interactions. The paper proposes a set of simple gestures for the execution of the basic actions of selecting and rearranging items in a large-scale dashboard. We performed a comparative analysis of the gestures, leading to a more in-depth understanding of the nature of spatial interaction between people and large public displays. More specifically, the analysis focuses on the scenarios when the interaction is restricted to an individual\'s own body, without any further assistance from associated devices. The findings converge into the elaboration of a model for assisting with the applicability of spatial gestures in response to both the context and the content they are applied to.<\\/p>\",\"32\":[\"62\"],\"17\":\"\",\"24\":\"\",\"25\":\"\",\"10\":\"\"}}', '2013-10-23 01:17:40', '2013-10-23 01:17:40', 'b2359ce9-643f-43af-8e05-2d40028eaa3b');
INSERT INTO `craft_entryversions` (`id`, `entryId`, `sectionId`, `creatorId`, `locale`, `notes`, `data`, `dateCreated`, `dateUpdated`, `uid`) VALUES ('57', '61', '13', '1', 'en_us', NULL, '{\"authorId\":\"1\",\"title\":\"Computational Design\",\"slug\":\"computational-design\",\"postDate\":1382489040,\"expiryDate\":null,\"enabled\":1,\"fields\":{\"2\":\"<div>We explore how sensor networks augment and mediate human experience, interaction and perception, while developing new sensing modalities and enabling technologies that create new forms of interactive experience and expression. Our current research encompasses the development and application of various types of sensor networks, energy harvesting and power management, and the technical foundation of ubiquitous computing. Our work is highlighted in diverse application areas, which have included automotive systems, smart highways, medical instrumentation, RFID, wearable computing, and interactive media.<\\/div>\",\"22\":\"\",\"13\":\"\",\"7\":[\"60\"],\"14\":\"\",\"1\":\"How sensor networks augment and mediate human experience, interaction, and perception.\",\"15\":\"\",\"18\":\"\",\"16\":\"\",\"31\":\"\",\"33\":\"We explore how sensor networks augment and mediate human experience, interaction and perception, while developing new sensing modalities and enabling technologies that create new forms of interactive experience and expression. Our current research encompasses the development and application of various types of sensor networks, energy harvesting and power management, and the technical foundation of ubiquitous computing. Our work is highlighted in diverse application areas, which have included automotive systems, smart highways, medical instrumentation, RFID, wearable computing, and interactive media.\",\"30\":\"Computational Design\",\"17\":\"\",\"24\":\"\",\"25\":\"\",\"3\":\"\",\"10\":\"\"}}', '2013-10-23 02:32:38', '2013-10-23 02:32:38', 'b7799f83-9d0a-4b55-b0a3-50a07bc28b6e');
INSERT INTO `craft_entryversions` (`id`, `entryId`, `sectionId`, `creatorId`, `locale`, `notes`, `data`, `dateCreated`, `dateUpdated`, `uid`) VALUES ('58', '66', '14', '1', 'en_us', NULL, '{\"authorId\":\"1\",\"title\":\"UbiqLog: a generic mobile phone-based life-log framework.\",\"slug\":\"ubiqlog-a-generic-mobile-phone-based-life-log-framework.\",\"postDate\":1382496248,\"expiryDate\":null,\"enabled\":1,\"fields\":{\"2\":\"\",\"29\":[\"58\"],\"22\":\"\",\"13\":\"\",\"14\":\"\",\"15\":\"\",\"18\":\"\",\"16\":\"\",\"31\":\"<p>A key challenge for creating large interactive displays in public spaces is in the definition of ways for the user to interact that are effective and easy to learn. This paper presents the outcomes of user evaluation sessions designed to test a series of different gestures for people interacting with large displays in the public space. It is an initial step towards the broader goal of establishing a natural means for immersive interactions. The paper proposes a set of simple gestures for the execution of the basic actions of selecting and rearranging items in a large-scale dashboard. We performed a comparative analysis of the gestures, leading to a more in-depth understanding of the nature of spatial interaction between people and large public displays. More specifically, the analysis focuses on the scenarios when the interaction is restricted to an individual\'s own body, without any further assistance from associated devices. The findings converge into the elaboration of a model for assisting with the applicability of spatial gestures in response to both the context and the content they are applied to.<\\/p>\",\"32\":\"\",\"17\":\"\",\"24\":\"\",\"25\":\"\",\"10\":\"\"}}', '2013-10-23 02:44:08', '2013-10-23 02:44:08', '278f8c87-ce43-4bd0-afd1-cb1262b9685f');
INSERT INTO `craft_entryversions` (`id`, `entryId`, `sectionId`, `creatorId`, `locale`, `notes`, `data`, `dateCreated`, `dateUpdated`, `uid`) VALUES ('59', '70', '7', '1', 'en_us', NULL, '{\"authorId\":\"1\",\"title\":\"Solstice Lamp\",\"slug\":\"solstice-lamp\",\"postDate\":1382586514,\"expiryDate\":null,\"enabled\":1,\"fields\":{\"2\":\"<p>Researchers from the Faculty of Architecture, Design and Planning\\u2019s Design Lab have collaborated with students from the Interaction Design and Electronic Arts program to produce Solstice LAMP, a building-scale light and sound projection that will delight visitors to Sydney\\u2019s Circular Quay.<\\/p><p>The AMP building fa\\u00e7ade will be hijacked by laser projectors and immersive sounds for the duration of the Vivid Lights Festival 2013. Visitors to the building\\u2019s forecourt will pass by 3D cameras that will capture their motion and interpret it as a series of points of data. The configuration of this data will control projections, that surround the passersby and envelope them in a soothing blue glow. With time, the projections become independent of their human hosts and begin to move ethereally upwards.<\\/p><p>The projections\\u2019 travel is accompanied by serene music that reflects the otherworldly nature of the projection\\u2019s detatchment from their human stimuli. The projections morph, in turn transforming the music, as they continue their upward travel. Reflecting the process of abstraction from individual to concept, the projections eventually form geometric squares before reaching the building\\u2019s zenith, where they flourish into the logo of our major sponsor, Amplify.<\\/p><p>SolsticeLAMP reflects not only a modern use of technology in a public setting, but the transformation of private courtyard to public space, from individual to crowd and from confusion to wonder.<\\/p>\",\"22\":\"\",\"13\":\"\",\"7\":[\"69\"],\"14\":\"\",\"15\":\"\",\"6\":[\"58\",\"38\"],\"18\":\"\",\"19\":\"\\u200bResearchers from the Faculty of Architecture, Design and Planning\\u2019s Design Lab have collaborated with students from the Interaction Design and Electronic Arts program to produce Solstice LAMP, a building-scale light and sound projection that will delight visitors to Sydney\\u2019s Circular Quay.\",\"16\":\"\",\"31\":\"\",\"30\":\"Computational Design\",\"17\":\"\",\"24\":\"\",\"25\":\"\",\"3\":[\"new:Vivid\"],\"10\":\"\"}}', '2013-10-24 03:48:34', '2013-10-24 03:48:34', 'c2999577-e89a-442a-983e-d94961ce7948');
INSERT INTO `craft_entryversions` (`id`, `entryId`, `sectionId`, `creatorId`, `locale`, `notes`, `data`, `dateCreated`, `dateUpdated`, `uid`) VALUES ('60', '73', '7', '1', 'en_us', NULL, '{\"authorId\":\"1\",\"title\":\"Temporalas\",\"slug\":\"temporalas\",\"postDate\":1382586623,\"expiryDate\":null,\"enabled\":1,\"fields\":{\"2\":\"<p>Temporalas makes use of the latest interactive technologies of top down projection mapping, cutting edge hand tracking and spatial movement tracking technologies developed by our team. It encourages individual\\u2019s exploration of their relationship with the surrounding environment.<\\/p><p>The team of students and alumni from the Interaction Design and Electronic Arts program at the University of Sydney fuses diverse interests in interactive technologies, architecture, visual arts and audio acoustics. The result is a novel exploration of interactive media facades, responsive environments, tangible user interfaces, visual arts, audio acoustics and interactive architecture.<\\/p><p>When you approach Temporalas, light swirls from your feet. The light manifests as evocative imagery and continues forward, leaving a projected path for you to follow. This pathway invites you closer to sculpture, drawing you into further interactions.<\\/p><p>As others approach the site, an interconnected web of light pulses towards the a clock-like light sculpture. As you draw nearer, the enigmatic light sculpture changes colour. You retreat back to see if your immediate actions affect the life of this sculpture, and you soon realise that you are now an integral part of this artwork, controlling the output with your presence.<\\/p><p>Out of curiosity you touch the sculpture and your projected pathway dissolves. Something unexpected occurs. Vivid imagery is projected onto your hand. You move your hand around and are surprised to see the imagery remains animated on your palm. Even when you move your hand backwards, or side to side, it curiously remains.<\\/p><p>You try and take the light further and further away, but slowly the light becomes fainter and fainter. The life source is too far away. Upon realising this, you continue towards the sculpture once more, and when you touch it for a second time, the light absorbs back into the sculpture. The transference of imagery from the sculpture to the individual exposes, in an almost vulnerable way, the connection we have with the environment surrounding us.<\\/p><p><em>This project is a collaboration between students and alumni of the Master of Interaction Design and Electronic Arts. This program prepares students to be leaders in interactive technologies and to produce commercially viable products and services. Combined with the aesthetic and design sensibilities of our Faculty, the Interaction Design program equips graduates for the technologies of tomorrow.<\\/em><\\/p>\",\"22\":\"\",\"13\":\"\",\"7\":[\"72\"],\"14\":\"\",\"15\":\"\",\"6\":[\"1\"],\"18\":\"\",\"19\":\"\\u200bTemporalas makes use of the latest interactive technologies of top down projection mapping, cutting edge hand tracking and spatial movement tracking technologies developed by our team. It encourages individual\\u2019s exploration of their relationship with the surrounding environment.\",\"16\":\"\",\"31\":\"\",\"30\":\"Computational Design\",\"17\":\"\",\"24\":\"\",\"25\":\"\",\"3\":[\"71\"],\"10\":\"\"}}', '2013-10-24 03:50:23', '2013-10-24 03:50:23', '877bdda9-0bd7-4978-b3c8-91fb6a04cbe1');
INSERT INTO `craft_entryversions` (`id`, `entryId`, `sectionId`, `creatorId`, `locale`, `notes`, `data`, `dateCreated`, `dateUpdated`, `uid`) VALUES ('61', '75', '7', '1', 'en_us', NULL, '{\"authorId\":\"1\",\"title\":\"Chromapollination\",\"slug\":\"chromapollination\",\"postDate\":1382586676,\"expiryDate\":null,\"enabled\":1,\"fields\":{\"2\":\"<p>Chromapollination is a centerpiece installation for Vivid 2012. Students from the Master of Design Science (Illumination Design) and the Master of Interaction Design and Electronic Arts at the University of Sydney have combined to conceive an engaging and playful lighting installation.<\\/p><p>Work is feverishly underway on finalizing the installation before Lights On (Thursday 25 May). The Wilkinson Building, home to the Faculty of Architecture, Design and Planning, is buzzing with students programming LEDs, negotiating with sponsors and festival organisers and tweaking their designs.<\\/p><p>Chromapollination is an interactive light sculpture that will reclaim a neglected urban space in Sydney\\u2019s CBD and transform that space into a playful and inviting city organism. Sprawling from cracks in the concrete, giant glowing dandelions will project colour and motion onto and around passersby and festival participants.<\\/p><p>The dandelions react to their environment \\u2013 passersby generate a digital wind that gently caresses the tops of the flowers. As force builds, the \\u2018seeds\\u2019 break off, mimicking a real dandelion.<\\/p><p>The seeds are created by the glowing bulbs of energy-efficient LEDs of the same colour as their parent dandelion. As the seeds mix, they cross-pollinate the dandelions, germinating into new colours derived from the seeds that have landed on that dandelion.<\\/p><p>VIVID transfigures Sydney\\u2019s urban environment into an evocative and wondrous playground immersed in lights, music and inspiring ideas. Each night, from 25 May \\u2013 11 June, Sydney\\u2019s lit wonderland radiates from the Sydney Opera House all the way to Dawes Point and Walsh Bay. More details can be found www.vividsydney.com<\\/p>\",\"22\":\"\",\"13\":\"\",\"7\":[\"74\"],\"14\":\"\",\"15\":\"\",\"6\":[\"7\"],\"18\":\"\",\"19\":\"\\u200bChromapollination is a centerpiece installation for Vivid 2012. Students from the Master of Design Science (Illumination Design) and the Master of Interaction Design and Electronic Arts at the University of Sydney have combined to conceive an engaging and playful lighting installation.\",\"16\":\"\",\"31\":\"\",\"30\":\"Computational Design\",\"17\":\"\",\"24\":\"\",\"25\":\"\",\"3\":[\"71\"],\"10\":\"\"}}', '2013-10-24 03:51:16', '2013-10-24 03:51:16', '6cbd75d3-ff4e-4ba9-a393-2bb9f58e2f15');
INSERT INTO `craft_entryversions` (`id`, `entryId`, `sectionId`, `creatorId`, `locale`, `notes`, `data`, `dateCreated`, `dateUpdated`, `uid`) VALUES ('62', '77', '7', '1', 'en_us', NULL, '{\"authorId\":\"1\",\"title\":\"Water Droplet\",\"slug\":\"water-droplet\",\"postDate\":1382587396,\"expiryDate\":null,\"enabled\":1,\"fields\":{\"2\":\"<p>Destiny Paris is the Klaus Engelhard Scholarship in Illumination Design recipient for the Master of Design Science (Illumination Design). In this, her second year, she and employer Aurecon have collaborated to produce a breathtaking installation for Vivid Sydney this year.<\\/p><p>Destiny says that idea came to her at Christmas. She moved to Sydney from South Australia last year to start her studies with the Faculty of Architecture, Design and Planning. Inspired by Vivid 2011, she knew she wanted to be a part of the largest lighting design festival in the southern hemisphere.<\\/p><p>\\u201cTo be a part of Vivid \\u2013 to be a part of something so incredible on an international level \\u2013 that\\u2019s a beautiful experience. To be a part of that atmosphere is just gorgeous,\\u201d she says.<\\/p><p>Water Droplet is a two-storey high fountain stretched into the shape of a water drop. The fountain exudes a calming blue light and shrouds large cylinders hidden inside. With the backdrop of the harbour, festival visitors can sit inside the giant fountain. Atmospheric sounds of thunderstorms and waterfalls produces a soundtrack that is complemented by the sounds of wind chimes. Visitors use a small hammer to ring the chime that causes the sounds to change and the vibrant colours of the cylinders to shift, pouring colour down and over those inside the sculpture.<\\/p><p>It\\u2019s an impressive feat of engineering and lighting design. Destiny had to work closely with structural, acoustic and visual engineers and designers to make it a reality.<\\/p><p>\\u201cThe idea was to incorporate the water of the harbour into a lighting installation. I based the design around a poem that accompanies the sculpture:<\\/p><p>\\u201cWater is pure, elemental<br>A fundamental building block<br>Suspended in a single droplet<br>Stirs an activity of beauty and life.\\u201d<\\/p><p>Destiny says that turning her artistic and creative vision into a physical sculpture was much harder than anticipated.<\\/p><p>\\u201cThe biggest challenge was definitely the structural engineering. We had to consider wind loads and the structural integrity of what is clearly a unique structure<\\/p><p>\\u201cAnother challenge was the audio-visual engineering. One of our engineers had to turn his house into a workshop in order to experiment with the trigger sensors that provide the sound effects.\\u201d<\\/p><p>Destiny says that sponsors are the key to a successful Vivid installation. She singles out her company, Aurecon and lighting supplier 3S Lighting as especially deserving of praise.<\\/p><p>\\u201cSponsors are the key to Vivid. They have shown incredible generosity, working around the clock both on site and in their factories to help create and then physically build this installation\\u201d<\\/p>\",\"22\":\"\",\"13\":\"\",\"7\":[\"76\"],\"14\":\"\",\"15\":\"\",\"6\":[\"23\"],\"18\":\"\",\"19\":\"Water Droplet is a two-storey high fountain stretched into the shape of a water drop. The fountain exudes a calming blue light and shrouds large cylinders hidden inside. With the backdrop of the harbour, festival visitors can sit inside the giant fountain. Atmospheric sounds of thunderstorms and waterfalls produces a soundtrack that is complemented by the sounds of wind chimes.\",\"16\":\"\",\"31\":\"\",\"30\":\"Computational Design\",\"17\":\"\",\"24\":\"\",\"25\":\"\",\"3\":[\"71\"],\"10\":\"\"}}', '2013-10-24 04:03:16', '2013-10-24 04:03:16', '86e1e6a2-319f-470e-93db-a807ada7b472');



--
-- Schema for table `craft_fieldgroups`
--

DROP TABLE IF EXISTS `craft_fieldgroups`;

CREATE TABLE `craft_fieldgroups` (
  `id` int(11) NOT NULL AUTO_INCREMENT,
  `name` varchar(255) COLLATE utf8_unicode_ci NOT NULL,
  `dateCreated` datetime NOT NULL,
  `dateUpdated` datetime NOT NULL,
  `uid` char(36) COLLATE utf8_unicode_ci NOT NULL DEFAULT '0',
  PRIMARY KEY (`id`),
  UNIQUE KEY `craft_fieldgroups_name_unq_idx` (`name`)
) ENGINE=InnoDB AUTO_INCREMENT=9 DEFAULT CHARSET=utf8 COLLATE=utf8_unicode_ci;

--
-- Data for table `craft_fieldgroups`
--

INSERT INTO `craft_fieldgroups` (`id`, `name`, `dateCreated`, `dateUpdated`, `uid`) VALUES ('1', 'Default', '2013-10-11 04:49:09', '2013-10-11 04:49:09', '95c6b296-897c-46f4-a456-7c04ace7de82');
INSERT INTO `craft_fieldgroups` (`id`, `name`, `dateCreated`, `dateUpdated`, `uid`) VALUES ('2', 'Users', '2013-10-13 05:03:30', '2013-10-13 05:03:30', '9fd99435-302e-4b76-a142-1bb588d53bd5');
INSERT INTO `craft_fieldgroups` (`id`, `name`, `dateCreated`, `dateUpdated`, `uid`) VALUES ('3', 'Featured Content', '2013-10-13 05:13:03', '2013-10-13 05:15:39', 'f38f043d-fdf5-4a81-832b-908b1b11de75');
INSERT INTO `craft_fieldgroups` (`id`, `name`, `dateCreated`, `dateUpdated`, `uid`) VALUES ('4', 'Course Admin', '2013-10-13 06:23:20', '2013-10-13 06:23:20', '611f162c-cf23-4677-ae53-facf747cd0cb');
INSERT INTO `craft_fieldgroups` (`id`, `name`, `dateCreated`, `dateUpdated`, `uid`) VALUES ('5', 'Project Fields', '2013-10-14 02:27:16', '2013-10-14 02:27:16', '7bc6a46e-e2a5-4b53-b109-0c6f22c9c5a9');
INSERT INTO `craft_fieldgroups` (`id`, `name`, `dateCreated`, `dateUpdated`, `uid`) VALUES ('6', 'Images', '2013-10-14 02:31:24', '2013-10-14 02:31:24', '32a99453-5ff0-4a3d-ade0-9ae6b8f6c0ec');
INSERT INTO `craft_fieldgroups` (`id`, `name`, `dateCreated`, `dateUpdated`, `uid`) VALUES ('7', 'Assignments', '2013-10-21 05:06:06', '2013-10-21 05:06:06', '8f610ede-b022-487c-a19f-cd9e2af80ec5');
INSERT INTO `craft_fieldgroups` (`id`, `name`, `dateCreated`, `dateUpdated`, `uid`) VALUES ('8', 'Research', '2013-10-23 00:36:10', '2013-10-23 00:36:10', '2aa154a3-7dfa-4ff0-824b-3c6445c333b8');



--
-- Schema for table `craft_fieldlayoutfields`
--

DROP TABLE IF EXISTS `craft_fieldlayoutfields`;

CREATE TABLE `craft_fieldlayoutfields` (
  `id` int(11) NOT NULL AUTO_INCREMENT,
  `layoutId` int(11) NOT NULL,
  `tabId` int(11) DEFAULT NULL,
  `fieldId` int(11) NOT NULL,
  `required` tinyint(1) unsigned NOT NULL DEFAULT '0',
  `sortOrder` tinyint(4) DEFAULT NULL,
  `dateCreated` datetime NOT NULL,
  `dateUpdated` datetime NOT NULL,
  `uid` char(36) COLLATE utf8_unicode_ci NOT NULL DEFAULT '0',
  PRIMARY KEY (`id`),
  UNIQUE KEY `craft_fieldlayoutfields_layoutId_fieldId_unq_idx` (`layoutId`,`fieldId`),
  KEY `craft_fieldlayoutfields_sortOrder_idx` (`sortOrder`),
  KEY `craft_fieldlayoutfields_tabId_fk` (`tabId`),
  KEY `craft_fieldlayoutfields_fieldId_fk` (`fieldId`)
) ENGINE=InnoDB AUTO_INCREMENT=149 DEFAULT CHARSET=utf8 COLLATE=utf8_unicode_ci;

--
-- Data for table `craft_fieldlayoutfields`
--

INSERT INTO `craft_fieldlayoutfields` (`id`, `layoutId`, `tabId`, `fieldId`, `required`, `sortOrder`, `dateCreated`, `dateUpdated`, `uid`) VALUES ('1', '3', '1', '1', '0', '1', '2013-10-11 04:49:09', '2013-10-11 04:49:09', 'ec31729b-fe45-4466-bf20-c66c514b9a52');
INSERT INTO `craft_fieldlayoutfields` (`id`, `layoutId`, `tabId`, `fieldId`, `required`, `sortOrder`, `dateCreated`, `dateUpdated`, `uid`) VALUES ('2', '3', '1', '2', '0', '2', '2013-10-11 04:49:09', '2013-10-11 04:49:09', 'c947fe8d-4a3c-4fb7-a3d4-cd5344dc355b');
INSERT INTO `craft_fieldlayoutfields` (`id`, `layoutId`, `tabId`, `fieldId`, `required`, `sortOrder`, `dateCreated`, `dateUpdated`, `uid`) VALUES ('12', '36', '6', '1', '0', '1', '2013-10-13 06:27:34', '2013-10-13 06:27:34', 'a42ec55f-a1da-46d3-bca9-545b3f04dae1');
INSERT INTO `craft_fieldlayoutfields` (`id`, `layoutId`, `tabId`, `fieldId`, `required`, `sortOrder`, `dateCreated`, `dateUpdated`, `uid`) VALUES ('13', '36', '6', '2', '0', '2', '2013-10-13 06:27:34', '2013-10-13 06:27:34', '0ec89201-03ef-42a9-be68-4c46e5433914');
INSERT INTO `craft_fieldlayoutfields` (`id`, `layoutId`, `tabId`, `fieldId`, `required`, `sortOrder`, `dateCreated`, `dateUpdated`, `uid`) VALUES ('14', '36', '6', '3', '0', '3', '2013-10-13 06:27:34', '2013-10-13 06:27:34', '129ea5fe-fa9f-4f83-8165-8a1790332ce5');
INSERT INTO `craft_fieldlayoutfields` (`id`, `layoutId`, `tabId`, `fieldId`, `required`, `sortOrder`, `dateCreated`, `dateUpdated`, `uid`) VALUES ('26', '41', '10', '1', '0', '1', '2013-10-13 07:28:10', '2013-10-13 07:28:10', '1799466c-0039-49e7-9170-7e9714a4863c');
INSERT INTO `craft_fieldlayoutfields` (`id`, `layoutId`, `tabId`, `fieldId`, `required`, `sortOrder`, `dateCreated`, `dateUpdated`, `uid`) VALUES ('27', '41', '10', '2', '0', '2', '2013-10-13 07:28:10', '2013-10-13 07:28:10', '1aaf0533-23ac-42da-a2fe-8d010f5a16c8');
INSERT INTO `craft_fieldlayoutfields` (`id`, `layoutId`, `tabId`, `fieldId`, `required`, `sortOrder`, `dateCreated`, `dateUpdated`, `uid`) VALUES ('28', '41', '10', '7', '0', '3', '2013-10-13 07:28:10', '2013-10-13 07:28:10', '19b2fa27-b4b2-4490-8000-3a35c26f4372');
INSERT INTO `craft_fieldlayoutfields` (`id`, `layoutId`, `tabId`, `fieldId`, `required`, `sortOrder`, `dateCreated`, `dateUpdated`, `uid`) VALUES ('29', '41', '10', '3', '0', '4', '2013-10-13 07:28:10', '2013-10-13 07:28:10', 'ec55c47c-a03e-4aea-be2f-2cb4e7baa00a');
INSERT INTO `craft_fieldlayoutfields` (`id`, `layoutId`, `tabId`, `fieldId`, `required`, `sortOrder`, `dateCreated`, `dateUpdated`, `uid`) VALUES ('30', '41', '10', '5', '0', '5', '2013-10-13 07:28:10', '2013-10-13 07:28:10', '6b403592-b16c-4382-b6b2-5130e285134d');
INSERT INTO `craft_fieldlayoutfields` (`id`, `layoutId`, `tabId`, `fieldId`, `required`, `sortOrder`, `dateCreated`, `dateUpdated`, `uid`) VALUES ('40', '44', '13', '1', '0', '1', '2013-10-13 08:17:26', '2013-10-13 08:17:26', 'ebdf26e2-2cbf-4225-be89-ab1a69558aa4');
INSERT INTO `craft_fieldlayoutfields` (`id`, `layoutId`, `tabId`, `fieldId`, `required`, `sortOrder`, `dateCreated`, `dateUpdated`, `uid`) VALUES ('41', '44', '13', '2', '0', '2', '2013-10-13 08:17:26', '2013-10-13 08:17:26', 'b24bdaf2-2af4-4d68-bcb3-057d1d3ac968');
INSERT INTO `craft_fieldlayoutfields` (`id`, `layoutId`, `tabId`, `fieldId`, `required`, `sortOrder`, `dateCreated`, `dateUpdated`, `uid`) VALUES ('42', '44', '13', '7', '0', '3', '2013-10-13 08:17:26', '2013-10-13 08:17:26', '83357f5c-3503-46d6-8679-69675cfd3c3d');
INSERT INTO `craft_fieldlayoutfields` (`id`, `layoutId`, `tabId`, `fieldId`, `required`, `sortOrder`, `dateCreated`, `dateUpdated`, `uid`) VALUES ('43', '44', '13', '3', '0', '4', '2013-10-13 08:17:26', '2013-10-13 08:17:26', '4407b275-4559-4b6d-b6c8-1c51a5ededc9');
INSERT INTO `craft_fieldlayoutfields` (`id`, `layoutId`, `tabId`, `fieldId`, `required`, `sortOrder`, `dateCreated`, `dateUpdated`, `uid`) VALUES ('56', '52', '16', '12', '0', '1', '2013-10-13 11:55:01', '2013-10-13 11:55:01', '69c50a2c-b5f5-467f-86c4-54d1c19a54a2');
INSERT INTO `craft_fieldlayoutfields` (`id`, `layoutId`, `tabId`, `fieldId`, `required`, `sortOrder`, `dateCreated`, `dateUpdated`, `uid`) VALUES ('58', '55', '18', '12', '0', '1', '2013-10-13 12:06:56', '2013-10-13 12:06:56', 'b53931e3-a80a-4c6e-8163-3fa2db3e4c26');
INSERT INTO `craft_fieldlayoutfields` (`id`, `layoutId`, `tabId`, `fieldId`, `required`, `sortOrder`, `dateCreated`, `dateUpdated`, `uid`) VALUES ('59', '56', '19', '5', '0', '1', '2013-10-13 13:39:17', '2013-10-13 13:39:17', '70ea3975-fd3f-44a7-9763-aadef62ccbab');
INSERT INTO `craft_fieldlayoutfields` (`id`, `layoutId`, `tabId`, `fieldId`, `required`, `sortOrder`, `dateCreated`, `dateUpdated`, `uid`) VALUES ('60', '56', '19', '8', '0', '2', '2013-10-13 13:39:17', '2013-10-13 13:39:17', 'c6c7f66d-3baf-430d-8373-d3185627df8d');
INSERT INTO `craft_fieldlayoutfields` (`id`, `layoutId`, `tabId`, `fieldId`, `required`, `sortOrder`, `dateCreated`, `dateUpdated`, `uid`) VALUES ('61', '56', '19', '2', '0', '3', '2013-10-13 13:39:17', '2013-10-13 13:39:17', '48633a17-97f6-4473-94d0-b88ea2ae632c');
INSERT INTO `craft_fieldlayoutfields` (`id`, `layoutId`, `tabId`, `fieldId`, `required`, `sortOrder`, `dateCreated`, `dateUpdated`, `uid`) VALUES ('62', '56', '19', '1', '0', '4', '2013-10-13 13:39:17', '2013-10-13 13:39:17', 'c0eebc84-b6ed-4047-8968-23c07ac01ee1');
INSERT INTO `craft_fieldlayoutfields` (`id`, `layoutId`, `tabId`, `fieldId`, `required`, `sortOrder`, `dateCreated`, `dateUpdated`, `uid`) VALUES ('63', '56', '19', '7', '0', '5', '2013-10-13 13:39:17', '2013-10-13 13:39:17', '455e82d7-7836-4338-ab28-7bbe6ec2a7a3');
INSERT INTO `craft_fieldlayoutfields` (`id`, `layoutId`, `tabId`, `fieldId`, `required`, `sortOrder`, `dateCreated`, `dateUpdated`, `uid`) VALUES ('64', '56', '19', '3', '0', '6', '2013-10-13 13:39:17', '2013-10-13 13:39:17', 'e933d328-2a11-4e87-a1b0-cfb50e61aa9f');
INSERT INTO `craft_fieldlayoutfields` (`id`, `layoutId`, `tabId`, `fieldId`, `required`, `sortOrder`, `dateCreated`, `dateUpdated`, `uid`) VALUES ('78', '58', '27', '5', '0', '1', '2013-10-14 02:39:58', '2013-10-14 02:39:58', '3e0a47fe-d6b8-4b7f-a83f-a7f49836f4c5');
INSERT INTO `craft_fieldlayoutfields` (`id`, `layoutId`, `tabId`, `fieldId`, `required`, `sortOrder`, `dateCreated`, `dateUpdated`, `uid`) VALUES ('79', '58', '27', '8', '0', '2', '2013-10-14 02:39:58', '2013-10-14 02:39:58', '226ab5d4-abce-4a21-93e6-f25fbe02d4b8');
INSERT INTO `craft_fieldlayoutfields` (`id`, `layoutId`, `tabId`, `fieldId`, `required`, `sortOrder`, `dateCreated`, `dateUpdated`, `uid`) VALUES ('80', '58', '27', '7', '0', '3', '2013-10-14 02:39:58', '2013-10-14 02:39:58', '4b31170c-50dd-40af-8859-310c30968512');
INSERT INTO `craft_fieldlayoutfields` (`id`, `layoutId`, `tabId`, `fieldId`, `required`, `sortOrder`, `dateCreated`, `dateUpdated`, `uid`) VALUES ('81', '58', '27', '19', '0', '4', '2013-10-14 02:39:58', '2013-10-14 02:39:58', '8caaabf4-4492-4852-bc92-da2875dca63b');
INSERT INTO `craft_fieldlayoutfields` (`id`, `layoutId`, `tabId`, `fieldId`, `required`, `sortOrder`, `dateCreated`, `dateUpdated`, `uid`) VALUES ('82', '58', '27', '6', '0', '5', '2013-10-14 02:39:58', '2013-10-14 02:39:58', '5f2eb245-7922-4fda-9bce-ae324ab65099');
INSERT INTO `craft_fieldlayoutfields` (`id`, `layoutId`, `tabId`, `fieldId`, `required`, `sortOrder`, `dateCreated`, `dateUpdated`, `uid`) VALUES ('83', '58', '27', '20', '0', '6', '2013-10-14 02:39:58', '2013-10-14 02:39:58', '3fa68a2f-cfce-4a7b-aa19-1f3f9dff5d1c');
INSERT INTO `craft_fieldlayoutfields` (`id`, `layoutId`, `tabId`, `fieldId`, `required`, `sortOrder`, `dateCreated`, `dateUpdated`, `uid`) VALUES ('84', '58', '27', '3', '0', '7', '2013-10-14 02:39:58', '2013-10-14 02:39:58', '34e0cf99-a606-4da6-8b3a-2639c33b36bc');
INSERT INTO `craft_fieldlayoutfields` (`id`, `layoutId`, `tabId`, `fieldId`, `required`, `sortOrder`, `dateCreated`, `dateUpdated`, `uid`) VALUES ('85', '58', '28', '14', '0', '1', '2013-10-14 02:39:58', '2013-10-14 02:39:58', '4cbb6991-8f31-402d-b9ef-d6e9302ebd2e');
INSERT INTO `craft_fieldlayoutfields` (`id`, `layoutId`, `tabId`, `fieldId`, `required`, `sortOrder`, `dateCreated`, `dateUpdated`, `uid`) VALUES ('86', '58', '29', '17', '0', '1', '2013-10-14 02:39:58', '2013-10-14 02:39:58', '1b97ee37-53b4-44df-b4a0-a48cf3c09d14');
INSERT INTO `craft_fieldlayoutfields` (`id`, `layoutId`, `tabId`, `fieldId`, `required`, `sortOrder`, `dateCreated`, `dateUpdated`, `uid`) VALUES ('87', '58', '30', '15', '0', '1', '2013-10-14 02:39:58', '2013-10-14 02:39:58', 'adad4a9d-90d6-4ce4-a22e-ec8c87c1c50a');
INSERT INTO `craft_fieldlayoutfields` (`id`, `layoutId`, `tabId`, `fieldId`, `required`, `sortOrder`, `dateCreated`, `dateUpdated`, `uid`) VALUES ('88', '58', '31', '13', '0', '1', '2013-10-14 02:39:58', '2013-10-14 02:39:58', '02e39ec5-3482-45ea-ba77-6df6a3da79cb');
INSERT INTO `craft_fieldlayoutfields` (`id`, `layoutId`, `tabId`, `fieldId`, `required`, `sortOrder`, `dateCreated`, `dateUpdated`, `uid`) VALUES ('89', '58', '32', '16', '0', '1', '2013-10-14 02:39:58', '2013-10-14 02:39:58', '3a563464-c2cc-4ad2-a520-0335c1c95f3a');
INSERT INTO `craft_fieldlayoutfields` (`id`, `layoutId`, `tabId`, `fieldId`, `required`, `sortOrder`, `dateCreated`, `dateUpdated`, `uid`) VALUES ('90', '58', '33', '18', '0', '1', '2013-10-14 02:39:58', '2013-10-14 02:39:58', '260d28ed-2f6d-46aa-aa05-98a52ca9a7ee');
INSERT INTO `craft_fieldlayoutfields` (`id`, `layoutId`, `tabId`, `fieldId`, `required`, `sortOrder`, `dateCreated`, `dateUpdated`, `uid`) VALUES ('92', '60', '35', '4', '0', '1', '2013-10-14 06:02:32', '2013-10-14 06:02:32', '9709113d-f9e8-40ee-9ece-fafa5ed2a14a');
INSERT INTO `craft_fieldlayoutfields` (`id`, `layoutId`, `tabId`, `fieldId`, `required`, `sortOrder`, `dateCreated`, `dateUpdated`, `uid`) VALUES ('93', '61', '36', '1', '0', '1', '2013-10-14 06:02:53', '2013-10-14 06:02:53', '6423c343-8459-4961-8aec-e58da92028dc');
INSERT INTO `craft_fieldlayoutfields` (`id`, `layoutId`, `tabId`, `fieldId`, `required`, `sortOrder`, `dateCreated`, `dateUpdated`, `uid`) VALUES ('94', '61', '36', '7', '0', '2', '2013-10-14 06:02:53', '2013-10-14 06:02:53', '12b117eb-e328-44b3-ae3c-3bafb9701145');
INSERT INTO `craft_fieldlayoutfields` (`id`, `layoutId`, `tabId`, `fieldId`, `required`, `sortOrder`, `dateCreated`, `dateUpdated`, `uid`) VALUES ('95', '61', '36', '2', '0', '3', '2013-10-14 06:02:53', '2013-10-14 06:02:53', '246a0e85-051b-4607-b26b-773b76d53c25');
INSERT INTO `craft_fieldlayoutfields` (`id`, `layoutId`, `tabId`, `fieldId`, `required`, `sortOrder`, `dateCreated`, `dateUpdated`, `uid`) VALUES ('96', '61', '36', '3', '0', '4', '2013-10-14 06:02:53', '2013-10-14 06:02:53', 'd934ac2c-ad12-460a-836e-085eaa13e5e0');
INSERT INTO `craft_fieldlayoutfields` (`id`, `layoutId`, `tabId`, `fieldId`, `required`, `sortOrder`, `dateCreated`, `dateUpdated`, `uid`) VALUES ('97', '63', '37', '1', '0', '1', '2013-10-14 06:14:38', '2013-10-14 06:14:38', '81ede0fb-8059-46d6-86b8-d22fb43bab58');
INSERT INTO `craft_fieldlayoutfields` (`id`, `layoutId`, `tabId`, `fieldId`, `required`, `sortOrder`, `dateCreated`, `dateUpdated`, `uid`) VALUES ('98', '63', '37', '7', '0', '2', '2013-10-14 06:14:38', '2013-10-14 06:14:38', 'd0a8c19c-31a4-406a-a72e-b43da0a4bf21');
INSERT INTO `craft_fieldlayoutfields` (`id`, `layoutId`, `tabId`, `fieldId`, `required`, `sortOrder`, `dateCreated`, `dateUpdated`, `uid`) VALUES ('99', '63', '37', '2', '0', '3', '2013-10-14 06:14:38', '2013-10-14 06:14:38', 'b1e177df-71c7-45a8-ac72-146a3744768c');
INSERT INTO `craft_fieldlayoutfields` (`id`, `layoutId`, `tabId`, `fieldId`, `required`, `sortOrder`, `dateCreated`, `dateUpdated`, `uid`) VALUES ('100', '63', '37', '3', '0', '4', '2013-10-14 06:14:38', '2013-10-14 06:14:38', '4df2d4b2-71c6-44ea-99cd-35e3014f54c5');
INSERT INTO `craft_fieldlayoutfields` (`id`, `layoutId`, `tabId`, `fieldId`, `required`, `sortOrder`, `dateCreated`, `dateUpdated`, `uid`) VALUES ('101', '64', '38', '21', '0', '1', '2013-10-21 03:47:05', '2013-10-21 03:47:05', '87d6259b-caa0-43ea-82b6-4986351732b4');
INSERT INTO `craft_fieldlayoutfields` (`id`, `layoutId`, `tabId`, `fieldId`, `required`, `sortOrder`, `dateCreated`, `dateUpdated`, `uid`) VALUES ('102', '65', '39', '22', '0', '1', '2013-10-21 05:11:57', '2013-10-21 05:11:57', '938f0063-34ba-44a5-b6e3-ba9bcb8a249a');
INSERT INTO `craft_fieldlayoutfields` (`id`, `layoutId`, `tabId`, `fieldId`, `required`, `sortOrder`, `dateCreated`, `dateUpdated`, `uid`) VALUES ('103', '65', '39', '23', '0', '2', '2013-10-21 05:11:57', '2013-10-21 05:11:57', '7ca5cb39-1d46-4b89-8078-d6daafdc094f');
INSERT INTO `craft_fieldlayoutfields` (`id`, `layoutId`, `tabId`, `fieldId`, `required`, `sortOrder`, `dateCreated`, `dateUpdated`, `uid`) VALUES ('104', '65', '39', '26', '0', '3', '2013-10-21 05:11:57', '2013-10-21 05:11:57', '59bf776d-1a98-4bb6-8abd-3504752f941b');
INSERT INTO `craft_fieldlayoutfields` (`id`, `layoutId`, `tabId`, `fieldId`, `required`, `sortOrder`, `dateCreated`, `dateUpdated`, `uid`) VALUES ('105', '65', '39', '24', '0', '4', '2013-10-21 05:11:57', '2013-10-21 05:11:57', '4ef091cb-4f7c-46c4-8da4-71a8a7d93d08');
INSERT INTO `craft_fieldlayoutfields` (`id`, `layoutId`, `tabId`, `fieldId`, `required`, `sortOrder`, `dateCreated`, `dateUpdated`, `uid`) VALUES ('106', '65', '39', '25', '0', '5', '2013-10-21 05:11:57', '2013-10-21 05:11:57', '9bba7b67-b16a-4034-b4c7-e0ef2e451365');
INSERT INTO `craft_fieldlayoutfields` (`id`, `layoutId`, `tabId`, `fieldId`, `required`, `sortOrder`, `dateCreated`, `dateUpdated`, `uid`) VALUES ('107', '65', '39', '3', '0', '6', '2013-10-21 05:11:57', '2013-10-21 05:11:57', '938b34df-a806-4fe8-8860-8e5eaa98be53');
INSERT INTO `craft_fieldlayoutfields` (`id`, `layoutId`, `tabId`, `fieldId`, `required`, `sortOrder`, `dateCreated`, `dateUpdated`, `uid`) VALUES ('108', '65', '39', '11', '0', '7', '2013-10-21 05:11:57', '2013-10-21 05:11:57', '2e358000-c9a4-4017-bc3f-1bf7d431d805');
INSERT INTO `craft_fieldlayoutfields` (`id`, `layoutId`, `tabId`, `fieldId`, `required`, `sortOrder`, `dateCreated`, `dateUpdated`, `uid`) VALUES ('114', '67', '41', '27', '1', '1', '2013-10-21 05:58:02', '2013-10-21 05:58:02', '1d27ba8b-e171-47df-aac1-833e8efa7329');
INSERT INTO `craft_fieldlayoutfields` (`id`, `layoutId`, `tabId`, `fieldId`, `required`, `sortOrder`, `dateCreated`, `dateUpdated`, `uid`) VALUES ('115', '67', '41', '1', '0', '2', '2013-10-21 05:58:02', '2013-10-21 05:58:02', 'dbc705a8-b21d-492f-8df8-96fddb2a8da7');
INSERT INTO `craft_fieldlayoutfields` (`id`, `layoutId`, `tabId`, `fieldId`, `required`, `sortOrder`, `dateCreated`, `dateUpdated`, `uid`) VALUES ('116', '67', '41', '7', '0', '3', '2013-10-21 05:58:02', '2013-10-21 05:58:02', '26212dd8-4006-4a11-865d-d95a5956795d');
INSERT INTO `craft_fieldlayoutfields` (`id`, `layoutId`, `tabId`, `fieldId`, `required`, `sortOrder`, `dateCreated`, `dateUpdated`, `uid`) VALUES ('117', '67', '41', '2', '0', '4', '2013-10-21 05:58:02', '2013-10-21 05:58:02', '588aead9-b6e4-4da6-9118-4c6a55cc5de1');
INSERT INTO `craft_fieldlayoutfields` (`id`, `layoutId`, `tabId`, `fieldId`, `required`, `sortOrder`, `dateCreated`, `dateUpdated`, `uid`) VALUES ('118', '67', '41', '6', '0', '5', '2013-10-21 05:58:02', '2013-10-21 05:58:02', 'f2be6c72-8db4-451b-bce6-0df127514ecc');
INSERT INTO `craft_fieldlayoutfields` (`id`, `layoutId`, `tabId`, `fieldId`, `required`, `sortOrder`, `dateCreated`, `dateUpdated`, `uid`) VALUES ('119', '67', '41', '3', '0', '6', '2013-10-21 05:58:02', '2013-10-21 05:58:02', 'f5817d6b-9cf6-4dd1-9b7b-b279bb2e01da');
INSERT INTO `craft_fieldlayoutfields` (`id`, `layoutId`, `tabId`, `fieldId`, `required`, `sortOrder`, `dateCreated`, `dateUpdated`, `uid`) VALUES ('126', '78', '44', '29', '0', '1', '2013-10-23 01:11:56', '2013-10-23 01:11:56', 'e556b6ec-c434-4188-be3e-1052047d8e80');
INSERT INTO `craft_fieldlayoutfields` (`id`, `layoutId`, `tabId`, `fieldId`, `required`, `sortOrder`, `dateCreated`, `dateUpdated`, `uid`) VALUES ('127', '78', '44', '31', '0', '2', '2013-10-23 01:11:56', '2013-10-23 01:11:56', '06c6189d-bee6-4255-b872-a6c8ab9185f5');
INSERT INTO `craft_fieldlayoutfields` (`id`, `layoutId`, `tabId`, `fieldId`, `required`, `sortOrder`, `dateCreated`, `dateUpdated`, `uid`) VALUES ('128', '78', '44', '32', '0', '3', '2013-10-23 01:11:56', '2013-10-23 01:11:56', '16507fdf-48a4-4248-b0e4-0d84c641ce0e');
INSERT INTO `craft_fieldlayoutfields` (`id`, `layoutId`, `tabId`, `fieldId`, `required`, `sortOrder`, `dateCreated`, `dateUpdated`, `uid`) VALUES ('129', '79', '45', '33', '0', '1', '2013-10-23 02:32:23', '2013-10-23 02:32:23', 'c08d9d04-2e2d-4817-a584-5c67bb151f0d');
INSERT INTO `craft_fieldlayoutfields` (`id`, `layoutId`, `tabId`, `fieldId`, `required`, `sortOrder`, `dateCreated`, `dateUpdated`, `uid`) VALUES ('130', '79', '45', '1', '0', '2', '2013-10-23 02:32:23', '2013-10-23 02:32:23', '50b14cf6-1632-4d08-99e8-166c80798687');
INSERT INTO `craft_fieldlayoutfields` (`id`, `layoutId`, `tabId`, `fieldId`, `required`, `sortOrder`, `dateCreated`, `dateUpdated`, `uid`) VALUES ('131', '79', '45', '7', '0', '3', '2013-10-23 02:32:23', '2013-10-23 02:32:23', '535a02e7-4c63-4551-826c-f16031172d69');
INSERT INTO `craft_fieldlayoutfields` (`id`, `layoutId`, `tabId`, `fieldId`, `required`, `sortOrder`, `dateCreated`, `dateUpdated`, `uid`) VALUES ('132', '79', '45', '3', '0', '4', '2013-10-23 02:32:23', '2013-10-23 02:32:23', 'd8b5924e-955d-4321-bda1-2ef29f3370d2');
INSERT INTO `craft_fieldlayoutfields` (`id`, `layoutId`, `tabId`, `fieldId`, `required`, `sortOrder`, `dateCreated`, `dateUpdated`, `uid`) VALUES ('133', '79', '45', '30', '0', '5', '2013-10-23 02:32:23', '2013-10-23 02:32:23', '6e295fab-bcf4-4361-b5fa-3234876b6e13');
INSERT INTO `craft_fieldlayoutfields` (`id`, `layoutId`, `tabId`, `fieldId`, `required`, `sortOrder`, `dateCreated`, `dateUpdated`, `uid`) VALUES ('134', '81', NULL, '7', '0', '1', '2013-10-23 02:34:55', '2013-10-23 02:34:55', '78759e66-544a-4a8e-94e1-058bb371c07c');
INSERT INTO `craft_fieldlayoutfields` (`id`, `layoutId`, `tabId`, `fieldId`, `required`, `sortOrder`, `dateCreated`, `dateUpdated`, `uid`) VALUES ('135', '81', NULL, '5', '0', '2', '2013-10-23 02:34:55', '2013-10-23 02:34:55', '52b77f52-b1a2-477f-823d-2ec193ccb94c');
INSERT INTO `craft_fieldlayoutfields` (`id`, `layoutId`, `tabId`, `fieldId`, `required`, `sortOrder`, `dateCreated`, `dateUpdated`, `uid`) VALUES ('136', '81', NULL, '10', '0', '3', '2013-10-23 02:34:55', '2013-10-23 02:34:55', 'f748a558-782f-41ce-bf5c-767511a87cbc');
INSERT INTO `craft_fieldlayoutfields` (`id`, `layoutId`, `tabId`, `fieldId`, `required`, `sortOrder`, `dateCreated`, `dateUpdated`, `uid`) VALUES ('137', '81', NULL, '34', '0', '4', '2013-10-23 02:34:55', '2013-10-23 02:34:55', '53aa474f-7f0f-4e9f-9889-2bfb9e61080d');
INSERT INTO `craft_fieldlayoutfields` (`id`, `layoutId`, `tabId`, `fieldId`, `required`, `sortOrder`, `dateCreated`, `dateUpdated`, `uid`) VALUES ('143', '83', '47', '19', '0', '1', '2013-10-24 03:46:55', '2013-10-24 03:46:55', '4e266059-b1bf-427b-a95f-349bf6e6934a');
INSERT INTO `craft_fieldlayoutfields` (`id`, `layoutId`, `tabId`, `fieldId`, `required`, `sortOrder`, `dateCreated`, `dateUpdated`, `uid`) VALUES ('144', '83', '47', '2', '0', '2', '2013-10-24 03:46:55', '2013-10-24 03:46:55', 'a1f4c9df-ff7e-425f-88df-05470fc41c7e');
INSERT INTO `craft_fieldlayoutfields` (`id`, `layoutId`, `tabId`, `fieldId`, `required`, `sortOrder`, `dateCreated`, `dateUpdated`, `uid`) VALUES ('145', '83', '47', '7', '0', '3', '2013-10-24 03:46:55', '2013-10-24 03:46:55', 'ee52a583-27fd-4773-82f8-59fd2c433aa6');
INSERT INTO `craft_fieldlayoutfields` (`id`, `layoutId`, `tabId`, `fieldId`, `required`, `sortOrder`, `dateCreated`, `dateUpdated`, `uid`) VALUES ('146', '83', '47', '3', '0', '4', '2013-10-24 03:46:55', '2013-10-24 03:46:55', '5deb178f-c19a-4a77-9455-4414d77c3c54');
INSERT INTO `craft_fieldlayoutfields` (`id`, `layoutId`, `tabId`, `fieldId`, `required`, `sortOrder`, `dateCreated`, `dateUpdated`, `uid`) VALUES ('147', '83', '47', '6', '0', '5', '2013-10-24 03:46:55', '2013-10-24 03:46:55', 'a00782db-0c2e-482c-b609-7fe307bc4332');
INSERT INTO `craft_fieldlayoutfields` (`id`, `layoutId`, `tabId`, `fieldId`, `required`, `sortOrder`, `dateCreated`, `dateUpdated`, `uid`) VALUES ('148', '83', '47', '30', '0', '6', '2013-10-24 03:46:55', '2013-10-24 03:46:55', 'dda499c8-5caa-49f0-af2f-f5bc50ac8fa0');



--
-- Schema for table `craft_fieldlayouts`
--

DROP TABLE IF EXISTS `craft_fieldlayouts`;

CREATE TABLE `craft_fieldlayouts` (
  `id` int(11) NOT NULL AUTO_INCREMENT,
  `type` char(150) COLLATE utf8_unicode_ci NOT NULL,
  `dateCreated` datetime NOT NULL,
  `dateUpdated` datetime NOT NULL,
  `uid` char(36) COLLATE utf8_unicode_ci NOT NULL DEFAULT '0',
  PRIMARY KEY (`id`),
  KEY `craft_fieldlayouts_type_idx` (`type`)
) ENGINE=InnoDB AUTO_INCREMENT=84 DEFAULT CHARSET=utf8 COLLATE=utf8_unicode_ci;

--
-- Data for table `craft_fieldlayouts`
--

INSERT INTO `craft_fieldlayouts` (`id`, `type`, `dateCreated`, `dateUpdated`, `uid`) VALUES ('1', 'Entry', '2013-10-11 04:49:09', '2013-10-11 04:49:09', 'bd6be914-6ce8-45a2-ae59-c84f0239e43b');
INSERT INTO `craft_fieldlayouts` (`id`, `type`, `dateCreated`, `dateUpdated`, `uid`) VALUES ('3', 'Entry', '2013-10-11 04:49:09', '2013-10-11 04:49:09', '0d2a2adb-5d77-48c1-b3f8-a05715ab0874');
INSERT INTO `craft_fieldlayouts` (`id`, `type`, `dateCreated`, `dateUpdated`, `uid`) VALUES ('8', 'Entry', '2013-10-13 05:17:59', '2013-10-13 05:17:59', 'a2d440ae-0941-44b9-b10c-a6d8d8818a97');
INSERT INTO `craft_fieldlayouts` (`id`, `type`, `dateCreated`, `dateUpdated`, `uid`) VALUES ('9', 'Entry', '2013-10-13 05:18:28', '2013-10-13 05:18:28', 'a2a550d8-956a-49d3-b906-6509a1f3abd1');
INSERT INTO `craft_fieldlayouts` (`id`, `type`, `dateCreated`, `dateUpdated`, `uid`) VALUES ('12', 'Entry', '2013-10-13 05:26:42', '2013-10-13 05:26:42', 'cc4b1154-51c8-4bfc-9cd4-1bfe543056bb');
INSERT INTO `craft_fieldlayouts` (`id`, `type`, `dateCreated`, `dateUpdated`, `uid`) VALUES ('13', 'Entry', '2013-10-13 05:28:12', '2013-10-13 05:28:12', '0b24e6fe-a60b-4374-a023-693495835faa');
INSERT INTO `craft_fieldlayouts` (`id`, `type`, `dateCreated`, `dateUpdated`, `uid`) VALUES ('14', 'Entry', '2013-10-13 05:28:23', '2013-10-13 05:28:23', '42bc7c8d-2b05-46b1-b83b-8deb8359988d');
INSERT INTO `craft_fieldlayouts` (`id`, `type`, `dateCreated`, `dateUpdated`, `uid`) VALUES ('15', 'Entry', '2013-10-13 05:28:43', '2013-10-13 05:28:43', '054f6280-e55b-4199-bef6-f4b4306edc57');
INSERT INTO `craft_fieldlayouts` (`id`, `type`, `dateCreated`, `dateUpdated`, `uid`) VALUES ('17', 'Entry', '2013-10-13 05:30:22', '2013-10-13 05:30:22', 'b9bc465c-d9eb-46aa-a827-43765e6f7757');
INSERT INTO `craft_fieldlayouts` (`id`, `type`, `dateCreated`, `dateUpdated`, `uid`) VALUES ('18', 'Entry', '2013-10-13 05:30:35', '2013-10-13 05:30:35', 'e74b96b6-df2f-42dc-b3b7-5605e56c80f4');
INSERT INTO `craft_fieldlayouts` (`id`, `type`, `dateCreated`, `dateUpdated`, `uid`) VALUES ('20', 'Entry', '2013-10-13 05:41:55', '2013-10-13 05:41:55', '12268639-04fa-468b-8724-54a964024741');
INSERT INTO `craft_fieldlayouts` (`id`, `type`, `dateCreated`, `dateUpdated`, `uid`) VALUES ('36', 'Entry', '2013-10-13 06:27:34', '2013-10-13 06:27:34', 'c87cc5db-66f8-4b67-9fe0-53a71db082e5');
INSERT INTO `craft_fieldlayouts` (`id`, `type`, `dateCreated`, `dateUpdated`, `uid`) VALUES ('41', 'Entry', '2013-10-13 07:28:10', '2013-10-13 07:28:10', '0152d73d-0d5d-4a97-b53e-fff84ee790fd');
INSERT INTO `craft_fieldlayouts` (`id`, `type`, `dateCreated`, `dateUpdated`, `uid`) VALUES ('44', 'Entry', '2013-10-13 08:17:26', '2013-10-13 08:17:26', '0c8591ec-71ed-4794-8e5b-fde75f6db417');
INSERT INTO `craft_fieldlayouts` (`id`, `type`, `dateCreated`, `dateUpdated`, `uid`) VALUES ('52', 'Entry', '2013-10-13 11:55:01', '2013-10-13 11:55:01', '88782730-fafc-4568-a6f2-4a50b51fde1d');
INSERT INTO `craft_fieldlayouts` (`id`, `type`, `dateCreated`, `dateUpdated`, `uid`) VALUES ('55', 'Entry', '2013-10-13 12:06:56', '2013-10-13 12:06:56', '7471b58e-2b24-48a5-9355-848323516cdf');
INSERT INTO `craft_fieldlayouts` (`id`, `type`, `dateCreated`, `dateUpdated`, `uid`) VALUES ('56', 'Entry', '2013-10-13 13:39:17', '2013-10-13 13:39:17', '5ec82015-1863-4597-b9bd-2d59c5042e01');
INSERT INTO `craft_fieldlayouts` (`id`, `type`, `dateCreated`, `dateUpdated`, `uid`) VALUES ('58', 'Entry', '2013-10-14 02:39:58', '2013-10-14 02:39:58', '700af884-216d-4754-be83-294ff4fc1b26');
INSERT INTO `craft_fieldlayouts` (`id`, `type`, `dateCreated`, `dateUpdated`, `uid`) VALUES ('60', 'Entry', '2013-10-14 06:02:32', '2013-10-14 06:02:32', 'a4dd32a7-eb0f-4647-a2db-5452ece61bad');
INSERT INTO `craft_fieldlayouts` (`id`, `type`, `dateCreated`, `dateUpdated`, `uid`) VALUES ('61', 'Entry', '2013-10-14 06:02:53', '2013-10-14 06:02:53', '97ef8364-9ac7-40ce-b4b6-8228ca4c6381');
INSERT INTO `craft_fieldlayouts` (`id`, `type`, `dateCreated`, `dateUpdated`, `uid`) VALUES ('63', 'Entry', '2013-10-14 06:14:38', '2013-10-14 06:14:38', 'b6493eca-e6f5-4777-b432-2f9e1cecc6c7');
INSERT INTO `craft_fieldlayouts` (`id`, `type`, `dateCreated`, `dateUpdated`, `uid`) VALUES ('64', 'Entry', '2013-10-21 03:47:05', '2013-10-21 03:47:05', '46be30f0-42f3-4b43-8752-aa4fac398d81');
INSERT INTO `craft_fieldlayouts` (`id`, `type`, `dateCreated`, `dateUpdated`, `uid`) VALUES ('65', 'Entry', '2013-10-21 05:11:57', '2013-10-21 05:11:57', '73125ed3-1816-40ad-bff5-b22c903277cb');
INSERT INTO `craft_fieldlayouts` (`id`, `type`, `dateCreated`, `dateUpdated`, `uid`) VALUES ('67', 'Entry', '2013-10-21 05:58:02', '2013-10-21 05:58:02', '0b3428ea-b50d-4a36-a4d2-d77b387a3467');
INSERT INTO `craft_fieldlayouts` (`id`, `type`, `dateCreated`, `dateUpdated`, `uid`) VALUES ('68', 'Entry', '2013-10-22 04:35:53', '2013-10-22 04:35:53', 'e803b7c5-e5f3-408f-a5f3-66b1363614ac');
INSERT INTO `craft_fieldlayouts` (`id`, `type`, `dateCreated`, `dateUpdated`, `uid`) VALUES ('72', 'Entry', '2013-10-23 00:35:43', '2013-10-23 00:35:43', '3a82333e-2bed-4afd-a0c2-2b5fdca56513');
INSERT INTO `craft_fieldlayouts` (`id`, `type`, `dateCreated`, `dateUpdated`, `uid`) VALUES ('78', 'Entry', '2013-10-23 01:11:56', '2013-10-23 01:11:56', 'dc297dbf-f9be-4da7-91d6-88d5855db776');
INSERT INTO `craft_fieldlayouts` (`id`, `type`, `dateCreated`, `dateUpdated`, `uid`) VALUES ('79', 'Entry', '2013-10-23 02:32:23', '2013-10-23 02:32:23', '8bb3cf41-fba2-4d31-b1b2-0f0d4a1a76a1');
INSERT INTO `craft_fieldlayouts` (`id`, `type`, `dateCreated`, `dateUpdated`, `uid`) VALUES ('80', 'Tag', '2013-10-23 02:34:03', '2013-10-23 02:34:03', '2a7a3ce4-9def-4178-927a-11e16d83009f');
INSERT INTO `craft_fieldlayouts` (`id`, `type`, `dateCreated`, `dateUpdated`, `uid`) VALUES ('81', 'User', '2013-10-23 02:34:55', '2013-10-23 02:34:55', '45707349-5cbb-4027-9f66-d4d9ed5f634b');
INSERT INTO `craft_fieldlayouts` (`id`, `type`, `dateCreated`, `dateUpdated`, `uid`) VALUES ('83', 'Entry', '2013-10-24 03:46:55', '2013-10-24 03:46:55', '9938e992-4078-4959-8b6e-9859dcfbf861');



--
-- Schema for table `craft_fieldlayouttabs`
--

DROP TABLE IF EXISTS `craft_fieldlayouttabs`;

CREATE TABLE `craft_fieldlayouttabs` (
  `id` int(11) NOT NULL AUTO_INCREMENT,
  `layoutId` int(11) NOT NULL,
  `name` varchar(255) COLLATE utf8_unicode_ci NOT NULL,
  `sortOrder` tinyint(4) DEFAULT NULL,
  `dateCreated` datetime NOT NULL,
  `dateUpdated` datetime NOT NULL,
  `uid` char(36) COLLATE utf8_unicode_ci NOT NULL DEFAULT '0',
  PRIMARY KEY (`id`),
  KEY `craft_fieldlayouttabs_sortOrder_idx` (`sortOrder`),
  KEY `craft_fieldlayouttabs_layoutId_fk` (`layoutId`)
) ENGINE=InnoDB AUTO_INCREMENT=48 DEFAULT CHARSET=utf8 COLLATE=utf8_unicode_ci;

--
-- Data for table `craft_fieldlayouttabs`
--

INSERT INTO `craft_fieldlayouttabs` (`id`, `layoutId`, `name`, `sortOrder`, `dateCreated`, `dateUpdated`, `uid`) VALUES ('1', '3', 'Content', '1', '2013-10-11 04:49:09', '2013-10-11 04:49:09', '8cedeabf-1a9e-4b38-81b5-3bae0515e667');
INSERT INTO `craft_fieldlayouttabs` (`id`, `layoutId`, `name`, `sortOrder`, `dateCreated`, `dateUpdated`, `uid`) VALUES ('6', '36', 'Blog', '1', '2013-10-13 06:27:34', '2013-10-13 06:27:34', '06803bcd-420f-42af-bc47-ebd234e4ee57');
INSERT INTO `craft_fieldlayouttabs` (`id`, `layoutId`, `name`, `sortOrder`, `dateCreated`, `dateUpdated`, `uid`) VALUES ('10', '41', 'News', '1', '2013-10-13 07:28:10', '2013-10-13 07:28:10', 'e3ab1572-6c7f-4908-b7cd-68a5b6b40823');
INSERT INTO `craft_fieldlayouttabs` (`id`, `layoutId`, `name`, `sortOrder`, `dateCreated`, `dateUpdated`, `uid`) VALUES ('13', '44', 'News', '1', '2013-10-13 08:17:26', '2013-10-13 08:17:26', '092a5bd6-a39c-4c17-bbd5-059d3f12ebc6');
INSERT INTO `craft_fieldlayouttabs` (`id`, `layoutId`, `name`, `sortOrder`, `dateCreated`, `dateUpdated`, `uid`) VALUES ('16', '52', 'Featured Projects', '1', '2013-10-13 11:55:01', '2013-10-13 11:55:01', 'e6102ebb-522c-4cea-b26c-c728908a098d');
INSERT INTO `craft_fieldlayouttabs` (`id`, `layoutId`, `name`, `sortOrder`, `dateCreated`, `dateUpdated`, `uid`) VALUES ('18', '55', 'Design Computing', '1', '2013-10-13 12:06:56', '2013-10-13 12:06:56', '48c2c9bb-620c-4b5c-8bf1-518daa35ab39');
INSERT INTO `craft_fieldlayouttabs` (`id`, `layoutId`, `name`, `sortOrder`, `dateCreated`, `dateUpdated`, `uid`) VALUES ('19', '56', 'Details', '1', '2013-10-13 13:39:17', '2013-10-13 13:39:17', '920a03f9-2894-4ca5-8cfc-b12b3ac4cd9e');
INSERT INTO `craft_fieldlayouttabs` (`id`, `layoutId`, `name`, `sortOrder`, `dateCreated`, `dateUpdated`, `uid`) VALUES ('27', '58', 'Project Details', '1', '2013-10-14 02:39:58', '2013-10-14 02:39:58', '25c20bf0-1286-4db4-8ea1-58828669c411');
INSERT INTO `craft_fieldlayouttabs` (`id`, `layoutId`, `name`, `sortOrder`, `dateCreated`, `dateUpdated`, `uid`) VALUES ('28', '58', 'Grounding', '2', '2013-10-14 02:39:58', '2013-10-14 02:39:58', '2edd7dda-77e9-4947-889e-7ce70eabc5ea');
INSERT INTO `craft_fieldlayouttabs` (`id`, `layoutId`, `name`, `sortOrder`, `dateCreated`, `dateUpdated`, `uid`) VALUES ('29', '58', 'Sketching', '3', '2013-10-14 02:39:58', '2013-10-14 02:39:58', '100f1ee3-e433-448f-b3d0-03e16a6788c7');
INSERT INTO `craft_fieldlayouttabs` (`id`, `layoutId`, `name`, `sortOrder`, `dateCreated`, `dateUpdated`, `uid`) VALUES ('30', '58', 'Mockups', '4', '2013-10-14 02:39:58', '2013-10-14 02:39:58', '2ab76e10-63e5-46ec-9ff2-3cfadc47e600');
INSERT INTO `craft_fieldlayouttabs` (`id`, `layoutId`, `name`, `sortOrder`, `dateCreated`, `dateUpdated`, `uid`) VALUES ('31', '58', 'Evaluation', '5', '2013-10-14 02:39:58', '2013-10-14 02:39:58', '4a37e195-c827-4cf9-8c38-de6f505bd1cc');
INSERT INTO `craft_fieldlayouttabs` (`id`, `layoutId`, `name`, `sortOrder`, `dateCreated`, `dateUpdated`, `uid`) VALUES ('32', '58', 'Prototypes', '6', '2013-10-14 02:39:58', '2013-10-14 02:39:58', '55c3b72b-4683-4e34-9cf3-1bf183b3a529');
INSERT INTO `craft_fieldlayouttabs` (`id`, `layoutId`, `name`, `sortOrder`, `dateCreated`, `dateUpdated`, `uid`) VALUES ('33', '58', 'Presentation', '7', '2013-10-14 02:39:58', '2013-10-14 02:39:58', '50119fef-0d92-4896-baee-5cd6271a2d92');
INSERT INTO `craft_fieldlayouttabs` (`id`, `layoutId`, `name`, `sortOrder`, `dateCreated`, `dateUpdated`, `uid`) VALUES ('35', '60', 'Tab 1', '1', '2013-10-14 06:02:32', '2013-10-14 06:02:32', '845af154-5bae-4672-b8dc-9693f6abf65a');
INSERT INTO `craft_fieldlayouttabs` (`id`, `layoutId`, `name`, `sortOrder`, `dateCreated`, `dateUpdated`, `uid`) VALUES ('36', '61', 'Tab 1', '1', '2013-10-14 06:02:53', '2013-10-14 06:02:53', '79116147-33b7-4eda-9fc9-570b1b6c2c6f');
INSERT INTO `craft_fieldlayouttabs` (`id`, `layoutId`, `name`, `sortOrder`, `dateCreated`, `dateUpdated`, `uid`) VALUES ('37', '63', 'Tab 1', '1', '2013-10-14 06:14:38', '2013-10-14 06:14:38', 'd9f62672-a0a6-46b7-8ccb-ae7f6686475a');
INSERT INTO `craft_fieldlayouttabs` (`id`, `layoutId`, `name`, `sortOrder`, `dateCreated`, `dateUpdated`, `uid`) VALUES ('38', '64', 'Schedule', '1', '2013-10-21 03:47:05', '2013-10-21 03:47:05', '59ace4a3-98f2-49c5-8ddc-2d5db31c48be');
INSERT INTO `craft_fieldlayouttabs` (`id`, `layoutId`, `name`, `sortOrder`, `dateCreated`, `dateUpdated`, `uid`) VALUES ('39', '65', 'Details', '1', '2013-10-21 05:11:57', '2013-10-21 05:11:57', '93e2bae2-f85a-4715-a49c-69f47d27c676');
INSERT INTO `craft_fieldlayouttabs` (`id`, `layoutId`, `name`, `sortOrder`, `dateCreated`, `dateUpdated`, `uid`) VALUES ('41', '67', 'Assignment', '1', '2013-10-21 05:58:02', '2013-10-21 05:58:02', '2b4df8cc-04c4-4306-8221-5c1f8b95cfa1');
INSERT INTO `craft_fieldlayouttabs` (`id`, `layoutId`, `name`, `sortOrder`, `dateCreated`, `dateUpdated`, `uid`) VALUES ('44', '78', 'Publication Details', '1', '2013-10-23 01:11:56', '2013-10-23 01:11:56', '760ed2e7-1549-42d1-8d09-585706c05198');
INSERT INTO `craft_fieldlayouttabs` (`id`, `layoutId`, `name`, `sortOrder`, `dateCreated`, `dateUpdated`, `uid`) VALUES ('45', '79', 'Research Area', '1', '2013-10-23 02:32:23', '2013-10-23 02:32:23', 'a4123c03-2d5d-4658-b0df-17bb30ea2a3a');
INSERT INTO `craft_fieldlayouttabs` (`id`, `layoutId`, `name`, `sortOrder`, `dateCreated`, `dateUpdated`, `uid`) VALUES ('47', '83', 'Project Details', '1', '2013-10-24 03:46:55', '2013-10-24 03:46:55', 'e4a7be51-2754-4a4e-9925-da36d9a82b71');



--
-- Schema for table `craft_fields`
--

DROP TABLE IF EXISTS `craft_fields`;

CREATE TABLE `craft_fields` (
  `id` int(11) NOT NULL AUTO_INCREMENT,
  `groupId` int(11) DEFAULT NULL,
  `name` varchar(255) COLLATE utf8_unicode_ci NOT NULL,
  `handle` varchar(64) COLLATE utf8_unicode_ci NOT NULL,
  `instructions` text COLLATE utf8_unicode_ci,
  `translatable` tinyint(1) unsigned NOT NULL DEFAULT '0',
  `type` char(150) COLLATE utf8_unicode_ci NOT NULL,
  `settings` text COLLATE utf8_unicode_ci,
  `dateCreated` datetime NOT NULL,
  `dateUpdated` datetime NOT NULL,
  `uid` char(36) COLLATE utf8_unicode_ci NOT NULL DEFAULT '0',
  PRIMARY KEY (`id`),
  UNIQUE KEY `craft_fields_handle_unq_idx` (`handle`),
  KEY `craft_fields_groupId_fk` (`groupId`)
) ENGINE=InnoDB AUTO_INCREMENT=35 DEFAULT CHARSET=utf8 COLLATE=utf8_unicode_ci;

--
-- Data for table `craft_fields`
--

INSERT INTO `craft_fields` (`id`, `groupId`, `name`, `handle`, `instructions`, `translatable`, `type`, `settings`, `dateCreated`, `dateUpdated`, `uid`) VALUES ('1', '1', 'Heading', 'heading', NULL, '1', 'PlainText', NULL, '2013-10-11 04:49:09', '2013-10-11 04:49:09', '3c63ac7c-ec90-42fd-90db-f1f78586ffa2');
INSERT INTO `craft_fields` (`id`, `groupId`, `name`, `handle`, `instructions`, `translatable`, `type`, `settings`, `dateCreated`, `dateUpdated`, `uid`) VALUES ('2', '1', 'Body', 'body', NULL, '1', 'RichText', '{\"configFile\":\"Standard.json\"}', '2013-10-11 04:49:09', '2013-10-11 04:49:09', 'ee2cf782-02d0-4471-93ac-ac1f5a75019e');
INSERT INTO `craft_fields` (`id`, `groupId`, `name`, `handle`, `instructions`, `translatable`, `type`, `settings`, `dateCreated`, `dateUpdated`, `uid`) VALUES ('3', '1', 'Tags', 'tags', NULL, '0', 'Tags', '{\"source\":\"tagset:1\"}', '2013-10-11 04:49:09', '2013-10-11 04:49:09', '4a0bfe37-2dce-44e2-92e3-81892b1e19f8');
INSERT INTO `craft_fields` (`id`, `groupId`, `name`, `handle`, `instructions`, `translatable`, `type`, `settings`, `dateCreated`, `dateUpdated`, `uid`) VALUES ('4', '3', 'Design Lab Featured Content', 'designLabFeaturedContent', '', '0', 'Entries', '{\"sources\":\"*\",\"limit\":\"\"}', '2013-10-13 05:13:28', '2013-10-13 12:03:00', '64d4a897-f7fd-49c7-8ce4-a6664705b88c');
INSERT INTO `craft_fields` (`id`, `groupId`, `name`, `handle`, `instructions`, `translatable`, `type`, `settings`, `dateCreated`, `dateUpdated`, `uid`) VALUES ('5', '4', 'Course', 'course', '', '0', 'Dropdown', '{\"options\":[{\"label\":\"IDEA\",\"value\":\"IDEA\",\"default\":\"\"},{\"label\":\"Design Computing\",\"value\":\"Design Computing\",\"default\":\"\"}]}', '2013-10-13 06:23:59', '2013-10-13 08:10:08', '0240aa3b-cb6f-4958-9d09-753e2615d147');
INSERT INTO `craft_fields` (`id`, `groupId`, `name`, `handle`, `instructions`, `translatable`, `type`, `settings`, `dateCreated`, `dateUpdated`, `uid`) VALUES ('6', '1', 'Participants', 'participants', '', '0', 'Users', '{\"sources\":\"*\",\"limit\":\"\"}', '2013-10-13 06:28:01', '2013-10-13 06:28:01', 'e782f901-bc6c-4341-9453-0304b6610819');
INSERT INTO `craft_fields` (`id`, `groupId`, `name`, `handle`, `instructions`, `translatable`, `type`, `settings`, `dateCreated`, `dateUpdated`, `uid`) VALUES ('7', '1', 'Featured Image', 'featuredImage', '', '0', 'Assets', '{\"sources\":\"*\",\"limit\":\"1\"}', '2013-10-13 06:50:56', '2013-10-13 06:50:56', '0baa8704-078d-44bb-8c9f-ef3d219018e0');
INSERT INTO `craft_fields` (`id`, `groupId`, `name`, `handle`, `instructions`, `translatable`, `type`, `settings`, `dateCreated`, `dateUpdated`, `uid`) VALUES ('8', '4', 'Unit', 'unit', '', '0', 'Dropdown', '{\"options\":[{\"label\":\"Interaction Design\",\"value\":\"Interaction Design\",\"default\":\"\"}]}', '2013-10-13 06:52:26', '2013-10-14 02:40:47', 'd5faf242-b9b1-403b-ab11-220abedad39d');
INSERT INTO `craft_fields` (`id`, `groupId`, `name`, `handle`, `instructions`, `translatable`, `type`, `settings`, `dateCreated`, `dateUpdated`, `uid`) VALUES ('9', '2', 'Year Finishing', 'yearFinishing', 'What year will you finish university?', '0', 'Dropdown', '{\"options\":[{\"label\":\"2014\",\"value\":\"2014\",\"default\":\"\"},{\"label\":\"2015\",\"value\":\"2015\",\"default\":\"\"},{\"label\":\"2016\",\"value\":\"2016\",\"default\":\"\"},{\"label\":\"2017\",\"value\":\"2017\",\"default\":\"\"}]}', '2013-10-13 09:32:04', '2013-10-13 09:32:04', 'db4f776a-77fd-4065-9a2f-4a6a182229ea');
INSERT INTO `craft_fields` (`id`, `groupId`, `name`, `handle`, `instructions`, `translatable`, `type`, `settings`, `dateCreated`, `dateUpdated`, `uid`) VALUES ('10', '2', 'User Profile', 'userProfile', '', '0', 'RichText', '{\"configFile\":\"\",\"cleanupHtml\":\"1\"}', '2013-10-13 10:46:51', '2013-10-13 10:47:03', '379f7290-ffda-4d5a-8409-ad6e9c5698a0');
INSERT INTO `craft_fields` (`id`, `groupId`, `name`, `handle`, `instructions`, `translatable`, `type`, `settings`, `dateCreated`, `dateUpdated`, `uid`) VALUES ('11', '4', 'Interaction Design Assignment Entries', 'interactionDesignAssignmentEntries', '', '0', 'Entries', '{\"sources\":[\"section:10\"],\"limit\":\"\"}', '2013-10-13 11:29:18', '2013-10-13 11:29:18', 'a641986b-05f6-4d84-a1ee-a35e4b3a3605');
INSERT INTO `craft_fields` (`id`, `groupId`, `name`, `handle`, `instructions`, `translatable`, `type`, `settings`, `dateCreated`, `dateUpdated`, `uid`) VALUES ('12', '3', 'Design Computing Featured Content', 'designComputingFeaturedContent', '', '0', 'Entries', '{\"sources\":[\"section:7\"],\"limit\":\"\"}', '2013-10-13 11:54:04', '2013-10-13 12:03:11', '8e7b344d-6245-4f83-b8db-4b16bafa967c');
INSERT INTO `craft_fields` (`id`, `groupId`, `name`, `handle`, `instructions`, `translatable`, `type`, `settings`, `dateCreated`, `dateUpdated`, `uid`) VALUES ('13', '5', 'Evaluation', 'evaluation', '', '0', 'RichText', '{\"configFile\":\"\",\"cleanupHtml\":\"1\"}', '2013-10-14 02:27:35', '2013-10-14 02:27:35', 'fe8adc0e-5245-408a-8a24-8bb86b86b80d');
INSERT INTO `craft_fields` (`id`, `groupId`, `name`, `handle`, `instructions`, `translatable`, `type`, `settings`, `dateCreated`, `dateUpdated`, `uid`) VALUES ('14', '5', 'Grounding', 'grounding', '', '0', 'RichText', '{\"configFile\":\"\",\"cleanupHtml\":\"1\"}', '2013-10-14 02:27:46', '2013-10-14 02:27:46', 'c1868715-5089-48a4-ae70-b14b6aee14f7');
INSERT INTO `craft_fields` (`id`, `groupId`, `name`, `handle`, `instructions`, `translatable`, `type`, `settings`, `dateCreated`, `dateUpdated`, `uid`) VALUES ('15', '5', 'Mockups', 'mockups', '', '0', 'RichText', '{\"configFile\":\"\",\"cleanupHtml\":\"1\"}', '2013-10-14 02:27:55', '2013-10-14 02:27:55', '70eab2df-206e-4de8-9b3e-9b52ecbfa0f9');
INSERT INTO `craft_fields` (`id`, `groupId`, `name`, `handle`, `instructions`, `translatable`, `type`, `settings`, `dateCreated`, `dateUpdated`, `uid`) VALUES ('16', '5', 'Prototypes', 'prototypes', '', '0', 'RichText', '{\"configFile\":\"\",\"cleanupHtml\":\"1\"}', '2013-10-14 02:28:06', '2013-10-14 02:28:06', '96679d10-327b-41d8-9ecd-f328e700e680');
INSERT INTO `craft_fields` (`id`, `groupId`, `name`, `handle`, `instructions`, `translatable`, `type`, `settings`, `dateCreated`, `dateUpdated`, `uid`) VALUES ('17', '5', 'Sketching', 'sketching', '', '0', 'RichText', '{\"configFile\":\"\",\"cleanupHtml\":\"1\"}', '2013-10-14 02:29:09', '2013-10-14 02:29:09', '9da79174-bf4d-4131-9969-f6226d20e3dd');
INSERT INTO `craft_fields` (`id`, `groupId`, `name`, `handle`, `instructions`, `translatable`, `type`, `settings`, `dateCreated`, `dateUpdated`, `uid`) VALUES ('18', '5', 'Presentation', 'presentation', '', '0', 'RichText', '{\"configFile\":\"\",\"cleanupHtml\":\"1\"}', '2013-10-14 02:29:26', '2013-10-14 02:29:26', 'c16cf23d-0118-4518-9cf5-bd049513faae');
INSERT INTO `craft_fields` (`id`, `groupId`, `name`, `handle`, `instructions`, `translatable`, `type`, `settings`, `dateCreated`, `dateUpdated`, `uid`) VALUES ('19', '5', 'Project Description', 'projectDescription', '', '0', 'PlainText', '{\"placeholder\":\"\",\"maxLength\":\"\",\"multiline\":\"\",\"initialRows\":\"4\"}', '2013-10-14 02:29:47', '2013-10-14 04:10:55', '11302e4c-a2bf-4b9f-a50f-5e6bd932fa98');
INSERT INTO `craft_fields` (`id`, `groupId`, `name`, `handle`, `instructions`, `translatable`, `type`, `settings`, `dateCreated`, `dateUpdated`, `uid`) VALUES ('20', '6', 'Interaction Design Assets', 'interactionDesignAssets', '', '0', 'Assets', '{\"sources\":[\"folder:1\"],\"limit\":\"\"}', '2013-10-14 02:31:54', '2013-10-14 02:31:54', '879ee0a2-65a3-4b1f-b722-9d6ea87c459d');
INSERT INTO `craft_fields` (`id`, `groupId`, `name`, `handle`, `instructions`, `translatable`, `type`, `settings`, `dateCreated`, `dateUpdated`, `uid`) VALUES ('21', '4', 'Schedule', 'schedule', '', '0', 'Table', '{\"columns\":{\"col1\":{\"heading\":\"Week\",\"handle\":\"week\",\"width\":\"\",\"type\":\"singleline\"},\"col2\":{\"heading\":\"Date\",\"handle\":\"date\",\"width\":\"\",\"type\":\"multiline\"},\"col3\":{\"heading\":\"Fri 10-11 (ALT3)\",\"handle\":\"fri10\",\"width\":\"\",\"type\":\"multiline\"},\"col4\":{\"heading\":\"Fri 11-1 (313)\",\"handle\":\"fri11\",\"width\":\"\",\"type\":\"multiline\"},\"col6\":{\"heading\":\"Fri 2-5 (3131\",\"handle\":\"fri2\",\"width\":\"\",\"type\":\"multiline\"},\"col5\":{\"heading\":\"Due (Thu 8pm)\",\"handle\":\"due\",\"width\":\"\",\"type\":\"multiline\"}},\"defaults\":{\"row1\":{\"col1\":\"\",\"col2\":\"\",\"col3\":\"\",\"col4\":\"\",\"col6\":\"\",\"col5\":\"\"}}}', '2013-10-21 03:46:15', '2013-10-21 04:04:42', '470a6ef3-529f-41ec-aa02-b314eebab222');
INSERT INTO `craft_fields` (`id`, `groupId`, `name`, `handle`, `instructions`, `translatable`, `type`, `settings`, `dateCreated`, `dateUpdated`, `uid`) VALUES ('22', '7', 'Design Brief', 'designBrief', '', '0', 'RichText', '{\"configFile\":\"\",\"cleanupHtml\":\"1\"}', '2013-10-21 05:06:21', '2013-10-21 05:06:21', '7d88fd90-049f-4043-8ba2-bf80cd3cf19c');
INSERT INTO `craft_fields` (`id`, `groupId`, `name`, `handle`, `instructions`, `translatable`, `type`, `settings`, `dateCreated`, `dateUpdated`, `uid`) VALUES ('23', '7', 'Due Date', 'dueDate', '', '0', 'Date', '{\"showTime\":\"1\"}', '2013-10-21 05:08:30', '2013-10-21 05:08:36', '041e47f5-956a-4dfb-b6ec-e2e75fdaab3a');
INSERT INTO `craft_fields` (`id`, `groupId`, `name`, `handle`, `instructions`, `translatable`, `type`, `settings`, `dateCreated`, `dateUpdated`, `uid`) VALUES ('24', '7', 'Submission Details', 'submissionDetails', '', '0', 'RichText', '{\"configFile\":\"\",\"cleanupHtml\":\"1\"}', '2013-10-21 05:09:19', '2013-10-21 05:09:19', 'b8a8ed68-7030-4041-89ba-f1660e8cdd0d');
INSERT INTO `craft_fields` (`id`, `groupId`, `name`, `handle`, `instructions`, `translatable`, `type`, `settings`, `dateCreated`, `dateUpdated`, `uid`) VALUES ('25', '7', 'Submission Resources', 'submissionResources', '', '0', 'RichText', '{\"configFile\":\"\",\"cleanupHtml\":\"1\"}', '2013-10-21 05:09:52', '2013-10-21 05:09:52', '2b3d049c-720d-4bbd-86b5-d916fc282016');
INSERT INTO `craft_fields` (`id`, `groupId`, `name`, `handle`, `instructions`, `translatable`, `type`, `settings`, `dateCreated`, `dateUpdated`, `uid`) VALUES ('26', '7', 'Previous Projects', 'previousProjects', '', '0', 'Entries', '{\"sources\":[\"section:7\"],\"limit\":\"\"}', '2013-10-21 05:10:30', '2013-10-21 05:10:30', 'eaec0be8-ca55-42c6-9ad6-e698d7d32db7');
INSERT INTO `craft_fields` (`id`, `groupId`, `name`, `handle`, `instructions`, `translatable`, `type`, `settings`, `dateCreated`, `dateUpdated`, `uid`) VALUES ('27', '7', 'Interaction Design Assignment Number', 'interactionDesignAssignmentNumber', '', '0', 'Dropdown', '{\"options\":[{\"label\":\"Assignment 1\",\"value\":\"Assignment 1\",\"default\":\"\"},{\"label\":\"Assignment 2\",\"value\":\"Assignment 2\",\"default\":\"\"},{\"label\":\"Assignment 3\",\"value\":\"Assignment 3\",\"default\":\"\"}]}', '2013-10-21 05:49:24', '2013-10-21 05:49:24', 'd7afa498-1fb3-4322-bf8d-396ee32cecfe');
INSERT INTO `craft_fields` (`id`, `groupId`, `name`, `handle`, `instructions`, `translatable`, `type`, `settings`, `dateCreated`, `dateUpdated`, `uid`) VALUES ('28', '8', 'Computational Design Publications', 'computationalDesignPublications', '', '0', 'Entries', '{\"sources\":[\"section:13\"],\"limit\":\"\"}', '2013-10-23 00:37:10', '2013-10-23 00:37:10', 'fe13ec58-fe9a-470c-99cd-571f54afa56b');
INSERT INTO `craft_fields` (`id`, `groupId`, `name`, `handle`, `instructions`, `translatable`, `type`, `settings`, `dateCreated`, `dateUpdated`, `uid`) VALUES ('29', '8', 'Computational Design Researchers', 'computationalDesignResearchers', '', '0', 'Users', '{\"sources\":\"*\",\"limit\":\"\"}', '2013-10-23 00:37:47', '2013-10-23 00:37:47', '54a2528c-baea-4686-b068-07e4d6974087');
INSERT INTO `craft_fields` (`id`, `groupId`, `name`, `handle`, `instructions`, `translatable`, `type`, `settings`, `dateCreated`, `dateUpdated`, `uid`) VALUES ('30', '8', 'Research Area', 'researchArea', '', '0', 'Dropdown', '{\"options\":[{\"label\":\"Computational Design\",\"value\":\"Computational Design\",\"default\":\"\"},{\"label\":\"\",\"value\":\"\",\"default\":\"\"}]}', '2013-10-23 00:38:15', '2013-10-23 00:38:15', '99a122a0-a3bc-4357-aa55-6a5e3e220ce1');
INSERT INTO `craft_fields` (`id`, `groupId`, `name`, `handle`, `instructions`, `translatable`, `type`, `settings`, `dateCreated`, `dateUpdated`, `uid`) VALUES ('31', '8', 'Publication Abstract', 'publicationAbstract', '', '0', 'RichText', '{\"configFile\":\"\",\"cleanupHtml\":\"1\"}', '2013-10-23 01:10:26', '2013-10-23 01:10:26', '97309200-3c6d-4be1-8865-a32c380d61f4');
INSERT INTO `craft_fields` (`id`, `groupId`, `name`, `handle`, `instructions`, `translatable`, `type`, `settings`, `dateCreated`, `dateUpdated`, `uid`) VALUES ('32', '8', 'Publication Files', 'publicationFiles', '', '0', 'Assets', '{\"sources\":\"*\",\"limit\":\"\"}', '2013-10-23 01:11:17', '2013-10-23 01:11:17', 'd8a2acbc-9ef5-494b-9130-15e52d82ce65');
INSERT INTO `craft_fields` (`id`, `groupId`, `name`, `handle`, `instructions`, `translatable`, `type`, `settings`, `dateCreated`, `dateUpdated`, `uid`) VALUES ('33', '8', 'Research About', 'researchAbout', '', '0', 'PlainText', '{\"placeholder\":\"\",\"maxLength\":\"\",\"multiline\":\"\",\"initialRows\":\"4\"}', '2013-10-23 02:31:59', '2013-10-23 02:31:59', '92a2d130-3bb5-4b37-b1c0-ff4fc6be792f');
INSERT INTO `craft_fields` (`id`, `groupId`, `name`, `handle`, `instructions`, `translatable`, `type`, `settings`, `dateCreated`, `dateUpdated`, `uid`) VALUES ('34', '2', 'User Tags', 'userTags', '', '0', 'Tags', '{\"source\":\"tagset:2\"}', '2013-10-23 02:34:35', '2013-10-23 02:34:35', 'd53b8064-8a65-4e6e-946d-33af4cfa3ccf');



--
-- Schema for table `craft_globalsets`
--

DROP TABLE IF EXISTS `craft_globalsets`;

CREATE TABLE `craft_globalsets` (
  `id` int(11) NOT NULL,
  `name` varchar(255) COLLATE utf8_unicode_ci NOT NULL,
  `handle` varchar(255) COLLATE utf8_unicode_ci NOT NULL,
  `fieldLayoutId` int(10) DEFAULT NULL,
  `dateCreated` datetime NOT NULL,
  `dateUpdated` datetime NOT NULL,
  `uid` char(36) COLLATE utf8_unicode_ci NOT NULL DEFAULT '0',
  PRIMARY KEY (`id`),
  UNIQUE KEY `craft_globalsets_name_unq_idx` (`name`),
  UNIQUE KEY `craft_globalsets_handle_unq_idx` (`handle`),
  KEY `craft_globalsets_fieldLayoutId_fk` (`fieldLayoutId`)
) ENGINE=InnoDB DEFAULT CHARSET=utf8 COLLATE=utf8_unicode_ci;

--
-- Schema for table `craft_info`
--

DROP TABLE IF EXISTS `craft_info`;

CREATE TABLE `craft_info` (
  `id` int(11) NOT NULL AUTO_INCREMENT,
  `version` char(15) COLLATE utf8_unicode_ci NOT NULL,
  `build` int(11) unsigned NOT NULL,
  `packages` varchar(200) COLLATE utf8_unicode_ci DEFAULT NULL,
  `releaseDate` datetime NOT NULL,
  `siteName` varchar(100) COLLATE utf8_unicode_ci NOT NULL,
  `siteUrl` varchar(255) COLLATE utf8_unicode_ci NOT NULL,
  `timezone` varchar(30) COLLATE utf8_unicode_ci DEFAULT NULL,
  `on` tinyint(1) unsigned NOT NULL DEFAULT '0',
  `maintenance` tinyint(1) unsigned NOT NULL DEFAULT '0',
  `track` varchar(40) COLLATE utf8_unicode_ci NOT NULL,
  `dateCreated` datetime NOT NULL,
  `dateUpdated` datetime NOT NULL,
  `uid` char(36) COLLATE utf8_unicode_ci NOT NULL DEFAULT '0',
  PRIMARY KEY (`id`)
) ENGINE=InnoDB AUTO_INCREMENT=2 DEFAULT CHARSET=utf8 COLLATE=utf8_unicode_ci;

--
-- Data for table `craft_info`
--

INSERT INTO `craft_info` (`id`, `version`, `build`, `packages`, `releaseDate`, `siteName`, `siteUrl`, `timezone`, `on`, `maintenance`, `track`, `dateCreated`, `dateUpdated`, `uid`) VALUES ('1', '1.2', '2367', 'PublishPro,Users,Cloud', '2013-10-09 21:32:21', 'Design Lab', 'http://craft.dev/', 'UTC', '1', '0', 'stable', '2013-10-11 04:49:07', '2013-10-13 05:55:50', '15be301a-f655-4289-9eb7-c55524f2bb34');



--
-- Schema for table `craft_locales`
--

DROP TABLE IF EXISTS `craft_locales`;

CREATE TABLE `craft_locales` (
  `locale` char(12) COLLATE utf8_unicode_ci NOT NULL,
  `sortOrder` tinyint(4) DEFAULT NULL,
  `dateCreated` datetime NOT NULL,
  `dateUpdated` datetime NOT NULL,
  `uid` char(36) COLLATE utf8_unicode_ci NOT NULL DEFAULT '0',
  PRIMARY KEY (`locale`)
) ENGINE=InnoDB DEFAULT CHARSET=utf8 COLLATE=utf8_unicode_ci;

--
-- Data for table `craft_locales`
--

INSERT INTO `craft_locales` (`locale`, `sortOrder`, `dateCreated`, `dateUpdated`, `uid`) VALUES ('en_us', '1', '2013-10-11 04:49:07', '2013-10-11 04:49:07', '06b241bd-11bf-437b-96ef-1c7bd62bb073');



--
-- Schema for table `craft_migrations`
--

DROP TABLE IF EXISTS `craft_migrations`;

CREATE TABLE `craft_migrations` (
  `id` int(11) NOT NULL AUTO_INCREMENT,
  `pluginId` int(11) DEFAULT NULL,
  `version` varchar(255) COLLATE utf8_unicode_ci NOT NULL,
  `applyTime` datetime NOT NULL,
  `dateCreated` datetime NOT NULL,
  `dateUpdated` datetime NOT NULL,
  `uid` char(36) COLLATE utf8_unicode_ci NOT NULL DEFAULT '0',
  PRIMARY KEY (`id`),
  UNIQUE KEY `craft_migrations_version_unq_idx` (`version`),
  KEY `craft_migrations_pluginId_fk` (`pluginId`)
) ENGINE=InnoDB AUTO_INCREMENT=2 DEFAULT CHARSET=utf8 COLLATE=utf8_unicode_ci;

--
-- Data for table `craft_migrations`
--

INSERT INTO `craft_migrations` (`id`, `pluginId`, `version`, `applyTime`, `dateCreated`, `dateUpdated`, `uid`) VALUES ('1', NULL, 'm000000_000000_base', '2013-10-11 04:49:07', '2013-10-11 04:49:07', '2013-10-11 04:49:07', '01229fc4-7c32-4771-9f5f-9422e2b5247b');



--
-- Schema for table `craft_plugins`
--

DROP TABLE IF EXISTS `craft_plugins`;

CREATE TABLE `craft_plugins` (
  `id` int(11) NOT NULL AUTO_INCREMENT,
  `class` char(150) COLLATE utf8_unicode_ci NOT NULL,
  `version` char(15) COLLATE utf8_unicode_ci NOT NULL,
  `enabled` tinyint(1) unsigned NOT NULL DEFAULT '0',
  `settings` text COLLATE utf8_unicode_ci,
  `installDate` datetime NOT NULL,
  `dateCreated` datetime NOT NULL,
  `dateUpdated` datetime NOT NULL,
  `uid` char(36) COLLATE utf8_unicode_ci NOT NULL DEFAULT '0',
  PRIMARY KEY (`id`)
) ENGINE=InnoDB DEFAULT CHARSET=utf8 COLLATE=utf8_unicode_ci;

--
-- Schema for table `craft_rackspaceaccess`
--

DROP TABLE IF EXISTS `craft_rackspaceaccess`;

CREATE TABLE `craft_rackspaceaccess` (
  `id` int(11) NOT NULL AUTO_INCREMENT,
  `connectionKey` varchar(255) COLLATE utf8_unicode_ci NOT NULL,
  `token` varchar(255) COLLATE utf8_unicode_ci NOT NULL,
  `storageUrl` varchar(255) COLLATE utf8_unicode_ci NOT NULL,
  `cdnUrl` varchar(255) COLLATE utf8_unicode_ci NOT NULL,
  `dateCreated` datetime NOT NULL,
  `dateUpdated` datetime NOT NULL,
  `uid` char(36) COLLATE utf8_unicode_ci NOT NULL DEFAULT '0',
  PRIMARY KEY (`id`),
  UNIQUE KEY `craft_rackspaceaccess_connectionKey_unq_idx` (`connectionKey`)
) ENGINE=InnoDB DEFAULT CHARSET=utf8 COLLATE=utf8_unicode_ci;

--
-- Schema for table `craft_relations`
--

DROP TABLE IF EXISTS `craft_relations`;

CREATE TABLE `craft_relations` (
  `id` int(11) NOT NULL AUTO_INCREMENT,
  `fieldId` int(11) NOT NULL,
  `parentId` int(11) NOT NULL,
  `childId` int(11) NOT NULL,
  `sortOrder` tinyint(4) DEFAULT NULL,
  `dateCreated` datetime NOT NULL,
  `dateUpdated` datetime NOT NULL,
  `uid` char(36) COLLATE utf8_unicode_ci NOT NULL DEFAULT '0',
  PRIMARY KEY (`id`),
  UNIQUE KEY `craft_relations_fieldId_parentId_childId_unq_idx` (`fieldId`,`parentId`,`childId`),
  KEY `craft_relations_parentId_fk` (`parentId`),
  KEY `craft_relations_childId_fk` (`childId`)
) ENGINE=InnoDB AUTO_INCREMENT=139 DEFAULT CHARSET=utf8 COLLATE=utf8_unicode_ci;

--
-- Data for table `craft_relations`
--

INSERT INTO `craft_relations` (`id`, `fieldId`, `parentId`, `childId`, `sortOrder`, `dateCreated`, `dateUpdated`, `uid`) VALUES ('70', '12', '4', '32', '1', '2013-10-14 06:05:49', '2013-10-14 06:05:49', '54d76db3-cb31-4164-a272-327be6461809');
INSERT INTO `craft_relations` (`id`, `fieldId`, `parentId`, `childId`, `sortOrder`, `dateCreated`, `dateUpdated`, `uid`) VALUES ('71', '4', '4', '32', '1', '2013-10-14 06:05:57', '2013-10-14 06:05:57', '228ae07f-7151-45a4-8705-495fe0510526');
INSERT INTO `craft_relations` (`id`, `fieldId`, `parentId`, `childId`, `sortOrder`, `dateCreated`, `dateUpdated`, `uid`) VALUES ('74', '7', '39', '42', '1', '2013-10-16 03:56:31', '2013-10-16 03:56:31', '5800a8b9-070f-4b14-93ee-e584dac71ec7');
INSERT INTO `craft_relations` (`id`, `fieldId`, `parentId`, `childId`, `sortOrder`, `dateCreated`, `dateUpdated`, `uid`) VALUES ('75', '3', '39', '40', '1', '2013-10-16 03:56:31', '2013-10-16 03:56:31', 'fff498c0-7991-48af-ae8e-6eed280f98e2');
INSERT INTO `craft_relations` (`id`, `fieldId`, `parentId`, `childId`, `sortOrder`, `dateCreated`, `dateUpdated`, `uid`) VALUES ('76', '7', '41', '43', '1', '2013-10-16 03:57:30', '2013-10-16 03:57:30', 'ff896e72-8bef-4391-83c3-e63b55e58773');
INSERT INTO `craft_relations` (`id`, `fieldId`, `parentId`, `childId`, `sortOrder`, `dateCreated`, `dateUpdated`, `uid`) VALUES ('77', '3', '41', '40', '1', '2013-10-16 03:57:30', '2013-10-16 03:57:30', '2f35d714-624b-41bc-9ca5-f3d577d2ff80');
INSERT INTO `craft_relations` (`id`, `fieldId`, `parentId`, `childId`, `sortOrder`, `dateCreated`, `dateUpdated`, `uid`) VALUES ('78', '7', '32', '45', '1', '2013-10-16 04:06:17', '2013-10-16 04:06:17', '9098c71d-1750-48c6-946e-158230e9d24b');
INSERT INTO `craft_relations` (`id`, `fieldId`, `parentId`, `childId`, `sortOrder`, `dateCreated`, `dateUpdated`, `uid`) VALUES ('79', '6', '32', '1', '1', '2013-10-16 04:06:17', '2013-10-16 04:06:17', '89ef8ca6-3906-4f7a-a15e-cc1510ddd2ad');
INSERT INTO `craft_relations` (`id`, `fieldId`, `parentId`, `childId`, `sortOrder`, `dateCreated`, `dateUpdated`, `uid`) VALUES ('80', '3', '32', '33', '1', '2013-10-16 04:06:17', '2013-10-16 04:06:17', '4513f205-b134-4f9c-aab9-4d0329effe5c');
INSERT INTO `craft_relations` (`id`, `fieldId`, `parentId`, `childId`, `sortOrder`, `dateCreated`, `dateUpdated`, `uid`) VALUES ('81', '3', '32', '34', '2', '2013-10-16 04:06:17', '2013-10-16 04:06:17', '1db6a69a-4045-4474-ab15-d35e2aab3e8e');
INSERT INTO `craft_relations` (`id`, `fieldId`, `parentId`, `childId`, `sortOrder`, `dateCreated`, `dateUpdated`, `uid`) VALUES ('82', '3', '32', '35', '3', '2013-10-16 04:06:17', '2013-10-16 04:06:17', '0409014a-c6bc-41a9-a430-a6616b72bf40');
INSERT INTO `craft_relations` (`id`, `fieldId`, `parentId`, `childId`, `sortOrder`, `dateCreated`, `dateUpdated`, `uid`) VALUES ('83', '7', '7', '46', '1', '2013-10-16 04:43:39', '2013-10-16 04:43:39', 'a44ef461-ddb3-44ab-ad2c-a162b457ce7c');
INSERT INTO `craft_relations` (`id`, `fieldId`, `parentId`, `childId`, `sortOrder`, `dateCreated`, `dateUpdated`, `uid`) VALUES ('84', '7', '23', '47', '1', '2013-10-16 04:44:01', '2013-10-16 04:44:01', 'e0d64274-4214-42c5-82fb-d7749c795a54');
INSERT INTO `craft_relations` (`id`, `fieldId`, `parentId`, `childId`, `sortOrder`, `dateCreated`, `dateUpdated`, `uid`) VALUES ('85', '12', '48', '32', '1', '2013-10-21 01:40:47', '2013-10-21 01:40:47', 'd4d0b5e8-0602-4f57-b1d6-282a1695ce88');
INSERT INTO `craft_relations` (`id`, `fieldId`, `parentId`, `childId`, `sortOrder`, `dateCreated`, `dateUpdated`, `uid`) VALUES ('86', '7', '50', '49', '1', '2013-10-21 02:11:10', '2013-10-21 02:11:10', 'ec4e4c31-cc13-4d27-8f30-004bfef3c14b');
INSERT INTO `craft_relations` (`id`, `fieldId`, `parentId`, `childId`, `sortOrder`, `dateCreated`, `dateUpdated`, `uid`) VALUES ('87', '7', '17', '42', '1', '2013-10-21 02:28:21', '2013-10-21 02:28:21', '06a6036e-9805-45e7-aaec-1eff45be95b5');
INSERT INTO `craft_relations` (`id`, `fieldId`, `parentId`, `childId`, `sortOrder`, `dateCreated`, `dateUpdated`, `uid`) VALUES ('88', '3', '17', '18', '1', '2013-10-21 02:28:21', '2013-10-21 02:28:21', '95dfa057-22b7-4e56-a152-9d5424736b6e');
INSERT INTO `craft_relations` (`id`, `fieldId`, `parentId`, `childId`, `sortOrder`, `dateCreated`, `dateUpdated`, `uid`) VALUES ('89', '7', '52', '51', '1', '2013-10-21 03:05:24', '2013-10-21 03:05:24', 'abb281d9-2e67-4410-a188-813399347758');
INSERT INTO `craft_relations` (`id`, `fieldId`, `parentId`, `childId`, `sortOrder`, `dateCreated`, `dateUpdated`, `uid`) VALUES ('91', '3', '26', '27', '1', '2013-10-21 05:13:58', '2013-10-21 05:13:58', 'f00f5d43-47dc-4923-9ec6-5c35da2dfc2d');
INSERT INTO `craft_relations` (`id`, `fieldId`, `parentId`, `childId`, `sortOrder`, `dateCreated`, `dateUpdated`, `uid`) VALUES ('92', '3', '26', '28', '2', '2013-10-21 05:13:58', '2013-10-21 05:13:58', '954cecb1-7f61-445f-9b66-4f636d3b7e47');
INSERT INTO `craft_relations` (`id`, `fieldId`, `parentId`, `childId`, `sortOrder`, `dateCreated`, `dateUpdated`, `uid`) VALUES ('93', '3', '26', '29', '3', '2013-10-21 05:13:58', '2013-10-21 05:13:58', 'fe70c7fa-e766-4c77-91fd-7dab930d24af');
INSERT INTO `craft_relations` (`id`, `fieldId`, `parentId`, `childId`, `sortOrder`, `dateCreated`, `dateUpdated`, `uid`) VALUES ('97', '7', '25', '49', '1', '2013-10-21 06:27:18', '2013-10-21 06:27:18', '8b2b9b62-678f-4e4f-b8b2-de9f59b6d518');
INSERT INTO `craft_relations` (`id`, `fieldId`, `parentId`, `childId`, `sortOrder`, `dateCreated`, `dateUpdated`, `uid`) VALUES ('98', '6', '25', '7', '1', '2013-10-21 06:27:18', '2013-10-21 06:27:18', 'c09d69a6-33f0-4479-8053-6a51d9a80561');
INSERT INTO `craft_relations` (`id`, `fieldId`, `parentId`, `childId`, `sortOrder`, `dateCreated`, `dateUpdated`, `uid`) VALUES ('99', '6', '25', '1', '2', '2013-10-21 06:27:18', '2013-10-21 06:27:18', '625ceb70-a746-4599-afe2-a46597154cd1');
INSERT INTO `craft_relations` (`id`, `fieldId`, `parentId`, `childId`, `sortOrder`, `dateCreated`, `dateUpdated`, `uid`) VALUES ('102', '7', '54', '53', '1', '2013-10-21 06:43:37', '2013-10-21 06:43:37', 'f5bec0c9-faf8-4193-a8ec-5d32ce1aaa6f');
INSERT INTO `craft_relations` (`id`, `fieldId`, `parentId`, `childId`, `sortOrder`, `dateCreated`, `dateUpdated`, `uid`) VALUES ('103', '6', '57', '23', '1', '2013-10-22 03:29:33', '2013-10-22 03:29:33', 'a6c6c105-09ef-40b0-8c50-55deeedc2b24');
INSERT INTO `craft_relations` (`id`, `fieldId`, `parentId`, `childId`, `sortOrder`, `dateCreated`, `dateUpdated`, `uid`) VALUES ('108', '29', '63', '58', '1', '2013-10-23 01:17:40', '2013-10-23 01:17:40', 'cc2f1948-268c-44a4-b9fe-417218ac7da6');
INSERT INTO `craft_relations` (`id`, `fieldId`, `parentId`, `childId`, `sortOrder`, `dateCreated`, `dateUpdated`, `uid`) VALUES ('109', '32', '63', '62', '1', '2013-10-23 01:17:40', '2013-10-23 01:17:40', '28ede111-762b-4e68-9878-97b2367601cd');
INSERT INTO `craft_relations` (`id`, `fieldId`, `parentId`, `childId`, `sortOrder`, `dateCreated`, `dateUpdated`, `uid`) VALUES ('110', '7', '61', '60', '1', '2013-10-23 02:32:38', '2013-10-23 02:32:38', 'c1015b9c-0fab-42c4-acc7-f325329a6d93');
INSERT INTO `craft_relations` (`id`, `fieldId`, `parentId`, `childId`, `sortOrder`, `dateCreated`, `dateUpdated`, `uid`) VALUES ('114', '29', '66', '58', '1', '2013-10-23 02:44:08', '2013-10-23 02:44:08', '6eda698b-656d-42cc-8358-0bfa51e1b82c');
INSERT INTO `craft_relations` (`id`, `fieldId`, `parentId`, `childId`, `sortOrder`, `dateCreated`, `dateUpdated`, `uid`) VALUES ('115', '7', '58', '65', '1', '2013-10-23 02:45:52', '2013-10-23 02:45:52', 'cb6535fd-2dca-4b07-b44d-f01b8302dbe1');
INSERT INTO `craft_relations` (`id`, `fieldId`, `parentId`, `childId`, `sortOrder`, `dateCreated`, `dateUpdated`, `uid`) VALUES ('116', '34', '58', '64', '1', '2013-10-23 02:45:52', '2013-10-23 02:45:52', '021f2443-622b-41b2-af44-538f1466c560');
INSERT INTO `craft_relations` (`id`, `fieldId`, `parentId`, `childId`, `sortOrder`, `dateCreated`, `dateUpdated`, `uid`) VALUES ('120', '7', '67', '68', '1', '2013-10-23 02:59:24', '2013-10-23 02:59:24', '685a007b-037d-4b3e-8c3d-b54197f9661f');
INSERT INTO `craft_relations` (`id`, `fieldId`, `parentId`, `childId`, `sortOrder`, `dateCreated`, `dateUpdated`, `uid`) VALUES ('121', '34', '67', '64', '1', '2013-10-23 02:59:24', '2013-10-23 02:59:24', '643a6e46-7c6c-4109-a253-fb8c940e50c3');
INSERT INTO `craft_relations` (`id`, `fieldId`, `parentId`, `childId`, `sortOrder`, `dateCreated`, `dateUpdated`, `uid`) VALUES ('122', '7', '70', '69', '1', '2013-10-24 03:48:34', '2013-10-24 03:48:34', '51bcb158-53a7-487c-9e0a-92c28b3f3d6e');
INSERT INTO `craft_relations` (`id`, `fieldId`, `parentId`, `childId`, `sortOrder`, `dateCreated`, `dateUpdated`, `uid`) VALUES ('123', '6', '70', '58', '1', '2013-10-24 03:48:34', '2013-10-24 03:48:34', '51a64786-4a22-4463-88b0-9ccc935aaed3');
INSERT INTO `craft_relations` (`id`, `fieldId`, `parentId`, `childId`, `sortOrder`, `dateCreated`, `dateUpdated`, `uid`) VALUES ('124', '6', '70', '38', '2', '2013-10-24 03:48:34', '2013-10-24 03:48:34', 'b6bb32e7-2aac-45aa-a77b-68cace895f81');
INSERT INTO `craft_relations` (`id`, `fieldId`, `parentId`, `childId`, `sortOrder`, `dateCreated`, `dateUpdated`, `uid`) VALUES ('125', '3', '70', '71', '1', '2013-10-24 03:48:34', '2013-10-24 03:48:34', '298bdd4a-5831-475f-94b3-ebfd79567629');
INSERT INTO `craft_relations` (`id`, `fieldId`, `parentId`, `childId`, `sortOrder`, `dateCreated`, `dateUpdated`, `uid`) VALUES ('126', '7', '73', '72', '1', '2013-10-24 03:50:23', '2013-10-24 03:50:23', 'a4ce39e6-5b8a-4988-b14f-a1d7a115723e');
INSERT INTO `craft_relations` (`id`, `fieldId`, `parentId`, `childId`, `sortOrder`, `dateCreated`, `dateUpdated`, `uid`) VALUES ('127', '6', '73', '1', '1', '2013-10-24 03:50:23', '2013-10-24 03:50:23', 'a82dcd0d-3e54-427e-8bdd-918312e0b43c');
INSERT INTO `craft_relations` (`id`, `fieldId`, `parentId`, `childId`, `sortOrder`, `dateCreated`, `dateUpdated`, `uid`) VALUES ('128', '3', '73', '71', '1', '2013-10-24 03:50:23', '2013-10-24 03:50:23', 'cfc1ba5a-19a5-4e66-b6b6-a91aaf3d30d8');
INSERT INTO `craft_relations` (`id`, `fieldId`, `parentId`, `childId`, `sortOrder`, `dateCreated`, `dateUpdated`, `uid`) VALUES ('129', '7', '75', '74', '1', '2013-10-24 03:51:16', '2013-10-24 03:51:16', 'b06cdbaf-0a8d-45b1-bee3-3c4561d84619');
INSERT INTO `craft_relations` (`id`, `fieldId`, `parentId`, `childId`, `sortOrder`, `dateCreated`, `dateUpdated`, `uid`) VALUES ('130', '6', '75', '7', '1', '2013-10-24 03:51:16', '2013-10-24 03:51:16', 'c2baf515-ab9f-4ee8-88d3-7a987f532fe2');
INSERT INTO `craft_relations` (`id`, `fieldId`, `parentId`, `childId`, `sortOrder`, `dateCreated`, `dateUpdated`, `uid`) VALUES ('131', '3', '75', '71', '1', '2013-10-24 03:51:16', '2013-10-24 03:51:16', 'f53b06dc-4c77-4c4f-b3af-e70d1c2ccf74');
INSERT INTO `craft_relations` (`id`, `fieldId`, `parentId`, `childId`, `sortOrder`, `dateCreated`, `dateUpdated`, `uid`) VALUES ('132', '7', '77', '76', '1', '2013-10-24 04:03:16', '2013-10-24 04:03:16', '39f3f3ed-70c8-4d97-a45a-1bd1a8222f84');
INSERT INTO `craft_relations` (`id`, `fieldId`, `parentId`, `childId`, `sortOrder`, `dateCreated`, `dateUpdated`, `uid`) VALUES ('133', '6', '77', '23', '1', '2013-10-24 04:03:16', '2013-10-24 04:03:16', '234535bf-d772-4e06-b0fa-7f78b762a68f');
INSERT INTO `craft_relations` (`id`, `fieldId`, `parentId`, `childId`, `sortOrder`, `dateCreated`, `dateUpdated`, `uid`) VALUES ('134', '3', '77', '71', '1', '2013-10-24 04:03:16', '2013-10-24 04:03:16', '2de77949-9ba5-4dc1-940a-bbd851ce8af9');
INSERT INTO `craft_relations` (`id`, `fieldId`, `parentId`, `childId`, `sortOrder`, `dateCreated`, `dateUpdated`, `uid`) VALUES ('135', '7', '38', '78', '1', '2013-10-29 02:24:26', '2013-10-29 02:24:26', 'a61d10d7-5ce6-4037-b473-507f9af51a91');
INSERT INTO `craft_relations` (`id`, `fieldId`, `parentId`, `childId`, `sortOrder`, `dateCreated`, `dateUpdated`, `uid`) VALUES ('136', '7', '1', '56', '1', '2013-10-29 04:34:51', '2013-10-29 04:34:51', '55a1e0e7-f0c5-498b-a7e6-e7d48b718170');
INSERT INTO `craft_relations` (`id`, `fieldId`, `parentId`, `childId`, `sortOrder`, `dateCreated`, `dateUpdated`, `uid`) VALUES ('137', '34', '1', '79', '1', '2013-10-29 04:34:51', '2013-10-29 04:34:51', '157d19f2-22f0-43a3-a680-71024b4d93ed');
INSERT INTO `craft_relations` (`id`, `fieldId`, `parentId`, `childId`, `sortOrder`, `dateCreated`, `dateUpdated`, `uid`) VALUES ('138', '34', '1', '80', '2', '2013-10-29 04:34:51', '2013-10-29 04:34:51', '2b196d47-ad86-4469-80a7-b5269f7479b6');



--
-- Schema for table `craft_routes`
--

DROP TABLE IF EXISTS `craft_routes`;

CREATE TABLE `craft_routes` (
  `id` int(11) NOT NULL AUTO_INCREMENT,
  `urlParts` varchar(255) COLLATE utf8_unicode_ci NOT NULL,
  `urlPattern` varchar(255) COLLATE utf8_unicode_ci NOT NULL,
  `template` varchar(255) COLLATE utf8_unicode_ci NOT NULL,
  `sortOrder` tinyint(4) DEFAULT NULL,
  `dateCreated` datetime NOT NULL,
  `dateUpdated` datetime NOT NULL,
  `uid` char(36) COLLATE utf8_unicode_ci NOT NULL DEFAULT '0',
  PRIMARY KEY (`id`),
  UNIQUE KEY `craft_routes_urlPattern_unq_idx` (`urlPattern`)
) ENGINE=InnoDB AUTO_INCREMENT=5 DEFAULT CHARSET=utf8 COLLATE=utf8_unicode_ci;

--
-- Data for table `craft_routes`
--

INSERT INTO `craft_routes` (`id`, `urlParts`, `urlPattern`, `template`, `sortOrder`, `dateCreated`, `dateUpdated`, `uid`) VALUES ('1', '{\"1\":[\"*\",\"[^\\\\\\/]+\"],\"3\":\"\\/people\"}', '([^\\/]+)\\/people', '_includes/people/people', '1', '2013-10-13 08:33:49', '2013-10-16 04:41:08', '9a0face8-be9f-425c-af8e-6e8401d4f6d6');
INSERT INTO `craft_routes` (`id`, `urlParts`, `urlPattern`, `template`, `sortOrder`, `dateCreated`, `dateUpdated`, `uid`) VALUES ('2', '[\"user\\/\",[\"*\",\"[^\\\\\\/]+\"]]', 'user\\/([^\\/]+)', '_includes/person/person', '2', '2013-10-13 09:14:55', '2013-10-16 04:48:08', '65980d00-bd4d-4960-9300-2459ccd84d42');
INSERT INTO `craft_routes` (`id`, `urlParts`, `urlPattern`, `template`, `sortOrder`, `dateCreated`, `dateUpdated`, `uid`) VALUES ('4', '{\"1\":[\"*\",\"[^\\\\\\/]+\"],\"3\":\"\\/projects\"}', '([^\\/]+)\\/projects', '_includes/projects/projectList', '3', '2013-10-14 03:16:08', '2013-10-21 05:40:44', '782fcd4e-7935-474e-8ab9-2e66a60c1a29');



--
-- Schema for table `craft_searchindex`
--

DROP TABLE IF EXISTS `craft_searchindex`;

CREATE TABLE `craft_searchindex` (
  `elementId` int(11) NOT NULL,
  `attribute` varchar(25) COLLATE utf8_unicode_ci NOT NULL,
  `fieldId` int(11) NOT NULL,
  `locale` char(12) COLLATE utf8_unicode_ci NOT NULL,
  `keywords` text COLLATE utf8_unicode_ci NOT NULL,
  PRIMARY KEY (`elementId`,`attribute`,`fieldId`,`locale`),
  FULLTEXT KEY `craft_searchindex_keywords_idx` (`keywords`)
) ENGINE=MyISAM DEFAULT CHARSET=utf8 COLLATE=utf8_unicode_ci;

--
-- Data for table `craft_searchindex`
--

INSERT INTO `craft_searchindex` (`elementId`, `attribute`, `fieldId`, `locale`, `keywords`) VALUES ('1', 'username', '0', 'en_us', ' purplejunkie ');
INSERT INTO `craft_searchindex` (`elementId`, `attribute`, `fieldId`, `locale`, `keywords`) VALUES ('1', 'firstname', '0', 'en_us', ' ro ');
INSERT INTO `craft_searchindex` (`elementId`, `attribute`, `fieldId`, `locale`, `keywords`) VALUES ('1', 'lastname', '0', 'en_us', ' brett ');
INSERT INTO `craft_searchindex` (`elementId`, `attribute`, `fieldId`, `locale`, `keywords`) VALUES ('1', 'fullname', '0', 'en_us', ' ro brett ');
INSERT INTO `craft_searchindex` (`elementId`, `attribute`, `fieldId`, `locale`, `keywords`) VALUES ('1', 'email', '0', 'en_us', ' ro brett gmail com ');
INSERT INTO `craft_searchindex` (`elementId`, `attribute`, `fieldId`, `locale`, `keywords`) VALUES ('2', 'slug', '0', 'en_us', ' homepage ');
INSERT INTO `craft_searchindex` (`elementId`, `attribute`, `fieldId`, `locale`, `keywords`) VALUES ('2', 'title', '0', 'en_us', ' homepage ');
INSERT INTO `craft_searchindex` (`elementId`, `attribute`, `fieldId`, `locale`, `keywords`) VALUES ('2', 'field', '2', 'en_us', ' it s true this site doesn t have a whole lot of content yet but don t worry our web developers have just installed the cms and they re setting things up for the content editors this very moment soon localhost will be an oasis of fresh perspectives sharp analyses and astute opinions that will keep you coming back again and again ');
INSERT INTO `craft_searchindex` (`elementId`, `attribute`, `fieldId`, `locale`, `keywords`) VALUES ('2', 'field', '1', 'en_us', ' welcome to localhost ');
INSERT INTO `craft_searchindex` (`elementId`, `attribute`, `fieldId`, `locale`, `keywords`) VALUES ('2', 'field', '3', 'en_us', '');
INSERT INTO `craft_searchindex` (`elementId`, `attribute`, `fieldId`, `locale`, `keywords`) VALUES ('3', 'slug', '0', 'en_us', ' we just installed craft ');
INSERT INTO `craft_searchindex` (`elementId`, `attribute`, `fieldId`, `locale`, `keywords`) VALUES ('3', 'title', '0', 'en_us', ' we just installed craft ');
INSERT INTO `craft_searchindex` (`elementId`, `attribute`, `fieldId`, `locale`, `keywords`) VALUES ('3', 'field', '2', 'en_us', ' craft is the cms that s powering localhost it s beautiful powerful flexible and easy to use and it s made by pixel tonic we can t wait to dive in and see what it s capable of this is even more captivating content which you couldn t see on the news index page because it was entered after a page break and the news index template only likes to show the content on the first page craft a nice alternative to word if you re making a website ');
INSERT INTO `craft_searchindex` (`elementId`, `attribute`, `fieldId`, `locale`, `keywords`) VALUES ('3', 'field', '1', 'en_us', '');
INSERT INTO `craft_searchindex` (`elementId`, `attribute`, `fieldId`, `locale`, `keywords`) VALUES ('3', 'field', '3', 'en_us', '');
INSERT INTO `craft_searchindex` (`elementId`, `attribute`, `fieldId`, `locale`, `keywords`) VALUES ('4', 'slug', '0', 'en_us', ' design lab featured content ');
INSERT INTO `craft_searchindex` (`elementId`, `attribute`, `fieldId`, `locale`, `keywords`) VALUES ('4', 'title', '0', 'en_us', ' design lab featured content ');
INSERT INTO `craft_searchindex` (`elementId`, `attribute`, `fieldId`, `locale`, `keywords`) VALUES ('4', 'field', '2', 'en_us', '');
INSERT INTO `craft_searchindex` (`elementId`, `attribute`, `fieldId`, `locale`, `keywords`) VALUES ('4', 'field', '4', 'en_us', ' little boxes ');
INSERT INTO `craft_searchindex` (`elementId`, `attribute`, `fieldId`, `locale`, `keywords`) VALUES ('4', 'field', '1', 'en_us', '');
INSERT INTO `craft_searchindex` (`elementId`, `attribute`, `fieldId`, `locale`, `keywords`) VALUES ('4', 'field', '3', 'en_us', '');
INSERT INTO `craft_searchindex` (`elementId`, `attribute`, `fieldId`, `locale`, `keywords`) VALUES ('7', 'username', '0', 'en_us', ' alice ');
INSERT INTO `craft_searchindex` (`elementId`, `attribute`, `fieldId`, `locale`, `keywords`) VALUES ('7', 'firstname', '0', 'en_us', ' alice ');
INSERT INTO `craft_searchindex` (`elementId`, `attribute`, `fieldId`, `locale`, `keywords`) VALUES ('7', 'lastname', '0', 'en_us', ' dennan ');
INSERT INTO `craft_searchindex` (`elementId`, `attribute`, `fieldId`, `locale`, `keywords`) VALUES ('7', 'fullname', '0', 'en_us', ' alice dennan ');
INSERT INTO `craft_searchindex` (`elementId`, `attribute`, `fieldId`, `locale`, `keywords`) VALUES ('7', 'email', '0', 'en_us', ' purplejunkie com gmail com ');
INSERT INTO `craft_searchindex` (`elementId`, `attribute`, `fieldId`, `locale`, `keywords`) VALUES ('8', 'field', '2', 'en_us', '');
INSERT INTO `craft_searchindex` (`elementId`, `attribute`, `fieldId`, `locale`, `keywords`) VALUES ('8', 'field', '4', 'en_us', '');
INSERT INTO `craft_searchindex` (`elementId`, `attribute`, `fieldId`, `locale`, `keywords`) VALUES ('8', 'field', '1', 'en_us', '');
INSERT INTO `craft_searchindex` (`elementId`, `attribute`, `fieldId`, `locale`, `keywords`) VALUES ('8', 'field', '3', 'en_us', '');
INSERT INTO `craft_searchindex` (`elementId`, `attribute`, `fieldId`, `locale`, `keywords`) VALUES ('8', 'filename', '0', 'en_us', ' toolkits jpg ');
INSERT INTO `craft_searchindex` (`elementId`, `attribute`, `fieldId`, `locale`, `keywords`) VALUES ('8', 'extension', '0', 'en_us', ' jpg ');
INSERT INTO `craft_searchindex` (`elementId`, `attribute`, `fieldId`, `locale`, `keywords`) VALUES ('8', 'kind', '0', 'en_us', ' image ');
INSERT INTO `craft_searchindex` (`elementId`, `attribute`, `fieldId`, `locale`, `keywords`) VALUES ('8', 'title', '0', 'en_us', ' toolkits ');
INSERT INTO `craft_searchindex` (`elementId`, `attribute`, `fieldId`, `locale`, `keywords`) VALUES ('9', 'field', '2', 'en_us', '');
INSERT INTO `craft_searchindex` (`elementId`, `attribute`, `fieldId`, `locale`, `keywords`) VALUES ('9', 'field', '4', 'en_us', '');
INSERT INTO `craft_searchindex` (`elementId`, `attribute`, `fieldId`, `locale`, `keywords`) VALUES ('9', 'field', '1', 'en_us', '');
INSERT INTO `craft_searchindex` (`elementId`, `attribute`, `fieldId`, `locale`, `keywords`) VALUES ('9', 'field', '3', 'en_us', '');
INSERT INTO `craft_searchindex` (`elementId`, `attribute`, `fieldId`, `locale`, `keywords`) VALUES ('9', 'filename', '0', 'en_us', ' toolkits jpg ');
INSERT INTO `craft_searchindex` (`elementId`, `attribute`, `fieldId`, `locale`, `keywords`) VALUES ('9', 'extension', '0', 'en_us', ' jpg ');
INSERT INTO `craft_searchindex` (`elementId`, `attribute`, `fieldId`, `locale`, `keywords`) VALUES ('9', 'kind', '0', 'en_us', ' image ');
INSERT INTO `craft_searchindex` (`elementId`, `attribute`, `fieldId`, `locale`, `keywords`) VALUES ('9', 'title', '0', 'en_us', ' toolkits ');
INSERT INTO `craft_searchindex` (`elementId`, `attribute`, `fieldId`, `locale`, `keywords`) VALUES ('10', 'slug', '0', 'en_us', ' hello ');
INSERT INTO `craft_searchindex` (`elementId`, `attribute`, `fieldId`, `locale`, `keywords`) VALUES ('10', 'title', '0', 'en_us', ' generic project ');
INSERT INTO `craft_searchindex` (`elementId`, `attribute`, `fieldId`, `locale`, `keywords`) VALUES ('10', 'field', '2', 'en_us', '');
INSERT INTO `craft_searchindex` (`elementId`, `attribute`, `fieldId`, `locale`, `keywords`) VALUES ('10', 'field', '4', 'en_us', '');
INSERT INTO `craft_searchindex` (`elementId`, `attribute`, `fieldId`, `locale`, `keywords`) VALUES ('10', 'field', '1', 'en_us', '');
INSERT INTO `craft_searchindex` (`elementId`, `attribute`, `fieldId`, `locale`, `keywords`) VALUES ('10', 'field', '3', 'en_us', '');
INSERT INTO `craft_searchindex` (`elementId`, `attribute`, `fieldId`, `locale`, `keywords`) VALUES ('11', 'slug', '0', 'en_us', ' hello ');
INSERT INTO `craft_searchindex` (`elementId`, `attribute`, `fieldId`, `locale`, `keywords`) VALUES ('11', 'title', '0', 'en_us', ' interaction design news post ');
INSERT INTO `craft_searchindex` (`elementId`, `attribute`, `fieldId`, `locale`, `keywords`) VALUES ('11', 'field', '2', 'en_us', '');
INSERT INTO `craft_searchindex` (`elementId`, `attribute`, `fieldId`, `locale`, `keywords`) VALUES ('11', 'field', '4', 'en_us', '');
INSERT INTO `craft_searchindex` (`elementId`, `attribute`, `fieldId`, `locale`, `keywords`) VALUES ('11', 'field', '1', 'en_us', '');
INSERT INTO `craft_searchindex` (`elementId`, `attribute`, `fieldId`, `locale`, `keywords`) VALUES ('11', 'field', '3', 'en_us', '');
INSERT INTO `craft_searchindex` (`elementId`, `attribute`, `fieldId`, `locale`, `keywords`) VALUES ('12', 'slug', '0', 'en_us', ' generic news item ');
INSERT INTO `craft_searchindex` (`elementId`, `attribute`, `fieldId`, `locale`, `keywords`) VALUES ('12', 'title', '0', 'en_us', ' generic news item ');
INSERT INTO `craft_searchindex` (`elementId`, `attribute`, `fieldId`, `locale`, `keywords`) VALUES ('12', 'field', '2', 'en_us', '');
INSERT INTO `craft_searchindex` (`elementId`, `attribute`, `fieldId`, `locale`, `keywords`) VALUES ('12', 'field', '4', 'en_us', '');
INSERT INTO `craft_searchindex` (`elementId`, `attribute`, `fieldId`, `locale`, `keywords`) VALUES ('12', 'field', '1', 'en_us', '');
INSERT INTO `craft_searchindex` (`elementId`, `attribute`, `fieldId`, `locale`, `keywords`) VALUES ('12', 'field', '3', 'en_us', '');
INSERT INTO `craft_searchindex` (`elementId`, `attribute`, `fieldId`, `locale`, `keywords`) VALUES ('13', 'field', '2', 'en_us', '');
INSERT INTO `craft_searchindex` (`elementId`, `attribute`, `fieldId`, `locale`, `keywords`) VALUES ('13', 'field', '5', 'en_us', '');
INSERT INTO `craft_searchindex` (`elementId`, `attribute`, `fieldId`, `locale`, `keywords`) VALUES ('13', 'field', '4', 'en_us', '');
INSERT INTO `craft_searchindex` (`elementId`, `attribute`, `fieldId`, `locale`, `keywords`) VALUES ('13', 'field', '7', 'en_us', '');
INSERT INTO `craft_searchindex` (`elementId`, `attribute`, `fieldId`, `locale`, `keywords`) VALUES ('13', 'field', '1', 'en_us', '');
INSERT INTO `craft_searchindex` (`elementId`, `attribute`, `fieldId`, `locale`, `keywords`) VALUES ('13', 'field', '6', 'en_us', '');
INSERT INTO `craft_searchindex` (`elementId`, `attribute`, `fieldId`, `locale`, `keywords`) VALUES ('13', 'field', '3', 'en_us', '');
INSERT INTO `craft_searchindex` (`elementId`, `attribute`, `fieldId`, `locale`, `keywords`) VALUES ('13', 'field', '8', 'en_us', '');
INSERT INTO `craft_searchindex` (`elementId`, `attribute`, `fieldId`, `locale`, `keywords`) VALUES ('13', 'filename', '0', 'en_us', ' 1 jpg ');
INSERT INTO `craft_searchindex` (`elementId`, `attribute`, `fieldId`, `locale`, `keywords`) VALUES ('13', 'extension', '0', 'en_us', ' jpg ');
INSERT INTO `craft_searchindex` (`elementId`, `attribute`, `fieldId`, `locale`, `keywords`) VALUES ('13', 'kind', '0', 'en_us', ' image ');
INSERT INTO `craft_searchindex` (`elementId`, `attribute`, `fieldId`, `locale`, `keywords`) VALUES ('13', 'title', '0', 'en_us', ' 1 ');
INSERT INTO `craft_searchindex` (`elementId`, `attribute`, `fieldId`, `locale`, `keywords`) VALUES ('14', 'slug', '0', 'en_us', ' student recreates game of thrones ');
INSERT INTO `craft_searchindex` (`elementId`, `attribute`, `fieldId`, `locale`, `keywords`) VALUES ('14', 'title', '0', 'en_us', ' student recreates game of thrones ');
INSERT INTO `craft_searchindex` (`elementId`, `attribute`, `fieldId`, `locale`, `keywords`) VALUES ('15', 'name', '0', 'en_us', ' 3d printing ');
INSERT INTO `craft_searchindex` (`elementId`, `attribute`, `fieldId`, `locale`, `keywords`) VALUES ('16', 'name', '0', 'en_us', ' film ');
INSERT INTO `craft_searchindex` (`elementId`, `attribute`, `fieldId`, `locale`, `keywords`) VALUES ('14', 'field', '2', 'en_us', ' lorem ipsum dolor sit amet consectetur adipisicing elit at odit facere earum sed magni neque rerum quae deserunt laudantium assumenda quis maxime quas distinctio optio dolore asperiores aliquam odio quisquam nisi nam delectus excepturi unde tenetur exercitationem beatae autem praesentium quia error velit saepe modi neque officiis veritatis adipisci enim lorem ipsum dolor sit amet consectetur adipisicing elit at odit facere earum sed magni neque rerum quae deserunt laudantium assumenda quis maxime quas distinctio optio dolore asperiores aliquam odio quisquam nisi nam delectus excepturi unde tenetur exercitationem beatae autem praesentium quia error velit saepe modi neque officiis veritatis adipisci enim lorem ipsum dolor sit amet consectetur adipisicing elit at odit facere earum sed magni neque rerum quae deserunt laudantium assumenda quis maxime quas distinctio optio dolore asperiores aliquam odio quisquam nisi nam delectus excepturi unde tenetur exercitationem beatae autem praesentium quia error velit saepe modi neque officiis veritatis adipisci enim lorem ipsum dolor sit amet consectetur adipisicing elit at odit facere earum sed magni neque rerum quae deserunt laudantium assumenda quis maxime quas distinctio optio dolore asperiores aliquam odio quisquam nisi nam delectus excepturi unde tenetur exercitationem beatae autem praesentium quia error velit saepe modi neque officiis veritatis adipisci enim ');
INSERT INTO `craft_searchindex` (`elementId`, `attribute`, `fieldId`, `locale`, `keywords`) VALUES ('14', 'field', '5', 'en_us', ' idea ');
INSERT INTO `craft_searchindex` (`elementId`, `attribute`, `fieldId`, `locale`, `keywords`) VALUES ('14', 'field', '4', 'en_us', '');
INSERT INTO `craft_searchindex` (`elementId`, `attribute`, `fieldId`, `locale`, `keywords`) VALUES ('14', 'field', '7', 'en_us', ' 1 ');
INSERT INTO `craft_searchindex` (`elementId`, `attribute`, `fieldId`, `locale`, `keywords`) VALUES ('14', 'field', '1', 'en_us', ' medical experts trying to treat illnesses like malaria heart disease and tuberculosis are turning to an unexpected population of study subjects for answers ancient mummies ');
INSERT INTO `craft_searchindex` (`elementId`, `attribute`, `fieldId`, `locale`, `keywords`) VALUES ('14', 'field', '6', 'en_us', '');
INSERT INTO `craft_searchindex` (`elementId`, `attribute`, `fieldId`, `locale`, `keywords`) VALUES ('14', 'field', '3', 'en_us', ' 3d printing film ');
INSERT INTO `craft_searchindex` (`elementId`, `attribute`, `fieldId`, `locale`, `keywords`) VALUES ('14', 'field', '8', 'en_us', '');
INSERT INTO `craft_searchindex` (`elementId`, `attribute`, `fieldId`, `locale`, `keywords`) VALUES ('17', 'slug', '0', 'en_us', ' interaction design item ');
INSERT INTO `craft_searchindex` (`elementId`, `attribute`, `fieldId`, `locale`, `keywords`) VALUES ('17', 'title', '0', 'en_us', ' making your bb10 app high resolution ');
INSERT INTO `craft_searchindex` (`elementId`, `attribute`, `fieldId`, `locale`, `keywords`) VALUES ('18', 'name', '0', 'en_us', ' ixd ');
INSERT INTO `craft_searchindex` (`elementId`, `attribute`, `fieldId`, `locale`, `keywords`) VALUES ('17', 'field', '2', 'en_us', ' some people have run into an issue with their bb10 app looking oversized when they tested on the actual device this is because the bb10 has a high pixel density ratio and web content seems to be rendered by default at a low dpi the effect is that all of the elements in your app look enlarged note that this only happens when you explicitly set the width and height css elements on the body to 768px and 1280px respectively for most people who have not set the width and height of their body or any elements it contains to a certain pixel value and have instead set them to either 100% or just let the elements fill the space this enlargement issue won t happen what will happen is that your app will render at about 160 pixels per inch the bb10 however is capable of a resolution of 356 ppi that means you are missing out on utilising the full resolution of the device and making a really great looking app the solution is to adjust the viewport meta tag slightly usually we have had an attribute called initial scale that we set to 1 0 meaning that the app is neither zoomed in or out to adjust for the higher pixel density in the bb10 we want to zoom out slightly this means setting the initial scale to about 0 446 so your viewport meta tag should now look like this meta name= viewport content= width=device width initial scale=0 446 user scalable=no you may have to adjust your html elements to suit the new resolution of your app however it will be worth the effort when you end up with a much better looking app reference how to set up the viewport for a blackberry webworks application for blackberry 10 ');
INSERT INTO `craft_searchindex` (`elementId`, `attribute`, `fieldId`, `locale`, `keywords`) VALUES ('17', 'field', '5', 'en_us', ' design computing ');
INSERT INTO `craft_searchindex` (`elementId`, `attribute`, `fieldId`, `locale`, `keywords`) VALUES ('17', 'field', '4', 'en_us', '');
INSERT INTO `craft_searchindex` (`elementId`, `attribute`, `fieldId`, `locale`, `keywords`) VALUES ('17', 'field', '7', 'en_us', ' translens2 ');
INSERT INTO `craft_searchindex` (`elementId`, `attribute`, `fieldId`, `locale`, `keywords`) VALUES ('17', 'field', '1', 'en_us', ' some people have run into an issue with their bb10 app looking oversized when they tested on the actual device ');
INSERT INTO `craft_searchindex` (`elementId`, `attribute`, `fieldId`, `locale`, `keywords`) VALUES ('17', 'field', '6', 'en_us', '');
INSERT INTO `craft_searchindex` (`elementId`, `attribute`, `fieldId`, `locale`, `keywords`) VALUES ('17', 'field', '3', 'en_us', ' ixd ');
INSERT INTO `craft_searchindex` (`elementId`, `attribute`, `fieldId`, `locale`, `keywords`) VALUES ('17', 'field', '8', 'en_us', ' interaction design ');
INSERT INTO `craft_searchindex` (`elementId`, `attribute`, `fieldId`, `locale`, `keywords`) VALUES ('4', 'field', '5', 'en_us', '');
INSERT INTO `craft_searchindex` (`elementId`, `attribute`, `fieldId`, `locale`, `keywords`) VALUES ('4', 'field', '7', 'en_us', '');
INSERT INTO `craft_searchindex` (`elementId`, `attribute`, `fieldId`, `locale`, `keywords`) VALUES ('4', 'field', '6', 'en_us', '');
INSERT INTO `craft_searchindex` (`elementId`, `attribute`, `fieldId`, `locale`, `keywords`) VALUES ('4', 'field', '8', 'en_us', '');
INSERT INTO `craft_searchindex` (`elementId`, `attribute`, `fieldId`, `locale`, `keywords`) VALUES ('19', 'field', '2', 'en_us', '');
INSERT INTO `craft_searchindex` (`elementId`, `attribute`, `fieldId`, `locale`, `keywords`) VALUES ('19', 'field', '5', 'en_us', '');
INSERT INTO `craft_searchindex` (`elementId`, `attribute`, `fieldId`, `locale`, `keywords`) VALUES ('19', 'field', '4', 'en_us', '');
INSERT INTO `craft_searchindex` (`elementId`, `attribute`, `fieldId`, `locale`, `keywords`) VALUES ('19', 'field', '7', 'en_us', '');
INSERT INTO `craft_searchindex` (`elementId`, `attribute`, `fieldId`, `locale`, `keywords`) VALUES ('19', 'field', '1', 'en_us', '');
INSERT INTO `craft_searchindex` (`elementId`, `attribute`, `fieldId`, `locale`, `keywords`) VALUES ('19', 'field', '6', 'en_us', '');
INSERT INTO `craft_searchindex` (`elementId`, `attribute`, `fieldId`, `locale`, `keywords`) VALUES ('19', 'field', '3', 'en_us', '');
INSERT INTO `craft_searchindex` (`elementId`, `attribute`, `fieldId`, `locale`, `keywords`) VALUES ('19', 'field', '8', 'en_us', '');
INSERT INTO `craft_searchindex` (`elementId`, `attribute`, `fieldId`, `locale`, `keywords`) VALUES ('19', 'filename', '0', 'en_us', ' 2 jpg ');
INSERT INTO `craft_searchindex` (`elementId`, `attribute`, `fieldId`, `locale`, `keywords`) VALUES ('19', 'extension', '0', 'en_us', ' jpg ');
INSERT INTO `craft_searchindex` (`elementId`, `attribute`, `fieldId`, `locale`, `keywords`) VALUES ('19', 'kind', '0', 'en_us', ' image ');
INSERT INTO `craft_searchindex` (`elementId`, `attribute`, `fieldId`, `locale`, `keywords`) VALUES ('19', 'title', '0', 'en_us', ' 2 ');
INSERT INTO `craft_searchindex` (`elementId`, `attribute`, `fieldId`, `locale`, `keywords`) VALUES ('20', 'slug', '0', 'en_us', ' design computing item ');
INSERT INTO `craft_searchindex` (`elementId`, `attribute`, `fieldId`, `locale`, `keywords`) VALUES ('20', 'title', '0', 'en_us', ' design computing item ');
INSERT INTO `craft_searchindex` (`elementId`, `attribute`, `fieldId`, `locale`, `keywords`) VALUES ('20', 'field', '2', 'en_us', ' yo yo yo ');
INSERT INTO `craft_searchindex` (`elementId`, `attribute`, `fieldId`, `locale`, `keywords`) VALUES ('20', 'field', '5', 'en_us', '');
INSERT INTO `craft_searchindex` (`elementId`, `attribute`, `fieldId`, `locale`, `keywords`) VALUES ('20', 'field', '4', 'en_us', '');
INSERT INTO `craft_searchindex` (`elementId`, `attribute`, `fieldId`, `locale`, `keywords`) VALUES ('20', 'field', '7', 'en_us', ' 2 ');
INSERT INTO `craft_searchindex` (`elementId`, `attribute`, `fieldId`, `locale`, `keywords`) VALUES ('20', 'field', '1', 'en_us', ' i am a design computing item ');
INSERT INTO `craft_searchindex` (`elementId`, `attribute`, `fieldId`, `locale`, `keywords`) VALUES ('20', 'field', '6', 'en_us', '');
INSERT INTO `craft_searchindex` (`elementId`, `attribute`, `fieldId`, `locale`, `keywords`) VALUES ('20', 'field', '3', 'en_us', ' ixd ');
INSERT INTO `craft_searchindex` (`elementId`, `attribute`, `fieldId`, `locale`, `keywords`) VALUES ('20', 'field', '8', 'en_us', '');
INSERT INTO `craft_searchindex` (`elementId`, `attribute`, `fieldId`, `locale`, `keywords`) VALUES ('7', 'field', '2', 'en_us', '');
INSERT INTO `craft_searchindex` (`elementId`, `attribute`, `fieldId`, `locale`, `keywords`) VALUES ('7', 'field', '5', 'en_us', ' design computing ');
INSERT INTO `craft_searchindex` (`elementId`, `attribute`, `fieldId`, `locale`, `keywords`) VALUES ('7', 'field', '4', 'en_us', '');
INSERT INTO `craft_searchindex` (`elementId`, `attribute`, `fieldId`, `locale`, `keywords`) VALUES ('7', 'field', '7', 'en_us', ' 3b88a1f0 st3 ');
INSERT INTO `craft_searchindex` (`elementId`, `attribute`, `fieldId`, `locale`, `keywords`) VALUES ('7', 'field', '1', 'en_us', '');
INSERT INTO `craft_searchindex` (`elementId`, `attribute`, `fieldId`, `locale`, `keywords`) VALUES ('7', 'field', '6', 'en_us', '');
INSERT INTO `craft_searchindex` (`elementId`, `attribute`, `fieldId`, `locale`, `keywords`) VALUES ('7', 'field', '3', 'en_us', '');
INSERT INTO `craft_searchindex` (`elementId`, `attribute`, `fieldId`, `locale`, `keywords`) VALUES ('7', 'field', '8', 'en_us', '');
INSERT INTO `craft_searchindex` (`elementId`, `attribute`, `fieldId`, `locale`, `keywords`) VALUES ('21', 'field', '2', 'en_us', '');
INSERT INTO `craft_searchindex` (`elementId`, `attribute`, `fieldId`, `locale`, `keywords`) VALUES ('21', 'field', '5', 'en_us', '');
INSERT INTO `craft_searchindex` (`elementId`, `attribute`, `fieldId`, `locale`, `keywords`) VALUES ('21', 'field', '4', 'en_us', '');
INSERT INTO `craft_searchindex` (`elementId`, `attribute`, `fieldId`, `locale`, `keywords`) VALUES ('21', 'field', '7', 'en_us', '');
INSERT INTO `craft_searchindex` (`elementId`, `attribute`, `fieldId`, `locale`, `keywords`) VALUES ('21', 'field', '1', 'en_us', '');
INSERT INTO `craft_searchindex` (`elementId`, `attribute`, `fieldId`, `locale`, `keywords`) VALUES ('21', 'field', '6', 'en_us', '');
INSERT INTO `craft_searchindex` (`elementId`, `attribute`, `fieldId`, `locale`, `keywords`) VALUES ('21', 'field', '3', 'en_us', '');
INSERT INTO `craft_searchindex` (`elementId`, `attribute`, `fieldId`, `locale`, `keywords`) VALUES ('21', 'field', '8', 'en_us', '');
INSERT INTO `craft_searchindex` (`elementId`, `attribute`, `fieldId`, `locale`, `keywords`) VALUES ('21', 'filename', '0', 'en_us', ' st1 jpg ');
INSERT INTO `craft_searchindex` (`elementId`, `attribute`, `fieldId`, `locale`, `keywords`) VALUES ('21', 'extension', '0', 'en_us', ' jpg ');
INSERT INTO `craft_searchindex` (`elementId`, `attribute`, `fieldId`, `locale`, `keywords`) VALUES ('21', 'kind', '0', 'en_us', ' image ');
INSERT INTO `craft_searchindex` (`elementId`, `attribute`, `fieldId`, `locale`, `keywords`) VALUES ('21', 'title', '0', 'en_us', ' st1 ');
INSERT INTO `craft_searchindex` (`elementId`, `attribute`, `fieldId`, `locale`, `keywords`) VALUES ('7', 'field', '9', 'en_us', ' 2014 ');
INSERT INTO `craft_searchindex` (`elementId`, `attribute`, `fieldId`, `locale`, `keywords`) VALUES ('22', 'field', '2', 'en_us', '');
INSERT INTO `craft_searchindex` (`elementId`, `attribute`, `fieldId`, `locale`, `keywords`) VALUES ('22', 'field', '5', 'en_us', '');
INSERT INTO `craft_searchindex` (`elementId`, `attribute`, `fieldId`, `locale`, `keywords`) VALUES ('22', 'field', '4', 'en_us', '');
INSERT INTO `craft_searchindex` (`elementId`, `attribute`, `fieldId`, `locale`, `keywords`) VALUES ('22', 'field', '7', 'en_us', '');
INSERT INTO `craft_searchindex` (`elementId`, `attribute`, `fieldId`, `locale`, `keywords`) VALUES ('22', 'field', '1', 'en_us', '');
INSERT INTO `craft_searchindex` (`elementId`, `attribute`, `fieldId`, `locale`, `keywords`) VALUES ('22', 'field', '6', 'en_us', '');
INSERT INTO `craft_searchindex` (`elementId`, `attribute`, `fieldId`, `locale`, `keywords`) VALUES ('22', 'field', '3', 'en_us', '');
INSERT INTO `craft_searchindex` (`elementId`, `attribute`, `fieldId`, `locale`, `keywords`) VALUES ('22', 'field', '8', 'en_us', '');
INSERT INTO `craft_searchindex` (`elementId`, `attribute`, `fieldId`, `locale`, `keywords`) VALUES ('22', 'field', '9', 'en_us', '');
INSERT INTO `craft_searchindex` (`elementId`, `attribute`, `fieldId`, `locale`, `keywords`) VALUES ('22', 'filename', '0', 'en_us', ' translens2 jpg ');
INSERT INTO `craft_searchindex` (`elementId`, `attribute`, `fieldId`, `locale`, `keywords`) VALUES ('22', 'extension', '0', 'en_us', ' jpg ');
INSERT INTO `craft_searchindex` (`elementId`, `attribute`, `fieldId`, `locale`, `keywords`) VALUES ('22', 'kind', '0', 'en_us', ' image ');
INSERT INTO `craft_searchindex` (`elementId`, `attribute`, `fieldId`, `locale`, `keywords`) VALUES ('22', 'title', '0', 'en_us', ' translens2 ');
INSERT INTO `craft_searchindex` (`elementId`, `attribute`, `fieldId`, `locale`, `keywords`) VALUES ('17', 'field', '9', 'en_us', '');
INSERT INTO `craft_searchindex` (`elementId`, `attribute`, `fieldId`, `locale`, `keywords`) VALUES ('41', 'slug', '0', 'en_us', ' hello ');
INSERT INTO `craft_searchindex` (`elementId`, `attribute`, `fieldId`, `locale`, `keywords`) VALUES ('4', 'field', '9', 'en_us', '');
INSERT INTO `craft_searchindex` (`elementId`, `attribute`, `fieldId`, `locale`, `keywords`) VALUES ('23', 'username', '0', 'en_us', ' jany220 ');
INSERT INTO `craft_searchindex` (`elementId`, `attribute`, `fieldId`, `locale`, `keywords`) VALUES ('23', 'firstname', '0', 'en_us', ' jennifer ');
INSERT INTO `craft_searchindex` (`elementId`, `attribute`, `fieldId`, `locale`, `keywords`) VALUES ('23', 'lastname', '0', 'en_us', ' loraz ');
INSERT INTO `craft_searchindex` (`elementId`, `attribute`, `fieldId`, `locale`, `keywords`) VALUES ('23', 'fullname', '0', 'en_us', ' jennifer loraz ');
INSERT INTO `craft_searchindex` (`elementId`, `attribute`, `fieldId`, `locale`, `keywords`) VALUES ('23', 'email', '0', 'en_us', ' r r com ');
INSERT INTO `craft_searchindex` (`elementId`, `attribute`, `fieldId`, `locale`, `keywords`) VALUES ('24', 'field', '2', 'en_us', '');
INSERT INTO `craft_searchindex` (`elementId`, `attribute`, `fieldId`, `locale`, `keywords`) VALUES ('24', 'field', '5', 'en_us', '');
INSERT INTO `craft_searchindex` (`elementId`, `attribute`, `fieldId`, `locale`, `keywords`) VALUES ('24', 'field', '4', 'en_us', '');
INSERT INTO `craft_searchindex` (`elementId`, `attribute`, `fieldId`, `locale`, `keywords`) VALUES ('24', 'field', '7', 'en_us', '');
INSERT INTO `craft_searchindex` (`elementId`, `attribute`, `fieldId`, `locale`, `keywords`) VALUES ('24', 'field', '1', 'en_us', '');
INSERT INTO `craft_searchindex` (`elementId`, `attribute`, `fieldId`, `locale`, `keywords`) VALUES ('24', 'field', '6', 'en_us', '');
INSERT INTO `craft_searchindex` (`elementId`, `attribute`, `fieldId`, `locale`, `keywords`) VALUES ('24', 'field', '3', 'en_us', '');
INSERT INTO `craft_searchindex` (`elementId`, `attribute`, `fieldId`, `locale`, `keywords`) VALUES ('24', 'field', '8', 'en_us', '');
INSERT INTO `craft_searchindex` (`elementId`, `attribute`, `fieldId`, `locale`, `keywords`) VALUES ('24', 'field', '9', 'en_us', '');
INSERT INTO `craft_searchindex` (`elementId`, `attribute`, `fieldId`, `locale`, `keywords`) VALUES ('24', 'filename', '0', 'en_us', ' st2 jpg ');
INSERT INTO `craft_searchindex` (`elementId`, `attribute`, `fieldId`, `locale`, `keywords`) VALUES ('24', 'extension', '0', 'en_us', ' jpg ');
INSERT INTO `craft_searchindex` (`elementId`, `attribute`, `fieldId`, `locale`, `keywords`) VALUES ('24', 'kind', '0', 'en_us', ' image ');
INSERT INTO `craft_searchindex` (`elementId`, `attribute`, `fieldId`, `locale`, `keywords`) VALUES ('24', 'title', '0', 'en_us', ' st2 ');
INSERT INTO `craft_searchindex` (`elementId`, `attribute`, `fieldId`, `locale`, `keywords`) VALUES ('23', 'field', '2', 'en_us', '');
INSERT INTO `craft_searchindex` (`elementId`, `attribute`, `fieldId`, `locale`, `keywords`) VALUES ('23', 'field', '5', 'en_us', ' design computing ');
INSERT INTO `craft_searchindex` (`elementId`, `attribute`, `fieldId`, `locale`, `keywords`) VALUES ('23', 'field', '4', 'en_us', '');
INSERT INTO `craft_searchindex` (`elementId`, `attribute`, `fieldId`, `locale`, `keywords`) VALUES ('23', 'field', '7', 'en_us', ' b42242d1 st2 ');
INSERT INTO `craft_searchindex` (`elementId`, `attribute`, `fieldId`, `locale`, `keywords`) VALUES ('23', 'field', '1', 'en_us', '');
INSERT INTO `craft_searchindex` (`elementId`, `attribute`, `fieldId`, `locale`, `keywords`) VALUES ('23', 'field', '6', 'en_us', '');
INSERT INTO `craft_searchindex` (`elementId`, `attribute`, `fieldId`, `locale`, `keywords`) VALUES ('23', 'field', '3', 'en_us', '');
INSERT INTO `craft_searchindex` (`elementId`, `attribute`, `fieldId`, `locale`, `keywords`) VALUES ('23', 'field', '8', 'en_us', '');
INSERT INTO `craft_searchindex` (`elementId`, `attribute`, `fieldId`, `locale`, `keywords`) VALUES ('23', 'field', '9', 'en_us', ' 2014 ');
INSERT INTO `craft_searchindex` (`elementId`, `attribute`, `fieldId`, `locale`, `keywords`) VALUES ('7', 'field', '10', 'en_us', ' lorem ipsum dolor sit amet consectetur adipisicing elit alias saepe sequi quod aliquid architecto sint quasi vero quos in voluptatibus tempora perferendis ut quaerat a eos veniam nam laboriosam vel distinctio ducimus non at rem repellendus ipsam id tenetur quae debitis repudiandae maxime reiciendis quibusdam amet consectetur dolorem iure velit sequi unde temporibus obcaecati voluptas assumenda repellendus numquam quasi iure provident dicta deserunt maiores sit placeat unde aspernatur suscipit earum aliquam laboriosam amet quod blanditiis nemo enim dolore quibusdam ratione tempore debitis nam impedit ea adipisci sunt qui totam quo numquam rem perspiciatis quos eligendi veritatis quas obcaecati vero ipsam corrupti eum reiciendis quae debitis molestiae maiores velit dolorem saepe voluptatem veniam quod nostrum est incidunt facilis ex ipsum repudiandae ducimus deserunt saepe doloribus laborum dolore iure ea eligendi et cumque molestiae fugit reprehenderit quae perspiciatis consequuntur beatae officia eum in ex possimus neque vitae cum inventore non aut vero ');
INSERT INTO `craft_searchindex` (`elementId`, `attribute`, `fieldId`, `locale`, `keywords`) VALUES ('23', 'field', '10', 'en_us', ' lorem ipsum dolor sit amet consectetur adipisicing elit alias saepe sequi quod aliquid architecto sint quasi vero quos in voluptatibus tempora perferendis ut quaerat a eos veniam nam laboriosam vel distinctio ducimus non at rem repellendus ipsam id tenetur quae debitis repudiandae maxime reiciendis quibusdam amet consectetur dolorem iure velit sequi unde temporibus obcaecati voluptas assumenda repellendus numquam quasi iure provident dicta deserunt maiores sit placeat unde aspernatur suscipit earum aliquam laboriosam amet quod blanditiis nemo enim dolore quibusdam ratione tempore debitis nam impedit ea adipisci sunt qui totam quo numquam rem perspiciatis quos eligendi veritatis quas obcaecati vero ipsam corrupti eum reiciendis quae debitis molestiae maiores velit dolorem saepe voluptatem veniam quod nostrum est incidunt facilis ex ipsum repudiandae ducimus deserunt saepe doloribus laborum dolore iure ea eligendi et cumque molestiae fugit reprehenderit quae perspiciatis consequuntur beatae officia eum in ex possimus neque vitae cum inventore non aut vero ');
INSERT INTO `craft_searchindex` (`elementId`, `attribute`, `fieldId`, `locale`, `keywords`) VALUES ('25', 'slug', '0', 'en_us', ' interaction design assignment submission ');
INSERT INTO `craft_searchindex` (`elementId`, `attribute`, `fieldId`, `locale`, `keywords`) VALUES ('25', 'title', '0', 'en_us', ' interaction design assignment submission ');
INSERT INTO `craft_searchindex` (`elementId`, `attribute`, `fieldId`, `locale`, `keywords`) VALUES ('25', 'field', '2', 'en_us', ' website mockupsredesigning http animania net au 2012 sydney septemberthe website was designed so that users new to animania can get a grasp of what the event is all about through the featured section on the home page first image whilst users who know what they are looking for e g competition prizes etc can navigate directly to those pages through the easy to use and logical drop down menus at the top of the site the home page also includes other important updates underneath the featured box as well the facebook twitter and rss buttons and links to the sponsors at the bottom of the page the red and orange colour scheme is consistent throughout the site and is appropriate for the anime cartoony theme and context we also created some graphics in the top banner to make the site more fun compared to the black and white palette of the current site smartphone appthe app was designed for practical use at animania with utility functions such as event information and a map but also includes the featured function of taking and uploading photos on the spot the first image is the splash screen you see when first opening the app it has 4 category buttons with images which when pressed will take you to the format in the rest of the mockup images the menu changing into the bar at the top the news screen shows a list of shortened news feed updates which when pressed will expand out downwards image 2 pressing the photo section will open up the gallery of photos taken and uploaded by people at the event and pressing on a thumbnail will enlarge the picture as in the last mockup image with a black opacity background finally the colour scheme of the app was designed to be consistent with the website and the functionality designed with having it simple and compact for quick use on the go at the event ');
INSERT INTO `craft_searchindex` (`elementId`, `attribute`, `fieldId`, `locale`, `keywords`) VALUES ('25', 'field', '5', 'en_us', '');
INSERT INTO `craft_searchindex` (`elementId`, `attribute`, `fieldId`, `locale`, `keywords`) VALUES ('25', 'field', '4', 'en_us', '');
INSERT INTO `craft_searchindex` (`elementId`, `attribute`, `fieldId`, `locale`, `keywords`) VALUES ('25', 'field', '7', 'en_us', ' wearable architecture ');
INSERT INTO `craft_searchindex` (`elementId`, `attribute`, `fieldId`, `locale`, `keywords`) VALUES ('25', 'field', '1', 'en_us', ' hello ');
INSERT INTO `craft_searchindex` (`elementId`, `attribute`, `fieldId`, `locale`, `keywords`) VALUES ('25', 'field', '6', 'en_us', ' alice dennan ro brett ');
INSERT INTO `craft_searchindex` (`elementId`, `attribute`, `fieldId`, `locale`, `keywords`) VALUES ('25', 'field', '3', 'en_us', '');
INSERT INTO `craft_searchindex` (`elementId`, `attribute`, `fieldId`, `locale`, `keywords`) VALUES ('25', 'field', '8', 'en_us', '');
INSERT INTO `craft_searchindex` (`elementId`, `attribute`, `fieldId`, `locale`, `keywords`) VALUES ('25', 'field', '10', 'en_us', '');
INSERT INTO `craft_searchindex` (`elementId`, `attribute`, `fieldId`, `locale`, `keywords`) VALUES ('25', 'field', '9', 'en_us', '');
INSERT INTO `craft_searchindex` (`elementId`, `attribute`, `fieldId`, `locale`, `keywords`) VALUES ('26', 'slug', '0', 'en_us', ' assignment 1 ');
INSERT INTO `craft_searchindex` (`elementId`, `attribute`, `fieldId`, `locale`, `keywords`) VALUES ('26', 'title', '0', 'en_us', ' assignment 1 ');
INSERT INTO `craft_searchindex` (`elementId`, `attribute`, `fieldId`, `locale`, `keywords`) VALUES ('27', 'name', '0', 'en_us', ' heuristic evaluation ');
INSERT INTO `craft_searchindex` (`elementId`, `attribute`, `fieldId`, `locale`, `keywords`) VALUES ('28', 'name', '0', 'en_us', ' usability ');
INSERT INTO `craft_searchindex` (`elementId`, `attribute`, `fieldId`, `locale`, `keywords`) VALUES ('29', 'name', '0', 'en_us', ' user focus ');
INSERT INTO `craft_searchindex` (`elementId`, `attribute`, `fieldId`, `locale`, `keywords`) VALUES ('26', 'field', '2', 'en_us', ' each group member to evaluate the mockups from task 1c using one of the following methods usability test with at least 2 users heuristic analysis with at least 2 experts using the 10 usability heuristics or the web application heuristics controlled experiment with at least 2 users to evaluate the mockups you need to print your mockupsprepare your mockups for the evaluation if necessary such as interactive elements like radio buttons pop up boxes etc prepare any additional material needed for the study such as task listsrecruit participants nb people from your class qualify as experts but not as usersadditionally you should conduct a short post evaluation interview with your users or experts to find out about their general attitude towards your application concept what things they liked about what they didn t whether they were missing any features etc the minimum requirement is to evaluate the desktop version of your application but you might want to include the mobile version as well to get early feedback from users experts on this part as well submissionindividual or group blog post describing including the following short description of methoddescription of evaluation procedure including the number of people tested and what their demographics are such as age profession etc one or more photos of your evaluation session to respect the privacy of your participants take the photos from an angle in which their face isn t visible findings what were the main results of the evaluation as well as the post evaluation interviewsuggestions for improvements to the interface based on the findingsthe blog post submission is due on thursday 13 september sunday 16 september 8pm there is no blackboard submission the next task to develop the interactive prototype is due 11 october resourcesdesign brief pdf how to conduct a heuristic evaluation10 heuristics in web applicationsnielsen s 10 usability heuristicswhy you only need to test with 5 usersd school bootcamp bootleg  pdf see pages 34 and 35ok cancel comics on usability and human computer interactionuser focus articles and resources  for further reading ');
INSERT INTO `craft_searchindex` (`elementId`, `attribute`, `fieldId`, `locale`, `keywords`) VALUES ('26', 'field', '5', 'en_us', '');
INSERT INTO `craft_searchindex` (`elementId`, `attribute`, `fieldId`, `locale`, `keywords`) VALUES ('26', 'field', '4', 'en_us', '');
INSERT INTO `craft_searchindex` (`elementId`, `attribute`, `fieldId`, `locale`, `keywords`) VALUES ('26', 'field', '7', 'en_us', '');
INSERT INTO `craft_searchindex` (`elementId`, `attribute`, `fieldId`, `locale`, `keywords`) VALUES ('26', 'field', '1', 'en_us', '');
INSERT INTO `craft_searchindex` (`elementId`, `attribute`, `fieldId`, `locale`, `keywords`) VALUES ('26', 'field', '11', 'en_us', '');
INSERT INTO `craft_searchindex` (`elementId`, `attribute`, `fieldId`, `locale`, `keywords`) VALUES ('26', 'field', '6', 'en_us', '');
INSERT INTO `craft_searchindex` (`elementId`, `attribute`, `fieldId`, `locale`, `keywords`) VALUES ('26', 'field', '3', 'en_us', ' heuristic evaluation usability user focus ');
INSERT INTO `craft_searchindex` (`elementId`, `attribute`, `fieldId`, `locale`, `keywords`) VALUES ('26', 'field', '8', 'en_us', '');
INSERT INTO `craft_searchindex` (`elementId`, `attribute`, `fieldId`, `locale`, `keywords`) VALUES ('26', 'field', '10', 'en_us', '');
INSERT INTO `craft_searchindex` (`elementId`, `attribute`, `fieldId`, `locale`, `keywords`) VALUES ('26', 'field', '9', 'en_us', '');
INSERT INTO `craft_searchindex` (`elementId`, `attribute`, `fieldId`, `locale`, `keywords`) VALUES ('4', 'field', '12', 'en_us', ' little boxes ');
INSERT INTO `craft_searchindex` (`elementId`, `attribute`, `fieldId`, `locale`, `keywords`) VALUES ('4', 'field', '11', 'en_us', '');
INSERT INTO `craft_searchindex` (`elementId`, `attribute`, `fieldId`, `locale`, `keywords`) VALUES ('4', 'field', '10', 'en_us', '');
INSERT INTO `craft_searchindex` (`elementId`, `attribute`, `fieldId`, `locale`, `keywords`) VALUES ('17', 'field', '12', 'en_us', '');
INSERT INTO `craft_searchindex` (`elementId`, `attribute`, `fieldId`, `locale`, `keywords`) VALUES ('17', 'field', '11', 'en_us', '');
INSERT INTO `craft_searchindex` (`elementId`, `attribute`, `fieldId`, `locale`, `keywords`) VALUES ('17', 'field', '10', 'en_us', '');
INSERT INTO `craft_searchindex` (`elementId`, `attribute`, `fieldId`, `locale`, `keywords`) VALUES ('30', 'field', '2', 'en_us', '');
INSERT INTO `craft_searchindex` (`elementId`, `attribute`, `fieldId`, `locale`, `keywords`) VALUES ('30', 'field', '5', 'en_us', '');
INSERT INTO `craft_searchindex` (`elementId`, `attribute`, `fieldId`, `locale`, `keywords`) VALUES ('30', 'field', '12', 'en_us', '');
INSERT INTO `craft_searchindex` (`elementId`, `attribute`, `fieldId`, `locale`, `keywords`) VALUES ('30', 'field', '4', 'en_us', '');
INSERT INTO `craft_searchindex` (`elementId`, `attribute`, `fieldId`, `locale`, `keywords`) VALUES ('30', 'field', '7', 'en_us', '');
INSERT INTO `craft_searchindex` (`elementId`, `attribute`, `fieldId`, `locale`, `keywords`) VALUES ('30', 'field', '1', 'en_us', '');
INSERT INTO `craft_searchindex` (`elementId`, `attribute`, `fieldId`, `locale`, `keywords`) VALUES ('30', 'field', '11', 'en_us', '');
INSERT INTO `craft_searchindex` (`elementId`, `attribute`, `fieldId`, `locale`, `keywords`) VALUES ('30', 'field', '6', 'en_us', '');
INSERT INTO `craft_searchindex` (`elementId`, `attribute`, `fieldId`, `locale`, `keywords`) VALUES ('30', 'field', '3', 'en_us', '');
INSERT INTO `craft_searchindex` (`elementId`, `attribute`, `fieldId`, `locale`, `keywords`) VALUES ('30', 'field', '8', 'en_us', '');
INSERT INTO `craft_searchindex` (`elementId`, `attribute`, `fieldId`, `locale`, `keywords`) VALUES ('30', 'field', '10', 'en_us', '');
INSERT INTO `craft_searchindex` (`elementId`, `attribute`, `fieldId`, `locale`, `keywords`) VALUES ('30', 'field', '9', 'en_us', '');
INSERT INTO `craft_searchindex` (`elementId`, `attribute`, `fieldId`, `locale`, `keywords`) VALUES ('30', 'filename', '0', 'en_us', ' img_4754 jpg ');
INSERT INTO `craft_searchindex` (`elementId`, `attribute`, `fieldId`, `locale`, `keywords`) VALUES ('30', 'extension', '0', 'en_us', ' jpg ');
INSERT INTO `craft_searchindex` (`elementId`, `attribute`, `fieldId`, `locale`, `keywords`) VALUES ('30', 'kind', '0', 'en_us', ' image ');
INSERT INTO `craft_searchindex` (`elementId`, `attribute`, `fieldId`, `locale`, `keywords`) VALUES ('30', 'title', '0', 'en_us', ' img 4754 ');
INSERT INTO `craft_searchindex` (`elementId`, `attribute`, `fieldId`, `locale`, `keywords`) VALUES ('1', 'field', '2', 'en_us', '');
INSERT INTO `craft_searchindex` (`elementId`, `attribute`, `fieldId`, `locale`, `keywords`) VALUES ('1', 'field', '5', 'en_us', ' design computing ');
INSERT INTO `craft_searchindex` (`elementId`, `attribute`, `fieldId`, `locale`, `keywords`) VALUES ('1', 'field', '12', 'en_us', '');
INSERT INTO `craft_searchindex` (`elementId`, `attribute`, `fieldId`, `locale`, `keywords`) VALUES ('1', 'field', '4', 'en_us', '');
INSERT INTO `craft_searchindex` (`elementId`, `attribute`, `fieldId`, `locale`, `keywords`) VALUES ('1', 'field', '7', 'en_us', ' img 4754 ');
INSERT INTO `craft_searchindex` (`elementId`, `attribute`, `fieldId`, `locale`, `keywords`) VALUES ('1', 'field', '1', 'en_us', '');
INSERT INTO `craft_searchindex` (`elementId`, `attribute`, `fieldId`, `locale`, `keywords`) VALUES ('1', 'field', '11', 'en_us', '');
INSERT INTO `craft_searchindex` (`elementId`, `attribute`, `fieldId`, `locale`, `keywords`) VALUES ('1', 'field', '6', 'en_us', '');
INSERT INTO `craft_searchindex` (`elementId`, `attribute`, `fieldId`, `locale`, `keywords`) VALUES ('1', 'field', '3', 'en_us', '');
INSERT INTO `craft_searchindex` (`elementId`, `attribute`, `fieldId`, `locale`, `keywords`) VALUES ('1', 'field', '8', 'en_us', '');
INSERT INTO `craft_searchindex` (`elementId`, `attribute`, `fieldId`, `locale`, `keywords`) VALUES ('1', 'field', '10', 'en_us', ' lorem ipsum dolor sit amet consectetur adipisicing elit alias saepe sequi quod aliquid architecto sint quasi vero quos in voluptatibus tempora perferendis ut quaerat a eos veniam nam laboriosam vel distinctio ducimus non at rem repellendus ipsam id tenetur quae debitis repudiandae maxime reiciendis quibusdam amet consectetur dolorem iure velit sequi unde temporibus obcaecati voluptas assumenda repellendus numquam quasi iure provident dicta deserunt maiores sit placeat unde aspernatur suscipit earum aliquam laboriosam amet quod blanditiis nemo enim dolore quibusdam ratione tempore debitis nam impedit ea adipisci sunt qui totam quo numquam rem perspiciatis quos eligendi veritatis quas obcaecati vero ipsam corrupti eum reiciendis quae debitis molestiae maiores velit dolorem saepe voluptatem veniam quod nostrum est incidunt facilis ex ipsum repudiandae ducimus deserunt saepe doloribus laborum dolore iure ea eligendi et cumque molestiae fugit reprehenderit quae perspiciatis consequuntur beatae officia eum in ex possimus neque vitae cum inventore non aut vero ');
INSERT INTO `craft_searchindex` (`elementId`, `attribute`, `fieldId`, `locale`, `keywords`) VALUES ('1', 'field', '9', 'en_us', ' 2014 ');
INSERT INTO `craft_searchindex` (`elementId`, `attribute`, `fieldId`, `locale`, `keywords`) VALUES ('31', 'field', '2', 'en_us', '');
INSERT INTO `craft_searchindex` (`elementId`, `attribute`, `fieldId`, `locale`, `keywords`) VALUES ('31', 'field', '5', 'en_us', '');
INSERT INTO `craft_searchindex` (`elementId`, `attribute`, `fieldId`, `locale`, `keywords`) VALUES ('31', 'field', '12', 'en_us', '');
INSERT INTO `craft_searchindex` (`elementId`, `attribute`, `fieldId`, `locale`, `keywords`) VALUES ('31', 'field', '4', 'en_us', '');
INSERT INTO `craft_searchindex` (`elementId`, `attribute`, `fieldId`, `locale`, `keywords`) VALUES ('31', 'field', '13', 'en_us', '');
INSERT INTO `craft_searchindex` (`elementId`, `attribute`, `fieldId`, `locale`, `keywords`) VALUES ('31', 'field', '7', 'en_us', '');
INSERT INTO `craft_searchindex` (`elementId`, `attribute`, `fieldId`, `locale`, `keywords`) VALUES ('31', 'field', '14', 'en_us', '');
INSERT INTO `craft_searchindex` (`elementId`, `attribute`, `fieldId`, `locale`, `keywords`) VALUES ('31', 'field', '1', 'en_us', '');
INSERT INTO `craft_searchindex` (`elementId`, `attribute`, `fieldId`, `locale`, `keywords`) VALUES ('31', 'field', '20', 'en_us', '');
INSERT INTO `craft_searchindex` (`elementId`, `attribute`, `fieldId`, `locale`, `keywords`) VALUES ('31', 'field', '11', 'en_us', '');
INSERT INTO `craft_searchindex` (`elementId`, `attribute`, `fieldId`, `locale`, `keywords`) VALUES ('31', 'field', '15', 'en_us', '');
INSERT INTO `craft_searchindex` (`elementId`, `attribute`, `fieldId`, `locale`, `keywords`) VALUES ('31', 'field', '6', 'en_us', '');
INSERT INTO `craft_searchindex` (`elementId`, `attribute`, `fieldId`, `locale`, `keywords`) VALUES ('31', 'field', '18', 'en_us', '');
INSERT INTO `craft_searchindex` (`elementId`, `attribute`, `fieldId`, `locale`, `keywords`) VALUES ('31', 'field', '19', 'en_us', '');
INSERT INTO `craft_searchindex` (`elementId`, `attribute`, `fieldId`, `locale`, `keywords`) VALUES ('31', 'field', '16', 'en_us', '');
INSERT INTO `craft_searchindex` (`elementId`, `attribute`, `fieldId`, `locale`, `keywords`) VALUES ('31', 'field', '17', 'en_us', '');
INSERT INTO `craft_searchindex` (`elementId`, `attribute`, `fieldId`, `locale`, `keywords`) VALUES ('31', 'field', '3', 'en_us', '');
INSERT INTO `craft_searchindex` (`elementId`, `attribute`, `fieldId`, `locale`, `keywords`) VALUES ('31', 'field', '8', 'en_us', '');
INSERT INTO `craft_searchindex` (`elementId`, `attribute`, `fieldId`, `locale`, `keywords`) VALUES ('31', 'field', '10', 'en_us', '');
INSERT INTO `craft_searchindex` (`elementId`, `attribute`, `fieldId`, `locale`, `keywords`) VALUES ('31', 'field', '9', 'en_us', '');
INSERT INTO `craft_searchindex` (`elementId`, `attribute`, `fieldId`, `locale`, `keywords`) VALUES ('31', 'filename', '0', 'en_us', ' littleboxes jpg ');
INSERT INTO `craft_searchindex` (`elementId`, `attribute`, `fieldId`, `locale`, `keywords`) VALUES ('31', 'extension', '0', 'en_us', ' jpg ');
INSERT INTO `craft_searchindex` (`elementId`, `attribute`, `fieldId`, `locale`, `keywords`) VALUES ('31', 'kind', '0', 'en_us', ' image ');
INSERT INTO `craft_searchindex` (`elementId`, `attribute`, `fieldId`, `locale`, `keywords`) VALUES ('31', 'title', '0', 'en_us', ' littleboxes ');
INSERT INTO `craft_searchindex` (`elementId`, `attribute`, `fieldId`, `locale`, `keywords`) VALUES ('32', 'slug', '0', 'en_us', ' little boxes ');
INSERT INTO `craft_searchindex` (`elementId`, `attribute`, `fieldId`, `locale`, `keywords`) VALUES ('32', 'title', '0', 'en_us', ' little boxes ');
INSERT INTO `craft_searchindex` (`elementId`, `attribute`, `fieldId`, `locale`, `keywords`) VALUES ('33', 'name', '0', 'en_us', ' physical computing ');
INSERT INTO `craft_searchindex` (`elementId`, `attribute`, `fieldId`, `locale`, `keywords`) VALUES ('34', 'name', '0', 'en_us', ' time capsules ');
INSERT INTO `craft_searchindex` (`elementId`, `attribute`, `fieldId`, `locale`, `keywords`) VALUES ('35', 'name', '0', 'en_us', ' social networks ');
INSERT INTO `craft_searchindex` (`elementId`, `attribute`, `fieldId`, `locale`, `keywords`) VALUES ('32', 'field', '2', 'en_us', '');
INSERT INTO `craft_searchindex` (`elementId`, `attribute`, `fieldId`, `locale`, `keywords`) VALUES ('32', 'field', '5', 'en_us', ' design computing ');
INSERT INTO `craft_searchindex` (`elementId`, `attribute`, `fieldId`, `locale`, `keywords`) VALUES ('32', 'field', '12', 'en_us', '');
INSERT INTO `craft_searchindex` (`elementId`, `attribute`, `fieldId`, `locale`, `keywords`) VALUES ('32', 'field', '4', 'en_us', '');
INSERT INTO `craft_searchindex` (`elementId`, `attribute`, `fieldId`, `locale`, `keywords`) VALUES ('32', 'field', '13', 'en_us', '');
INSERT INTO `craft_searchindex` (`elementId`, `attribute`, `fieldId`, `locale`, `keywords`) VALUES ('32', 'field', '7', 'en_us', ' 0fcdf4d0 littleboxes ');
INSERT INTO `craft_searchindex` (`elementId`, `attribute`, `fieldId`, `locale`, `keywords`) VALUES ('32', 'field', '14', 'en_us', ' our concept while still developing is centred around the idea of creating a room in which the user can login to and revisit both their online lives in the present or reverse the room to a time in their past the goal is to immerse the user in their present and past as seamlessly as possible while exhibiting their digital lives in an ordinary room we want to use as many online sources of personal information as we can get but realise the most ubiquitous source is more than likely facebook as it has the largest user base we want to achieve this with a combination of images audio personal information and video taken directly from facebook using a mobile to login with content both from the users profile and content relevant to when the user is choosing to view ');
INSERT INTO `craft_searchindex` (`elementId`, `attribute`, `fieldId`, `locale`, `keywords`) VALUES ('32', 'field', '1', 'en_us', '');
INSERT INTO `craft_searchindex` (`elementId`, `attribute`, `fieldId`, `locale`, `keywords`) VALUES ('32', 'field', '20', 'en_us', '');
INSERT INTO `craft_searchindex` (`elementId`, `attribute`, `fieldId`, `locale`, `keywords`) VALUES ('32', 'field', '11', 'en_us', '');
INSERT INTO `craft_searchindex` (`elementId`, `attribute`, `fieldId`, `locale`, `keywords`) VALUES ('32', 'field', '15', 'en_us', '');
INSERT INTO `craft_searchindex` (`elementId`, `attribute`, `fieldId`, `locale`, `keywords`) VALUES ('32', 'field', '6', 'en_us', ' ro brett ');
INSERT INTO `craft_searchindex` (`elementId`, `attribute`, `fieldId`, `locale`, `keywords`) VALUES ('32', 'field', '18', 'en_us', '');
INSERT INTO `craft_searchindex` (`elementId`, `attribute`, `fieldId`, `locale`, `keywords`) VALUES ('32', 'field', '19', 'en_us', ' little boxes is an interactive digital time capsule that allows viewers not only to become a part of the piece directly but also to explore digital information in an interesting way various wooden boxes of different sizes shapes and designs are scattered around the space each with their own screen stored inside on entering the space visitors are prompted to do two things log into their facebook account and choose a month and year they wish to view ');
INSERT INTO `craft_searchindex` (`elementId`, `attribute`, `fieldId`, `locale`, `keywords`) VALUES ('32', 'field', '16', 'en_us', '');
INSERT INTO `craft_searchindex` (`elementId`, `attribute`, `fieldId`, `locale`, `keywords`) VALUES ('32', 'field', '17', 'en_us', ' idea of the roomindividual boxes ');
INSERT INTO `craft_searchindex` (`elementId`, `attribute`, `fieldId`, `locale`, `keywords`) VALUES ('32', 'field', '3', 'en_us', ' physical computing time capsules social networks ');
INSERT INTO `craft_searchindex` (`elementId`, `attribute`, `fieldId`, `locale`, `keywords`) VALUES ('32', 'field', '8', 'en_us', ' interaction design ');
INSERT INTO `craft_searchindex` (`elementId`, `attribute`, `fieldId`, `locale`, `keywords`) VALUES ('32', 'field', '10', 'en_us', '');
INSERT INTO `craft_searchindex` (`elementId`, `attribute`, `fieldId`, `locale`, `keywords`) VALUES ('32', 'field', '9', 'en_us', '');
INSERT INTO `craft_searchindex` (`elementId`, `attribute`, `fieldId`, `locale`, `keywords`) VALUES ('36', 'field', '2', 'en_us', '');
INSERT INTO `craft_searchindex` (`elementId`, `attribute`, `fieldId`, `locale`, `keywords`) VALUES ('36', 'field', '5', 'en_us', '');
INSERT INTO `craft_searchindex` (`elementId`, `attribute`, `fieldId`, `locale`, `keywords`) VALUES ('36', 'field', '12', 'en_us', '');
INSERT INTO `craft_searchindex` (`elementId`, `attribute`, `fieldId`, `locale`, `keywords`) VALUES ('36', 'field', '4', 'en_us', '');
INSERT INTO `craft_searchindex` (`elementId`, `attribute`, `fieldId`, `locale`, `keywords`) VALUES ('36', 'field', '13', 'en_us', '');
INSERT INTO `craft_searchindex` (`elementId`, `attribute`, `fieldId`, `locale`, `keywords`) VALUES ('36', 'field', '7', 'en_us', '');
INSERT INTO `craft_searchindex` (`elementId`, `attribute`, `fieldId`, `locale`, `keywords`) VALUES ('36', 'field', '14', 'en_us', '');
INSERT INTO `craft_searchindex` (`elementId`, `attribute`, `fieldId`, `locale`, `keywords`) VALUES ('36', 'field', '1', 'en_us', '');
INSERT INTO `craft_searchindex` (`elementId`, `attribute`, `fieldId`, `locale`, `keywords`) VALUES ('36', 'field', '20', 'en_us', '');
INSERT INTO `craft_searchindex` (`elementId`, `attribute`, `fieldId`, `locale`, `keywords`) VALUES ('36', 'field', '11', 'en_us', '');
INSERT INTO `craft_searchindex` (`elementId`, `attribute`, `fieldId`, `locale`, `keywords`) VALUES ('36', 'field', '15', 'en_us', '');
INSERT INTO `craft_searchindex` (`elementId`, `attribute`, `fieldId`, `locale`, `keywords`) VALUES ('36', 'field', '6', 'en_us', '');
INSERT INTO `craft_searchindex` (`elementId`, `attribute`, `fieldId`, `locale`, `keywords`) VALUES ('36', 'field', '18', 'en_us', '');
INSERT INTO `craft_searchindex` (`elementId`, `attribute`, `fieldId`, `locale`, `keywords`) VALUES ('36', 'field', '19', 'en_us', '');
INSERT INTO `craft_searchindex` (`elementId`, `attribute`, `fieldId`, `locale`, `keywords`) VALUES ('36', 'field', '16', 'en_us', '');
INSERT INTO `craft_searchindex` (`elementId`, `attribute`, `fieldId`, `locale`, `keywords`) VALUES ('36', 'field', '17', 'en_us', '');
INSERT INTO `craft_searchindex` (`elementId`, `attribute`, `fieldId`, `locale`, `keywords`) VALUES ('36', 'field', '3', 'en_us', '');
INSERT INTO `craft_searchindex` (`elementId`, `attribute`, `fieldId`, `locale`, `keywords`) VALUES ('36', 'field', '8', 'en_us', '');
INSERT INTO `craft_searchindex` (`elementId`, `attribute`, `fieldId`, `locale`, `keywords`) VALUES ('36', 'field', '10', 'en_us', '');
INSERT INTO `craft_searchindex` (`elementId`, `attribute`, `fieldId`, `locale`, `keywords`) VALUES ('36', 'field', '9', 'en_us', '');
INSERT INTO `craft_searchindex` (`elementId`, `attribute`, `fieldId`, `locale`, `keywords`) VALUES ('36', 'filename', '0', 'en_us', ' boxes png ');
INSERT INTO `craft_searchindex` (`elementId`, `attribute`, `fieldId`, `locale`, `keywords`) VALUES ('36', 'extension', '0', 'en_us', ' png ');
INSERT INTO `craft_searchindex` (`elementId`, `attribute`, `fieldId`, `locale`, `keywords`) VALUES ('36', 'kind', '0', 'en_us', ' image ');
INSERT INTO `craft_searchindex` (`elementId`, `attribute`, `fieldId`, `locale`, `keywords`) VALUES ('36', 'title', '0', 'en_us', ' boxes ');
INSERT INTO `craft_searchindex` (`elementId`, `attribute`, `fieldId`, `locale`, `keywords`) VALUES ('37', 'field', '2', 'en_us', '');
INSERT INTO `craft_searchindex` (`elementId`, `attribute`, `fieldId`, `locale`, `keywords`) VALUES ('37', 'field', '5', 'en_us', '');
INSERT INTO `craft_searchindex` (`elementId`, `attribute`, `fieldId`, `locale`, `keywords`) VALUES ('37', 'field', '12', 'en_us', '');
INSERT INTO `craft_searchindex` (`elementId`, `attribute`, `fieldId`, `locale`, `keywords`) VALUES ('37', 'field', '4', 'en_us', '');
INSERT INTO `craft_searchindex` (`elementId`, `attribute`, `fieldId`, `locale`, `keywords`) VALUES ('37', 'field', '13', 'en_us', '');
INSERT INTO `craft_searchindex` (`elementId`, `attribute`, `fieldId`, `locale`, `keywords`) VALUES ('37', 'field', '7', 'en_us', '');
INSERT INTO `craft_searchindex` (`elementId`, `attribute`, `fieldId`, `locale`, `keywords`) VALUES ('37', 'field', '14', 'en_us', '');
INSERT INTO `craft_searchindex` (`elementId`, `attribute`, `fieldId`, `locale`, `keywords`) VALUES ('37', 'field', '1', 'en_us', '');
INSERT INTO `craft_searchindex` (`elementId`, `attribute`, `fieldId`, `locale`, `keywords`) VALUES ('37', 'field', '20', 'en_us', '');
INSERT INTO `craft_searchindex` (`elementId`, `attribute`, `fieldId`, `locale`, `keywords`) VALUES ('37', 'field', '11', 'en_us', '');
INSERT INTO `craft_searchindex` (`elementId`, `attribute`, `fieldId`, `locale`, `keywords`) VALUES ('37', 'field', '15', 'en_us', '');
INSERT INTO `craft_searchindex` (`elementId`, `attribute`, `fieldId`, `locale`, `keywords`) VALUES ('37', 'field', '6', 'en_us', '');
INSERT INTO `craft_searchindex` (`elementId`, `attribute`, `fieldId`, `locale`, `keywords`) VALUES ('37', 'field', '18', 'en_us', '');
INSERT INTO `craft_searchindex` (`elementId`, `attribute`, `fieldId`, `locale`, `keywords`) VALUES ('37', 'field', '19', 'en_us', '');
INSERT INTO `craft_searchindex` (`elementId`, `attribute`, `fieldId`, `locale`, `keywords`) VALUES ('37', 'field', '16', 'en_us', '');
INSERT INTO `craft_searchindex` (`elementId`, `attribute`, `fieldId`, `locale`, `keywords`) VALUES ('37', 'field', '17', 'en_us', '');
INSERT INTO `craft_searchindex` (`elementId`, `attribute`, `fieldId`, `locale`, `keywords`) VALUES ('37', 'field', '3', 'en_us', '');
INSERT INTO `craft_searchindex` (`elementId`, `attribute`, `fieldId`, `locale`, `keywords`) VALUES ('37', 'field', '8', 'en_us', '');
INSERT INTO `craft_searchindex` (`elementId`, `attribute`, `fieldId`, `locale`, `keywords`) VALUES ('37', 'field', '10', 'en_us', '');
INSERT INTO `craft_searchindex` (`elementId`, `attribute`, `fieldId`, `locale`, `keywords`) VALUES ('37', 'field', '9', 'en_us', '');
INSERT INTO `craft_searchindex` (`elementId`, `attribute`, `fieldId`, `locale`, `keywords`) VALUES ('37', 'filename', '0', 'en_us', ' room png ');
INSERT INTO `craft_searchindex` (`elementId`, `attribute`, `fieldId`, `locale`, `keywords`) VALUES ('37', 'extension', '0', 'en_us', ' png ');
INSERT INTO `craft_searchindex` (`elementId`, `attribute`, `fieldId`, `locale`, `keywords`) VALUES ('37', 'kind', '0', 'en_us', ' image ');
INSERT INTO `craft_searchindex` (`elementId`, `attribute`, `fieldId`, `locale`, `keywords`) VALUES ('37', 'title', '0', 'en_us', ' room ');
INSERT INTO `craft_searchindex` (`elementId`, `attribute`, `fieldId`, `locale`, `keywords`) VALUES ('38', 'username', '0', 'en_us', ' lecturer ');
INSERT INTO `craft_searchindex` (`elementId`, `attribute`, `fieldId`, `locale`, `keywords`) VALUES ('4', 'field', '13', 'en_us', '');
INSERT INTO `craft_searchindex` (`elementId`, `attribute`, `fieldId`, `locale`, `keywords`) VALUES ('4', 'field', '14', 'en_us', '');
INSERT INTO `craft_searchindex` (`elementId`, `attribute`, `fieldId`, `locale`, `keywords`) VALUES ('4', 'field', '20', 'en_us', '');
INSERT INTO `craft_searchindex` (`elementId`, `attribute`, `fieldId`, `locale`, `keywords`) VALUES ('4', 'field', '15', 'en_us', '');
INSERT INTO `craft_searchindex` (`elementId`, `attribute`, `fieldId`, `locale`, `keywords`) VALUES ('4', 'field', '18', 'en_us', '');
INSERT INTO `craft_searchindex` (`elementId`, `attribute`, `fieldId`, `locale`, `keywords`) VALUES ('4', 'field', '19', 'en_us', '');
INSERT INTO `craft_searchindex` (`elementId`, `attribute`, `fieldId`, `locale`, `keywords`) VALUES ('4', 'field', '16', 'en_us', '');
INSERT INTO `craft_searchindex` (`elementId`, `attribute`, `fieldId`, `locale`, `keywords`) VALUES ('4', 'field', '17', 'en_us', '');
INSERT INTO `craft_searchindex` (`elementId`, `attribute`, `fieldId`, `locale`, `keywords`) VALUES ('20', 'field', '12', 'en_us', '');
INSERT INTO `craft_searchindex` (`elementId`, `attribute`, `fieldId`, `locale`, `keywords`) VALUES ('20', 'field', '13', 'en_us', '');
INSERT INTO `craft_searchindex` (`elementId`, `attribute`, `fieldId`, `locale`, `keywords`) VALUES ('20', 'field', '14', 'en_us', '');
INSERT INTO `craft_searchindex` (`elementId`, `attribute`, `fieldId`, `locale`, `keywords`) VALUES ('20', 'field', '20', 'en_us', '');
INSERT INTO `craft_searchindex` (`elementId`, `attribute`, `fieldId`, `locale`, `keywords`) VALUES ('20', 'field', '11', 'en_us', '');
INSERT INTO `craft_searchindex` (`elementId`, `attribute`, `fieldId`, `locale`, `keywords`) VALUES ('20', 'field', '15', 'en_us', '');
INSERT INTO `craft_searchindex` (`elementId`, `attribute`, `fieldId`, `locale`, `keywords`) VALUES ('20', 'field', '18', 'en_us', '');
INSERT INTO `craft_searchindex` (`elementId`, `attribute`, `fieldId`, `locale`, `keywords`) VALUES ('20', 'field', '19', 'en_us', '');
INSERT INTO `craft_searchindex` (`elementId`, `attribute`, `fieldId`, `locale`, `keywords`) VALUES ('20', 'field', '16', 'en_us', '');
INSERT INTO `craft_searchindex` (`elementId`, `attribute`, `fieldId`, `locale`, `keywords`) VALUES ('20', 'field', '17', 'en_us', '');
INSERT INTO `craft_searchindex` (`elementId`, `attribute`, `fieldId`, `locale`, `keywords`) VALUES ('20', 'field', '10', 'en_us', '');
INSERT INTO `craft_searchindex` (`elementId`, `attribute`, `fieldId`, `locale`, `keywords`) VALUES ('20', 'field', '9', 'en_us', '');
INSERT INTO `craft_searchindex` (`elementId`, `attribute`, `fieldId`, `locale`, `keywords`) VALUES ('38', 'firstname', '0', 'en_us', ' johnny ');
INSERT INTO `craft_searchindex` (`elementId`, `attribute`, `fieldId`, `locale`, `keywords`) VALUES ('38', 'lastname', '0', 'en_us', ' wise ');
INSERT INTO `craft_searchindex` (`elementId`, `attribute`, `fieldId`, `locale`, `keywords`) VALUES ('38', 'fullname', '0', 'en_us', ' johnny wise ');
INSERT INTO `craft_searchindex` (`elementId`, `attribute`, `fieldId`, `locale`, `keywords`) VALUES ('38', 'email', '0', 'en_us', ' p p com ');
INSERT INTO `craft_searchindex` (`elementId`, `attribute`, `fieldId`, `locale`, `keywords`) VALUES ('1', 'field', '13', 'en_us', '');
INSERT INTO `craft_searchindex` (`elementId`, `attribute`, `fieldId`, `locale`, `keywords`) VALUES ('1', 'field', '14', 'en_us', '');
INSERT INTO `craft_searchindex` (`elementId`, `attribute`, `fieldId`, `locale`, `keywords`) VALUES ('1', 'field', '20', 'en_us', '');
INSERT INTO `craft_searchindex` (`elementId`, `attribute`, `fieldId`, `locale`, `keywords`) VALUES ('1', 'field', '15', 'en_us', '');
INSERT INTO `craft_searchindex` (`elementId`, `attribute`, `fieldId`, `locale`, `keywords`) VALUES ('1', 'field', '18', 'en_us', '');
INSERT INTO `craft_searchindex` (`elementId`, `attribute`, `fieldId`, `locale`, `keywords`) VALUES ('1', 'field', '19', 'en_us', '');
INSERT INTO `craft_searchindex` (`elementId`, `attribute`, `fieldId`, `locale`, `keywords`) VALUES ('1', 'field', '16', 'en_us', '');
INSERT INTO `craft_searchindex` (`elementId`, `attribute`, `fieldId`, `locale`, `keywords`) VALUES ('1', 'field', '17', 'en_us', '');
INSERT INTO `craft_searchindex` (`elementId`, `attribute`, `fieldId`, `locale`, `keywords`) VALUES ('39', 'slug', '0', 'en_us', ' design lab news ');
INSERT INTO `craft_searchindex` (`elementId`, `attribute`, `fieldId`, `locale`, `keywords`) VALUES ('39', 'title', '0', 'en_us', ' design lab news ');
INSERT INTO `craft_searchindex` (`elementId`, `attribute`, `fieldId`, `locale`, `keywords`) VALUES ('40', 'name', '0', 'en_us', ' news ');
INSERT INTO `craft_searchindex` (`elementId`, `attribute`, `fieldId`, `locale`, `keywords`) VALUES ('39', 'field', '2', 'en_us', ' hey hey hey ');
INSERT INTO `craft_searchindex` (`elementId`, `attribute`, `fieldId`, `locale`, `keywords`) VALUES ('39', 'field', '5', 'en_us', '');
INSERT INTO `craft_searchindex` (`elementId`, `attribute`, `fieldId`, `locale`, `keywords`) VALUES ('39', 'field', '12', 'en_us', '');
INSERT INTO `craft_searchindex` (`elementId`, `attribute`, `fieldId`, `locale`, `keywords`) VALUES ('39', 'field', '4', 'en_us', '');
INSERT INTO `craft_searchindex` (`elementId`, `attribute`, `fieldId`, `locale`, `keywords`) VALUES ('39', 'field', '13', 'en_us', '');
INSERT INTO `craft_searchindex` (`elementId`, `attribute`, `fieldId`, `locale`, `keywords`) VALUES ('39', 'field', '7', 'en_us', ' translens2 ');
INSERT INTO `craft_searchindex` (`elementId`, `attribute`, `fieldId`, `locale`, `keywords`) VALUES ('39', 'field', '14', 'en_us', '');
INSERT INTO `craft_searchindex` (`elementId`, `attribute`, `fieldId`, `locale`, `keywords`) VALUES ('39', 'field', '1', 'en_us', ' the news you want today ');
INSERT INTO `craft_searchindex` (`elementId`, `attribute`, `fieldId`, `locale`, `keywords`) VALUES ('39', 'field', '20', 'en_us', '');
INSERT INTO `craft_searchindex` (`elementId`, `attribute`, `fieldId`, `locale`, `keywords`) VALUES ('39', 'field', '11', 'en_us', '');
INSERT INTO `craft_searchindex` (`elementId`, `attribute`, `fieldId`, `locale`, `keywords`) VALUES ('39', 'field', '15', 'en_us', '');
INSERT INTO `craft_searchindex` (`elementId`, `attribute`, `fieldId`, `locale`, `keywords`) VALUES ('39', 'field', '6', 'en_us', '');
INSERT INTO `craft_searchindex` (`elementId`, `attribute`, `fieldId`, `locale`, `keywords`) VALUES ('39', 'field', '18', 'en_us', '');
INSERT INTO `craft_searchindex` (`elementId`, `attribute`, `fieldId`, `locale`, `keywords`) VALUES ('39', 'field', '19', 'en_us', '');
INSERT INTO `craft_searchindex` (`elementId`, `attribute`, `fieldId`, `locale`, `keywords`) VALUES ('39', 'field', '16', 'en_us', '');
INSERT INTO `craft_searchindex` (`elementId`, `attribute`, `fieldId`, `locale`, `keywords`) VALUES ('39', 'field', '17', 'en_us', '');
INSERT INTO `craft_searchindex` (`elementId`, `attribute`, `fieldId`, `locale`, `keywords`) VALUES ('39', 'field', '3', 'en_us', ' news ');
INSERT INTO `craft_searchindex` (`elementId`, `attribute`, `fieldId`, `locale`, `keywords`) VALUES ('39', 'field', '8', 'en_us', '');
INSERT INTO `craft_searchindex` (`elementId`, `attribute`, `fieldId`, `locale`, `keywords`) VALUES ('39', 'field', '10', 'en_us', '');
INSERT INTO `craft_searchindex` (`elementId`, `attribute`, `fieldId`, `locale`, `keywords`) VALUES ('39', 'field', '9', 'en_us', '');
INSERT INTO `craft_searchindex` (`elementId`, `attribute`, `fieldId`, `locale`, `keywords`) VALUES ('41', 'title', '0', 'en_us', ' this is design computing news ');
INSERT INTO `craft_searchindex` (`elementId`, `attribute`, `fieldId`, `locale`, `keywords`) VALUES ('41', 'field', '2', 'en_us', ' design computing news ');
INSERT INTO `craft_searchindex` (`elementId`, `attribute`, `fieldId`, `locale`, `keywords`) VALUES ('41', 'field', '5', 'en_us', '');
INSERT INTO `craft_searchindex` (`elementId`, `attribute`, `fieldId`, `locale`, `keywords`) VALUES ('41', 'field', '12', 'en_us', '');
INSERT INTO `craft_searchindex` (`elementId`, `attribute`, `fieldId`, `locale`, `keywords`) VALUES ('41', 'field', '4', 'en_us', '');
INSERT INTO `craft_searchindex` (`elementId`, `attribute`, `fieldId`, `locale`, `keywords`) VALUES ('41', 'field', '13', 'en_us', '');
INSERT INTO `craft_searchindex` (`elementId`, `attribute`, `fieldId`, `locale`, `keywords`) VALUES ('41', 'field', '7', 'en_us', ' dark satanic mills by peteamachree d350rz8 1 ');
INSERT INTO `craft_searchindex` (`elementId`, `attribute`, `fieldId`, `locale`, `keywords`) VALUES ('41', 'field', '14', 'en_us', '');
INSERT INTO `craft_searchindex` (`elementId`, `attribute`, `fieldId`, `locale`, `keywords`) VALUES ('41', 'field', '1', 'en_us', ' design computing news ');
INSERT INTO `craft_searchindex` (`elementId`, `attribute`, `fieldId`, `locale`, `keywords`) VALUES ('41', 'field', '20', 'en_us', '');
INSERT INTO `craft_searchindex` (`elementId`, `attribute`, `fieldId`, `locale`, `keywords`) VALUES ('41', 'field', '11', 'en_us', '');
INSERT INTO `craft_searchindex` (`elementId`, `attribute`, `fieldId`, `locale`, `keywords`) VALUES ('41', 'field', '15', 'en_us', '');
INSERT INTO `craft_searchindex` (`elementId`, `attribute`, `fieldId`, `locale`, `keywords`) VALUES ('41', 'field', '6', 'en_us', '');
INSERT INTO `craft_searchindex` (`elementId`, `attribute`, `fieldId`, `locale`, `keywords`) VALUES ('41', 'field', '18', 'en_us', '');
INSERT INTO `craft_searchindex` (`elementId`, `attribute`, `fieldId`, `locale`, `keywords`) VALUES ('41', 'field', '19', 'en_us', '');
INSERT INTO `craft_searchindex` (`elementId`, `attribute`, `fieldId`, `locale`, `keywords`) VALUES ('41', 'field', '16', 'en_us', '');
INSERT INTO `craft_searchindex` (`elementId`, `attribute`, `fieldId`, `locale`, `keywords`) VALUES ('41', 'field', '17', 'en_us', '');
INSERT INTO `craft_searchindex` (`elementId`, `attribute`, `fieldId`, `locale`, `keywords`) VALUES ('41', 'field', '3', 'en_us', ' news ');
INSERT INTO `craft_searchindex` (`elementId`, `attribute`, `fieldId`, `locale`, `keywords`) VALUES ('41', 'field', '8', 'en_us', '');
INSERT INTO `craft_searchindex` (`elementId`, `attribute`, `fieldId`, `locale`, `keywords`) VALUES ('41', 'field', '10', 'en_us', '');
INSERT INTO `craft_searchindex` (`elementId`, `attribute`, `fieldId`, `locale`, `keywords`) VALUES ('41', 'field', '9', 'en_us', '');
INSERT INTO `craft_searchindex` (`elementId`, `attribute`, `fieldId`, `locale`, `keywords`) VALUES ('42', 'field', '2', 'en_us', '');
INSERT INTO `craft_searchindex` (`elementId`, `attribute`, `fieldId`, `locale`, `keywords`) VALUES ('42', 'field', '5', 'en_us', '');
INSERT INTO `craft_searchindex` (`elementId`, `attribute`, `fieldId`, `locale`, `keywords`) VALUES ('42', 'field', '12', 'en_us', '');
INSERT INTO `craft_searchindex` (`elementId`, `attribute`, `fieldId`, `locale`, `keywords`) VALUES ('42', 'field', '4', 'en_us', '');
INSERT INTO `craft_searchindex` (`elementId`, `attribute`, `fieldId`, `locale`, `keywords`) VALUES ('42', 'field', '13', 'en_us', '');
INSERT INTO `craft_searchindex` (`elementId`, `attribute`, `fieldId`, `locale`, `keywords`) VALUES ('42', 'field', '7', 'en_us', '');
INSERT INTO `craft_searchindex` (`elementId`, `attribute`, `fieldId`, `locale`, `keywords`) VALUES ('42', 'field', '14', 'en_us', '');
INSERT INTO `craft_searchindex` (`elementId`, `attribute`, `fieldId`, `locale`, `keywords`) VALUES ('42', 'field', '1', 'en_us', '');
INSERT INTO `craft_searchindex` (`elementId`, `attribute`, `fieldId`, `locale`, `keywords`) VALUES ('42', 'field', '20', 'en_us', '');
INSERT INTO `craft_searchindex` (`elementId`, `attribute`, `fieldId`, `locale`, `keywords`) VALUES ('42', 'field', '11', 'en_us', '');
INSERT INTO `craft_searchindex` (`elementId`, `attribute`, `fieldId`, `locale`, `keywords`) VALUES ('42', 'field', '15', 'en_us', '');
INSERT INTO `craft_searchindex` (`elementId`, `attribute`, `fieldId`, `locale`, `keywords`) VALUES ('42', 'field', '6', 'en_us', '');
INSERT INTO `craft_searchindex` (`elementId`, `attribute`, `fieldId`, `locale`, `keywords`) VALUES ('42', 'field', '18', 'en_us', '');
INSERT INTO `craft_searchindex` (`elementId`, `attribute`, `fieldId`, `locale`, `keywords`) VALUES ('42', 'field', '19', 'en_us', '');
INSERT INTO `craft_searchindex` (`elementId`, `attribute`, `fieldId`, `locale`, `keywords`) VALUES ('42', 'field', '16', 'en_us', '');
INSERT INTO `craft_searchindex` (`elementId`, `attribute`, `fieldId`, `locale`, `keywords`) VALUES ('42', 'field', '17', 'en_us', '');
INSERT INTO `craft_searchindex` (`elementId`, `attribute`, `fieldId`, `locale`, `keywords`) VALUES ('42', 'field', '3', 'en_us', '');
INSERT INTO `craft_searchindex` (`elementId`, `attribute`, `fieldId`, `locale`, `keywords`) VALUES ('42', 'field', '8', 'en_us', '');
INSERT INTO `craft_searchindex` (`elementId`, `attribute`, `fieldId`, `locale`, `keywords`) VALUES ('42', 'field', '10', 'en_us', '');
INSERT INTO `craft_searchindex` (`elementId`, `attribute`, `fieldId`, `locale`, `keywords`) VALUES ('42', 'field', '9', 'en_us', '');
INSERT INTO `craft_searchindex` (`elementId`, `attribute`, `fieldId`, `locale`, `keywords`) VALUES ('42', 'filename', '0', 'en_us', ' translens2 jpg ');
INSERT INTO `craft_searchindex` (`elementId`, `attribute`, `fieldId`, `locale`, `keywords`) VALUES ('42', 'extension', '0', 'en_us', ' jpg ');
INSERT INTO `craft_searchindex` (`elementId`, `attribute`, `fieldId`, `locale`, `keywords`) VALUES ('42', 'kind', '0', 'en_us', ' image ');
INSERT INTO `craft_searchindex` (`elementId`, `attribute`, `fieldId`, `locale`, `keywords`) VALUES ('42', 'title', '0', 'en_us', ' translens2 ');
INSERT INTO `craft_searchindex` (`elementId`, `attribute`, `fieldId`, `locale`, `keywords`) VALUES ('43', 'field', '2', 'en_us', '');
INSERT INTO `craft_searchindex` (`elementId`, `attribute`, `fieldId`, `locale`, `keywords`) VALUES ('43', 'field', '5', 'en_us', '');
INSERT INTO `craft_searchindex` (`elementId`, `attribute`, `fieldId`, `locale`, `keywords`) VALUES ('43', 'field', '12', 'en_us', '');
INSERT INTO `craft_searchindex` (`elementId`, `attribute`, `fieldId`, `locale`, `keywords`) VALUES ('43', 'field', '4', 'en_us', '');
INSERT INTO `craft_searchindex` (`elementId`, `attribute`, `fieldId`, `locale`, `keywords`) VALUES ('43', 'field', '13', 'en_us', '');
INSERT INTO `craft_searchindex` (`elementId`, `attribute`, `fieldId`, `locale`, `keywords`) VALUES ('43', 'field', '7', 'en_us', '');
INSERT INTO `craft_searchindex` (`elementId`, `attribute`, `fieldId`, `locale`, `keywords`) VALUES ('43', 'field', '14', 'en_us', '');
INSERT INTO `craft_searchindex` (`elementId`, `attribute`, `fieldId`, `locale`, `keywords`) VALUES ('43', 'field', '1', 'en_us', '');
INSERT INTO `craft_searchindex` (`elementId`, `attribute`, `fieldId`, `locale`, `keywords`) VALUES ('43', 'field', '20', 'en_us', '');
INSERT INTO `craft_searchindex` (`elementId`, `attribute`, `fieldId`, `locale`, `keywords`) VALUES ('43', 'field', '11', 'en_us', '');
INSERT INTO `craft_searchindex` (`elementId`, `attribute`, `fieldId`, `locale`, `keywords`) VALUES ('43', 'field', '15', 'en_us', '');
INSERT INTO `craft_searchindex` (`elementId`, `attribute`, `fieldId`, `locale`, `keywords`) VALUES ('43', 'field', '6', 'en_us', '');
INSERT INTO `craft_searchindex` (`elementId`, `attribute`, `fieldId`, `locale`, `keywords`) VALUES ('43', 'field', '18', 'en_us', '');
INSERT INTO `craft_searchindex` (`elementId`, `attribute`, `fieldId`, `locale`, `keywords`) VALUES ('43', 'field', '19', 'en_us', '');
INSERT INTO `craft_searchindex` (`elementId`, `attribute`, `fieldId`, `locale`, `keywords`) VALUES ('43', 'field', '16', 'en_us', '');
INSERT INTO `craft_searchindex` (`elementId`, `attribute`, `fieldId`, `locale`, `keywords`) VALUES ('43', 'field', '17', 'en_us', '');
INSERT INTO `craft_searchindex` (`elementId`, `attribute`, `fieldId`, `locale`, `keywords`) VALUES ('43', 'field', '3', 'en_us', '');
INSERT INTO `craft_searchindex` (`elementId`, `attribute`, `fieldId`, `locale`, `keywords`) VALUES ('43', 'field', '8', 'en_us', '');
INSERT INTO `craft_searchindex` (`elementId`, `attribute`, `fieldId`, `locale`, `keywords`) VALUES ('43', 'field', '10', 'en_us', '');
INSERT INTO `craft_searchindex` (`elementId`, `attribute`, `fieldId`, `locale`, `keywords`) VALUES ('43', 'field', '9', 'en_us', '');
INSERT INTO `craft_searchindex` (`elementId`, `attribute`, `fieldId`, `locale`, `keywords`) VALUES ('43', 'filename', '0', 'en_us', ' dark_satanic_mills_by_peteamachree d350rz8__1_ jpg ');
INSERT INTO `craft_searchindex` (`elementId`, `attribute`, `fieldId`, `locale`, `keywords`) VALUES ('43', 'extension', '0', 'en_us', ' jpg ');
INSERT INTO `craft_searchindex` (`elementId`, `attribute`, `fieldId`, `locale`, `keywords`) VALUES ('43', 'kind', '0', 'en_us', ' image ');
INSERT INTO `craft_searchindex` (`elementId`, `attribute`, `fieldId`, `locale`, `keywords`) VALUES ('43', 'title', '0', 'en_us', ' dark satanic mills by peteamachree d350rz8 1 ');
INSERT INTO `craft_searchindex` (`elementId`, `attribute`, `fieldId`, `locale`, `keywords`) VALUES ('44', 'field', '2', 'en_us', '');
INSERT INTO `craft_searchindex` (`elementId`, `attribute`, `fieldId`, `locale`, `keywords`) VALUES ('44', 'field', '5', 'en_us', '');
INSERT INTO `craft_searchindex` (`elementId`, `attribute`, `fieldId`, `locale`, `keywords`) VALUES ('44', 'field', '12', 'en_us', '');
INSERT INTO `craft_searchindex` (`elementId`, `attribute`, `fieldId`, `locale`, `keywords`) VALUES ('44', 'field', '4', 'en_us', '');
INSERT INTO `craft_searchindex` (`elementId`, `attribute`, `fieldId`, `locale`, `keywords`) VALUES ('44', 'field', '13', 'en_us', '');
INSERT INTO `craft_searchindex` (`elementId`, `attribute`, `fieldId`, `locale`, `keywords`) VALUES ('44', 'field', '7', 'en_us', '');
INSERT INTO `craft_searchindex` (`elementId`, `attribute`, `fieldId`, `locale`, `keywords`) VALUES ('44', 'field', '14', 'en_us', '');
INSERT INTO `craft_searchindex` (`elementId`, `attribute`, `fieldId`, `locale`, `keywords`) VALUES ('44', 'field', '1', 'en_us', '');
INSERT INTO `craft_searchindex` (`elementId`, `attribute`, `fieldId`, `locale`, `keywords`) VALUES ('44', 'field', '20', 'en_us', '');
INSERT INTO `craft_searchindex` (`elementId`, `attribute`, `fieldId`, `locale`, `keywords`) VALUES ('44', 'field', '11', 'en_us', '');
INSERT INTO `craft_searchindex` (`elementId`, `attribute`, `fieldId`, `locale`, `keywords`) VALUES ('44', 'field', '15', 'en_us', '');
INSERT INTO `craft_searchindex` (`elementId`, `attribute`, `fieldId`, `locale`, `keywords`) VALUES ('44', 'field', '6', 'en_us', '');
INSERT INTO `craft_searchindex` (`elementId`, `attribute`, `fieldId`, `locale`, `keywords`) VALUES ('44', 'field', '18', 'en_us', '');
INSERT INTO `craft_searchindex` (`elementId`, `attribute`, `fieldId`, `locale`, `keywords`) VALUES ('44', 'field', '19', 'en_us', '');
INSERT INTO `craft_searchindex` (`elementId`, `attribute`, `fieldId`, `locale`, `keywords`) VALUES ('44', 'field', '16', 'en_us', '');
INSERT INTO `craft_searchindex` (`elementId`, `attribute`, `fieldId`, `locale`, `keywords`) VALUES ('44', 'field', '17', 'en_us', '');
INSERT INTO `craft_searchindex` (`elementId`, `attribute`, `fieldId`, `locale`, `keywords`) VALUES ('44', 'field', '3', 'en_us', '');
INSERT INTO `craft_searchindex` (`elementId`, `attribute`, `fieldId`, `locale`, `keywords`) VALUES ('44', 'field', '8', 'en_us', '');
INSERT INTO `craft_searchindex` (`elementId`, `attribute`, `fieldId`, `locale`, `keywords`) VALUES ('44', 'field', '10', 'en_us', '');
INSERT INTO `craft_searchindex` (`elementId`, `attribute`, `fieldId`, `locale`, `keywords`) VALUES ('44', 'field', '9', 'en_us', '');
INSERT INTO `craft_searchindex` (`elementId`, `attribute`, `fieldId`, `locale`, `keywords`) VALUES ('44', 'filename', '0', 'en_us', ' dsc_0072 jpg ');
INSERT INTO `craft_searchindex` (`elementId`, `attribute`, `fieldId`, `locale`, `keywords`) VALUES ('44', 'extension', '0', 'en_us', ' jpg ');
INSERT INTO `craft_searchindex` (`elementId`, `attribute`, `fieldId`, `locale`, `keywords`) VALUES ('44', 'kind', '0', 'en_us', ' image ');
INSERT INTO `craft_searchindex` (`elementId`, `attribute`, `fieldId`, `locale`, `keywords`) VALUES ('44', 'title', '0', 'en_us', ' dsc 0072 ');
INSERT INTO `craft_searchindex` (`elementId`, `attribute`, `fieldId`, `locale`, `keywords`) VALUES ('45', 'field', '2', 'en_us', '');
INSERT INTO `craft_searchindex` (`elementId`, `attribute`, `fieldId`, `locale`, `keywords`) VALUES ('45', 'field', '5', 'en_us', '');
INSERT INTO `craft_searchindex` (`elementId`, `attribute`, `fieldId`, `locale`, `keywords`) VALUES ('45', 'field', '12', 'en_us', '');
INSERT INTO `craft_searchindex` (`elementId`, `attribute`, `fieldId`, `locale`, `keywords`) VALUES ('45', 'field', '4', 'en_us', '');
INSERT INTO `craft_searchindex` (`elementId`, `attribute`, `fieldId`, `locale`, `keywords`) VALUES ('45', 'field', '13', 'en_us', '');
INSERT INTO `craft_searchindex` (`elementId`, `attribute`, `fieldId`, `locale`, `keywords`) VALUES ('45', 'field', '7', 'en_us', '');
INSERT INTO `craft_searchindex` (`elementId`, `attribute`, `fieldId`, `locale`, `keywords`) VALUES ('45', 'field', '14', 'en_us', '');
INSERT INTO `craft_searchindex` (`elementId`, `attribute`, `fieldId`, `locale`, `keywords`) VALUES ('45', 'field', '1', 'en_us', '');
INSERT INTO `craft_searchindex` (`elementId`, `attribute`, `fieldId`, `locale`, `keywords`) VALUES ('45', 'field', '20', 'en_us', '');
INSERT INTO `craft_searchindex` (`elementId`, `attribute`, `fieldId`, `locale`, `keywords`) VALUES ('45', 'field', '11', 'en_us', '');
INSERT INTO `craft_searchindex` (`elementId`, `attribute`, `fieldId`, `locale`, `keywords`) VALUES ('45', 'field', '15', 'en_us', '');
INSERT INTO `craft_searchindex` (`elementId`, `attribute`, `fieldId`, `locale`, `keywords`) VALUES ('45', 'field', '6', 'en_us', '');
INSERT INTO `craft_searchindex` (`elementId`, `attribute`, `fieldId`, `locale`, `keywords`) VALUES ('45', 'field', '18', 'en_us', '');
INSERT INTO `craft_searchindex` (`elementId`, `attribute`, `fieldId`, `locale`, `keywords`) VALUES ('45', 'field', '19', 'en_us', '');
INSERT INTO `craft_searchindex` (`elementId`, `attribute`, `fieldId`, `locale`, `keywords`) VALUES ('45', 'field', '16', 'en_us', '');
INSERT INTO `craft_searchindex` (`elementId`, `attribute`, `fieldId`, `locale`, `keywords`) VALUES ('45', 'field', '17', 'en_us', '');
INSERT INTO `craft_searchindex` (`elementId`, `attribute`, `fieldId`, `locale`, `keywords`) VALUES ('45', 'field', '3', 'en_us', '');
INSERT INTO `craft_searchindex` (`elementId`, `attribute`, `fieldId`, `locale`, `keywords`) VALUES ('45', 'field', '8', 'en_us', '');
INSERT INTO `craft_searchindex` (`elementId`, `attribute`, `fieldId`, `locale`, `keywords`) VALUES ('45', 'field', '10', 'en_us', '');
INSERT INTO `craft_searchindex` (`elementId`, `attribute`, `fieldId`, `locale`, `keywords`) VALUES ('45', 'field', '9', 'en_us', '');
INSERT INTO `craft_searchindex` (`elementId`, `attribute`, `fieldId`, `locale`, `keywords`) VALUES ('45', 'filename', '0', 'en_us', ' 0fcdf4d0 littleboxes jpg ');
INSERT INTO `craft_searchindex` (`elementId`, `attribute`, `fieldId`, `locale`, `keywords`) VALUES ('45', 'extension', '0', 'en_us', ' jpg ');
INSERT INTO `craft_searchindex` (`elementId`, `attribute`, `fieldId`, `locale`, `keywords`) VALUES ('45', 'kind', '0', 'en_us', ' image ');
INSERT INTO `craft_searchindex` (`elementId`, `attribute`, `fieldId`, `locale`, `keywords`) VALUES ('45', 'title', '0', 'en_us', ' 0fcdf4d0 littleboxes ');
INSERT INTO `craft_searchindex` (`elementId`, `attribute`, `fieldId`, `locale`, `keywords`) VALUES ('46', 'field', '2', 'en_us', '');
INSERT INTO `craft_searchindex` (`elementId`, `attribute`, `fieldId`, `locale`, `keywords`) VALUES ('46', 'field', '5', 'en_us', '');
INSERT INTO `craft_searchindex` (`elementId`, `attribute`, `fieldId`, `locale`, `keywords`) VALUES ('46', 'field', '12', 'en_us', '');
INSERT INTO `craft_searchindex` (`elementId`, `attribute`, `fieldId`, `locale`, `keywords`) VALUES ('46', 'field', '4', 'en_us', '');
INSERT INTO `craft_searchindex` (`elementId`, `attribute`, `fieldId`, `locale`, `keywords`) VALUES ('46', 'field', '13', 'en_us', '');
INSERT INTO `craft_searchindex` (`elementId`, `attribute`, `fieldId`, `locale`, `keywords`) VALUES ('46', 'field', '7', 'en_us', '');
INSERT INTO `craft_searchindex` (`elementId`, `attribute`, `fieldId`, `locale`, `keywords`) VALUES ('46', 'field', '14', 'en_us', '');
INSERT INTO `craft_searchindex` (`elementId`, `attribute`, `fieldId`, `locale`, `keywords`) VALUES ('46', 'field', '1', 'en_us', '');
INSERT INTO `craft_searchindex` (`elementId`, `attribute`, `fieldId`, `locale`, `keywords`) VALUES ('46', 'field', '20', 'en_us', '');
INSERT INTO `craft_searchindex` (`elementId`, `attribute`, `fieldId`, `locale`, `keywords`) VALUES ('46', 'field', '11', 'en_us', '');
INSERT INTO `craft_searchindex` (`elementId`, `attribute`, `fieldId`, `locale`, `keywords`) VALUES ('46', 'field', '15', 'en_us', '');
INSERT INTO `craft_searchindex` (`elementId`, `attribute`, `fieldId`, `locale`, `keywords`) VALUES ('46', 'field', '6', 'en_us', '');
INSERT INTO `craft_searchindex` (`elementId`, `attribute`, `fieldId`, `locale`, `keywords`) VALUES ('46', 'field', '18', 'en_us', '');
INSERT INTO `craft_searchindex` (`elementId`, `attribute`, `fieldId`, `locale`, `keywords`) VALUES ('46', 'field', '19', 'en_us', '');
INSERT INTO `craft_searchindex` (`elementId`, `attribute`, `fieldId`, `locale`, `keywords`) VALUES ('46', 'field', '16', 'en_us', '');
INSERT INTO `craft_searchindex` (`elementId`, `attribute`, `fieldId`, `locale`, `keywords`) VALUES ('46', 'field', '17', 'en_us', '');
INSERT INTO `craft_searchindex` (`elementId`, `attribute`, `fieldId`, `locale`, `keywords`) VALUES ('46', 'field', '3', 'en_us', '');
INSERT INTO `craft_searchindex` (`elementId`, `attribute`, `fieldId`, `locale`, `keywords`) VALUES ('46', 'field', '8', 'en_us', '');
INSERT INTO `craft_searchindex` (`elementId`, `attribute`, `fieldId`, `locale`, `keywords`) VALUES ('46', 'field', '10', 'en_us', '');
INSERT INTO `craft_searchindex` (`elementId`, `attribute`, `fieldId`, `locale`, `keywords`) VALUES ('46', 'field', '9', 'en_us', '');
INSERT INTO `craft_searchindex` (`elementId`, `attribute`, `fieldId`, `locale`, `keywords`) VALUES ('46', 'filename', '0', 'en_us', ' 3b88a1f0 st3 jpg ');
INSERT INTO `craft_searchindex` (`elementId`, `attribute`, `fieldId`, `locale`, `keywords`) VALUES ('46', 'extension', '0', 'en_us', ' jpg ');
INSERT INTO `craft_searchindex` (`elementId`, `attribute`, `fieldId`, `locale`, `keywords`) VALUES ('46', 'kind', '0', 'en_us', ' image ');
INSERT INTO `craft_searchindex` (`elementId`, `attribute`, `fieldId`, `locale`, `keywords`) VALUES ('46', 'title', '0', 'en_us', ' 3b88a1f0 st3 ');
INSERT INTO `craft_searchindex` (`elementId`, `attribute`, `fieldId`, `locale`, `keywords`) VALUES ('7', 'field', '12', 'en_us', '');
INSERT INTO `craft_searchindex` (`elementId`, `attribute`, `fieldId`, `locale`, `keywords`) VALUES ('7', 'field', '13', 'en_us', '');
INSERT INTO `craft_searchindex` (`elementId`, `attribute`, `fieldId`, `locale`, `keywords`) VALUES ('7', 'field', '14', 'en_us', '');
INSERT INTO `craft_searchindex` (`elementId`, `attribute`, `fieldId`, `locale`, `keywords`) VALUES ('7', 'field', '20', 'en_us', '');
INSERT INTO `craft_searchindex` (`elementId`, `attribute`, `fieldId`, `locale`, `keywords`) VALUES ('7', 'field', '11', 'en_us', '');
INSERT INTO `craft_searchindex` (`elementId`, `attribute`, `fieldId`, `locale`, `keywords`) VALUES ('7', 'field', '15', 'en_us', '');
INSERT INTO `craft_searchindex` (`elementId`, `attribute`, `fieldId`, `locale`, `keywords`) VALUES ('7', 'field', '18', 'en_us', '');
INSERT INTO `craft_searchindex` (`elementId`, `attribute`, `fieldId`, `locale`, `keywords`) VALUES ('7', 'field', '19', 'en_us', '');
INSERT INTO `craft_searchindex` (`elementId`, `attribute`, `fieldId`, `locale`, `keywords`) VALUES ('7', 'field', '16', 'en_us', '');
INSERT INTO `craft_searchindex` (`elementId`, `attribute`, `fieldId`, `locale`, `keywords`) VALUES ('7', 'field', '17', 'en_us', '');
INSERT INTO `craft_searchindex` (`elementId`, `attribute`, `fieldId`, `locale`, `keywords`) VALUES ('47', 'field', '2', 'en_us', '');
INSERT INTO `craft_searchindex` (`elementId`, `attribute`, `fieldId`, `locale`, `keywords`) VALUES ('47', 'field', '5', 'en_us', '');
INSERT INTO `craft_searchindex` (`elementId`, `attribute`, `fieldId`, `locale`, `keywords`) VALUES ('47', 'field', '12', 'en_us', '');
INSERT INTO `craft_searchindex` (`elementId`, `attribute`, `fieldId`, `locale`, `keywords`) VALUES ('47', 'field', '4', 'en_us', '');
INSERT INTO `craft_searchindex` (`elementId`, `attribute`, `fieldId`, `locale`, `keywords`) VALUES ('47', 'field', '13', 'en_us', '');
INSERT INTO `craft_searchindex` (`elementId`, `attribute`, `fieldId`, `locale`, `keywords`) VALUES ('47', 'field', '7', 'en_us', '');
INSERT INTO `craft_searchindex` (`elementId`, `attribute`, `fieldId`, `locale`, `keywords`) VALUES ('47', 'field', '14', 'en_us', '');
INSERT INTO `craft_searchindex` (`elementId`, `attribute`, `fieldId`, `locale`, `keywords`) VALUES ('47', 'field', '1', 'en_us', '');
INSERT INTO `craft_searchindex` (`elementId`, `attribute`, `fieldId`, `locale`, `keywords`) VALUES ('47', 'field', '20', 'en_us', '');
INSERT INTO `craft_searchindex` (`elementId`, `attribute`, `fieldId`, `locale`, `keywords`) VALUES ('47', 'field', '11', 'en_us', '');
INSERT INTO `craft_searchindex` (`elementId`, `attribute`, `fieldId`, `locale`, `keywords`) VALUES ('47', 'field', '15', 'en_us', '');
INSERT INTO `craft_searchindex` (`elementId`, `attribute`, `fieldId`, `locale`, `keywords`) VALUES ('47', 'field', '6', 'en_us', '');
INSERT INTO `craft_searchindex` (`elementId`, `attribute`, `fieldId`, `locale`, `keywords`) VALUES ('47', 'field', '18', 'en_us', '');
INSERT INTO `craft_searchindex` (`elementId`, `attribute`, `fieldId`, `locale`, `keywords`) VALUES ('47', 'field', '19', 'en_us', '');
INSERT INTO `craft_searchindex` (`elementId`, `attribute`, `fieldId`, `locale`, `keywords`) VALUES ('47', 'field', '16', 'en_us', '');
INSERT INTO `craft_searchindex` (`elementId`, `attribute`, `fieldId`, `locale`, `keywords`) VALUES ('47', 'field', '17', 'en_us', '');
INSERT INTO `craft_searchindex` (`elementId`, `attribute`, `fieldId`, `locale`, `keywords`) VALUES ('47', 'field', '3', 'en_us', '');
INSERT INTO `craft_searchindex` (`elementId`, `attribute`, `fieldId`, `locale`, `keywords`) VALUES ('47', 'field', '8', 'en_us', '');
INSERT INTO `craft_searchindex` (`elementId`, `attribute`, `fieldId`, `locale`, `keywords`) VALUES ('47', 'field', '10', 'en_us', '');
INSERT INTO `craft_searchindex` (`elementId`, `attribute`, `fieldId`, `locale`, `keywords`) VALUES ('47', 'field', '9', 'en_us', '');
INSERT INTO `craft_searchindex` (`elementId`, `attribute`, `fieldId`, `locale`, `keywords`) VALUES ('47', 'filename', '0', 'en_us', ' b42242d1 st2 jpg ');
INSERT INTO `craft_searchindex` (`elementId`, `attribute`, `fieldId`, `locale`, `keywords`) VALUES ('47', 'extension', '0', 'en_us', ' jpg ');
INSERT INTO `craft_searchindex` (`elementId`, `attribute`, `fieldId`, `locale`, `keywords`) VALUES ('47', 'kind', '0', 'en_us', ' image ');
INSERT INTO `craft_searchindex` (`elementId`, `attribute`, `fieldId`, `locale`, `keywords`) VALUES ('47', 'title', '0', 'en_us', ' b42242d1 st2 ');
INSERT INTO `craft_searchindex` (`elementId`, `attribute`, `fieldId`, `locale`, `keywords`) VALUES ('23', 'field', '12', 'en_us', '');
INSERT INTO `craft_searchindex` (`elementId`, `attribute`, `fieldId`, `locale`, `keywords`) VALUES ('23', 'field', '13', 'en_us', '');
INSERT INTO `craft_searchindex` (`elementId`, `attribute`, `fieldId`, `locale`, `keywords`) VALUES ('23', 'field', '14', 'en_us', '');
INSERT INTO `craft_searchindex` (`elementId`, `attribute`, `fieldId`, `locale`, `keywords`) VALUES ('23', 'field', '20', 'en_us', '');
INSERT INTO `craft_searchindex` (`elementId`, `attribute`, `fieldId`, `locale`, `keywords`) VALUES ('23', 'field', '11', 'en_us', '');
INSERT INTO `craft_searchindex` (`elementId`, `attribute`, `fieldId`, `locale`, `keywords`) VALUES ('23', 'field', '15', 'en_us', '');
INSERT INTO `craft_searchindex` (`elementId`, `attribute`, `fieldId`, `locale`, `keywords`) VALUES ('23', 'field', '18', 'en_us', '');
INSERT INTO `craft_searchindex` (`elementId`, `attribute`, `fieldId`, `locale`, `keywords`) VALUES ('23', 'field', '19', 'en_us', '');
INSERT INTO `craft_searchindex` (`elementId`, `attribute`, `fieldId`, `locale`, `keywords`) VALUES ('23', 'field', '16', 'en_us', '');
INSERT INTO `craft_searchindex` (`elementId`, `attribute`, `fieldId`, `locale`, `keywords`) VALUES ('23', 'field', '17', 'en_us', '');
INSERT INTO `craft_searchindex` (`elementId`, `attribute`, `fieldId`, `locale`, `keywords`) VALUES ('48', 'slug', '0', 'en_us', ' featured projects ');
INSERT INTO `craft_searchindex` (`elementId`, `attribute`, `fieldId`, `locale`, `keywords`) VALUES ('48', 'title', '0', 'en_us', ' featured projects ');
INSERT INTO `craft_searchindex` (`elementId`, `attribute`, `fieldId`, `locale`, `keywords`) VALUES ('48', 'field', '2', 'en_us', '');
INSERT INTO `craft_searchindex` (`elementId`, `attribute`, `fieldId`, `locale`, `keywords`) VALUES ('48', 'field', '5', 'en_us', '');
INSERT INTO `craft_searchindex` (`elementId`, `attribute`, `fieldId`, `locale`, `keywords`) VALUES ('48', 'field', '12', 'en_us', ' little boxes ');
INSERT INTO `craft_searchindex` (`elementId`, `attribute`, `fieldId`, `locale`, `keywords`) VALUES ('48', 'field', '4', 'en_us', '');
INSERT INTO `craft_searchindex` (`elementId`, `attribute`, `fieldId`, `locale`, `keywords`) VALUES ('48', 'field', '13', 'en_us', '');
INSERT INTO `craft_searchindex` (`elementId`, `attribute`, `fieldId`, `locale`, `keywords`) VALUES ('48', 'field', '7', 'en_us', '');
INSERT INTO `craft_searchindex` (`elementId`, `attribute`, `fieldId`, `locale`, `keywords`) VALUES ('48', 'field', '14', 'en_us', '');
INSERT INTO `craft_searchindex` (`elementId`, `attribute`, `fieldId`, `locale`, `keywords`) VALUES ('48', 'field', '1', 'en_us', '');
INSERT INTO `craft_searchindex` (`elementId`, `attribute`, `fieldId`, `locale`, `keywords`) VALUES ('48', 'field', '20', 'en_us', '');
INSERT INTO `craft_searchindex` (`elementId`, `attribute`, `fieldId`, `locale`, `keywords`) VALUES ('48', 'field', '11', 'en_us', '');
INSERT INTO `craft_searchindex` (`elementId`, `attribute`, `fieldId`, `locale`, `keywords`) VALUES ('48', 'field', '15', 'en_us', '');
INSERT INTO `craft_searchindex` (`elementId`, `attribute`, `fieldId`, `locale`, `keywords`) VALUES ('48', 'field', '6', 'en_us', '');
INSERT INTO `craft_searchindex` (`elementId`, `attribute`, `fieldId`, `locale`, `keywords`) VALUES ('48', 'field', '18', 'en_us', '');
INSERT INTO `craft_searchindex` (`elementId`, `attribute`, `fieldId`, `locale`, `keywords`) VALUES ('48', 'field', '19', 'en_us', '');
INSERT INTO `craft_searchindex` (`elementId`, `attribute`, `fieldId`, `locale`, `keywords`) VALUES ('48', 'field', '16', 'en_us', '');
INSERT INTO `craft_searchindex` (`elementId`, `attribute`, `fieldId`, `locale`, `keywords`) VALUES ('48', 'field', '17', 'en_us', '');
INSERT INTO `craft_searchindex` (`elementId`, `attribute`, `fieldId`, `locale`, `keywords`) VALUES ('48', 'field', '3', 'en_us', '');
INSERT INTO `craft_searchindex` (`elementId`, `attribute`, `fieldId`, `locale`, `keywords`) VALUES ('48', 'field', '8', 'en_us', '');
INSERT INTO `craft_searchindex` (`elementId`, `attribute`, `fieldId`, `locale`, `keywords`) VALUES ('48', 'field', '10', 'en_us', '');
INSERT INTO `craft_searchindex` (`elementId`, `attribute`, `fieldId`, `locale`, `keywords`) VALUES ('48', 'field', '9', 'en_us', '');
INSERT INTO `craft_searchindex` (`elementId`, `attribute`, `fieldId`, `locale`, `keywords`) VALUES ('49', 'field', '2', 'en_us', '');
INSERT INTO `craft_searchindex` (`elementId`, `attribute`, `fieldId`, `locale`, `keywords`) VALUES ('49', 'field', '5', 'en_us', '');
INSERT INTO `craft_searchindex` (`elementId`, `attribute`, `fieldId`, `locale`, `keywords`) VALUES ('49', 'field', '12', 'en_us', '');
INSERT INTO `craft_searchindex` (`elementId`, `attribute`, `fieldId`, `locale`, `keywords`) VALUES ('49', 'field', '4', 'en_us', '');
INSERT INTO `craft_searchindex` (`elementId`, `attribute`, `fieldId`, `locale`, `keywords`) VALUES ('49', 'field', '13', 'en_us', '');
INSERT INTO `craft_searchindex` (`elementId`, `attribute`, `fieldId`, `locale`, `keywords`) VALUES ('49', 'field', '7', 'en_us', '');
INSERT INTO `craft_searchindex` (`elementId`, `attribute`, `fieldId`, `locale`, `keywords`) VALUES ('49', 'field', '14', 'en_us', '');
INSERT INTO `craft_searchindex` (`elementId`, `attribute`, `fieldId`, `locale`, `keywords`) VALUES ('49', 'field', '1', 'en_us', '');
INSERT INTO `craft_searchindex` (`elementId`, `attribute`, `fieldId`, `locale`, `keywords`) VALUES ('49', 'field', '20', 'en_us', '');
INSERT INTO `craft_searchindex` (`elementId`, `attribute`, `fieldId`, `locale`, `keywords`) VALUES ('49', 'field', '11', 'en_us', '');
INSERT INTO `craft_searchindex` (`elementId`, `attribute`, `fieldId`, `locale`, `keywords`) VALUES ('49', 'field', '15', 'en_us', '');
INSERT INTO `craft_searchindex` (`elementId`, `attribute`, `fieldId`, `locale`, `keywords`) VALUES ('49', 'field', '6', 'en_us', '');
INSERT INTO `craft_searchindex` (`elementId`, `attribute`, `fieldId`, `locale`, `keywords`) VALUES ('49', 'field', '18', 'en_us', '');
INSERT INTO `craft_searchindex` (`elementId`, `attribute`, `fieldId`, `locale`, `keywords`) VALUES ('49', 'field', '19', 'en_us', '');
INSERT INTO `craft_searchindex` (`elementId`, `attribute`, `fieldId`, `locale`, `keywords`) VALUES ('49', 'field', '16', 'en_us', '');
INSERT INTO `craft_searchindex` (`elementId`, `attribute`, `fieldId`, `locale`, `keywords`) VALUES ('49', 'field', '17', 'en_us', '');
INSERT INTO `craft_searchindex` (`elementId`, `attribute`, `fieldId`, `locale`, `keywords`) VALUES ('49', 'field', '3', 'en_us', '');
INSERT INTO `craft_searchindex` (`elementId`, `attribute`, `fieldId`, `locale`, `keywords`) VALUES ('49', 'field', '8', 'en_us', '');
INSERT INTO `craft_searchindex` (`elementId`, `attribute`, `fieldId`, `locale`, `keywords`) VALUES ('49', 'field', '10', 'en_us', '');
INSERT INTO `craft_searchindex` (`elementId`, `attribute`, `fieldId`, `locale`, `keywords`) VALUES ('49', 'field', '9', 'en_us', '');
INSERT INTO `craft_searchindex` (`elementId`, `attribute`, `fieldId`, `locale`, `keywords`) VALUES ('49', 'filename', '0', 'en_us', ' wearable_architecture jpg ');
INSERT INTO `craft_searchindex` (`elementId`, `attribute`, `fieldId`, `locale`, `keywords`) VALUES ('49', 'extension', '0', 'en_us', ' jpg ');
INSERT INTO `craft_searchindex` (`elementId`, `attribute`, `fieldId`, `locale`, `keywords`) VALUES ('49', 'kind', '0', 'en_us', ' image ');
INSERT INTO `craft_searchindex` (`elementId`, `attribute`, `fieldId`, `locale`, `keywords`) VALUES ('49', 'title', '0', 'en_us', ' wearable architecture ');
INSERT INTO `craft_searchindex` (`elementId`, `attribute`, `fieldId`, `locale`, `keywords`) VALUES ('50', 'slug', '0', 'en_us', ' digital innovation prize winners ');
INSERT INTO `craft_searchindex` (`elementId`, `attribute`, `fieldId`, `locale`, `keywords`) VALUES ('50', 'title', '0', 'en_us', ' digital innovation prize winners ');
INSERT INTO `craft_searchindex` (`elementId`, `attribute`, `fieldId`, `locale`, `keywords`) VALUES ('50', 'field', '2', 'en_us', ' the faculty of architecture design and planning is pleased to announce two of its master of architecture students have won the prize for digital innovation in the 2013 australian institute of architects student awards jonathan fernandes and james ye won lee s digital project presented the temporary structure and interior of a moveable theatre space able to be assembled and disassembled in 72 hours the theatre is designed to appear alongside sydney festival s iconic spiegeltent you can pack it away put it in a truck move it somewhere else in a different location and put it up says james it can be placed in different sites says jonathanthe design allows the theatre s sounds and lights to guide audiences movements in and around the space audiences find themselves plunged deep in the immersive environment of the theatre their model s exceptional interactive ceiling was what set them apart the ceiling can adapt depending on the type of theatre performance says jonathan if you need the theatre to be more open the ceiling could raise up if more people need to be accommodated and it could lower to create a more intimate space entrants from three other universities offering architecture in nsw were in the running for the digital innovation prize this achievement for faculty of architecture design and planning students jonathan and james is great exposure says jonathan the faculty of architecture design and planning congratulates james and jonathan on their outstanding success ');
INSERT INTO `craft_searchindex` (`elementId`, `attribute`, `fieldId`, `locale`, `keywords`) VALUES ('50', 'field', '5', 'en_us', '');
INSERT INTO `craft_searchindex` (`elementId`, `attribute`, `fieldId`, `locale`, `keywords`) VALUES ('50', 'field', '12', 'en_us', '');
INSERT INTO `craft_searchindex` (`elementId`, `attribute`, `fieldId`, `locale`, `keywords`) VALUES ('50', 'field', '4', 'en_us', '');
INSERT INTO `craft_searchindex` (`elementId`, `attribute`, `fieldId`, `locale`, `keywords`) VALUES ('50', 'field', '13', 'en_us', '');
INSERT INTO `craft_searchindex` (`elementId`, `attribute`, `fieldId`, `locale`, `keywords`) VALUES ('50', 'field', '7', 'en_us', ' wearable architecture ');
INSERT INTO `craft_searchindex` (`elementId`, `attribute`, `fieldId`, `locale`, `keywords`) VALUES ('50', 'field', '14', 'en_us', '');
INSERT INTO `craft_searchindex` (`elementId`, `attribute`, `fieldId`, `locale`, `keywords`) VALUES ('50', 'field', '1', 'en_us', ' faculty students awarded prize for digital innovation ');
INSERT INTO `craft_searchindex` (`elementId`, `attribute`, `fieldId`, `locale`, `keywords`) VALUES ('50', 'field', '20', 'en_us', '');
INSERT INTO `craft_searchindex` (`elementId`, `attribute`, `fieldId`, `locale`, `keywords`) VALUES ('50', 'field', '11', 'en_us', '');
INSERT INTO `craft_searchindex` (`elementId`, `attribute`, `fieldId`, `locale`, `keywords`) VALUES ('50', 'field', '15', 'en_us', '');
INSERT INTO `craft_searchindex` (`elementId`, `attribute`, `fieldId`, `locale`, `keywords`) VALUES ('50', 'field', '6', 'en_us', '');
INSERT INTO `craft_searchindex` (`elementId`, `attribute`, `fieldId`, `locale`, `keywords`) VALUES ('50', 'field', '18', 'en_us', '');
INSERT INTO `craft_searchindex` (`elementId`, `attribute`, `fieldId`, `locale`, `keywords`) VALUES ('50', 'field', '19', 'en_us', '');
INSERT INTO `craft_searchindex` (`elementId`, `attribute`, `fieldId`, `locale`, `keywords`) VALUES ('50', 'field', '16', 'en_us', '');
INSERT INTO `craft_searchindex` (`elementId`, `attribute`, `fieldId`, `locale`, `keywords`) VALUES ('50', 'field', '17', 'en_us', '');
INSERT INTO `craft_searchindex` (`elementId`, `attribute`, `fieldId`, `locale`, `keywords`) VALUES ('50', 'field', '3', 'en_us', '');
INSERT INTO `craft_searchindex` (`elementId`, `attribute`, `fieldId`, `locale`, `keywords`) VALUES ('50', 'field', '8', 'en_us', '');
INSERT INTO `craft_searchindex` (`elementId`, `attribute`, `fieldId`, `locale`, `keywords`) VALUES ('50', 'field', '10', 'en_us', '');
INSERT INTO `craft_searchindex` (`elementId`, `attribute`, `fieldId`, `locale`, `keywords`) VALUES ('50', 'field', '9', 'en_us', '');
INSERT INTO `craft_searchindex` (`elementId`, `attribute`, `fieldId`, `locale`, `keywords`) VALUES ('17', 'field', '13', 'en_us', '');
INSERT INTO `craft_searchindex` (`elementId`, `attribute`, `fieldId`, `locale`, `keywords`) VALUES ('17', 'field', '14', 'en_us', '');
INSERT INTO `craft_searchindex` (`elementId`, `attribute`, `fieldId`, `locale`, `keywords`) VALUES ('17', 'field', '20', 'en_us', '');
INSERT INTO `craft_searchindex` (`elementId`, `attribute`, `fieldId`, `locale`, `keywords`) VALUES ('17', 'field', '15', 'en_us', '');
INSERT INTO `craft_searchindex` (`elementId`, `attribute`, `fieldId`, `locale`, `keywords`) VALUES ('17', 'field', '18', 'en_us', '');
INSERT INTO `craft_searchindex` (`elementId`, `attribute`, `fieldId`, `locale`, `keywords`) VALUES ('17', 'field', '19', 'en_us', '');
INSERT INTO `craft_searchindex` (`elementId`, `attribute`, `fieldId`, `locale`, `keywords`) VALUES ('17', 'field', '16', 'en_us', '');
INSERT INTO `craft_searchindex` (`elementId`, `attribute`, `fieldId`, `locale`, `keywords`) VALUES ('17', 'field', '17', 'en_us', '');
INSERT INTO `craft_searchindex` (`elementId`, `attribute`, `fieldId`, `locale`, `keywords`) VALUES ('51', 'field', '2', 'en_us', '');
INSERT INTO `craft_searchindex` (`elementId`, `attribute`, `fieldId`, `locale`, `keywords`) VALUES ('51', 'field', '5', 'en_us', '');
INSERT INTO `craft_searchindex` (`elementId`, `attribute`, `fieldId`, `locale`, `keywords`) VALUES ('51', 'field', '12', 'en_us', '');
INSERT INTO `craft_searchindex` (`elementId`, `attribute`, `fieldId`, `locale`, `keywords`) VALUES ('51', 'field', '4', 'en_us', '');
INSERT INTO `craft_searchindex` (`elementId`, `attribute`, `fieldId`, `locale`, `keywords`) VALUES ('51', 'field', '13', 'en_us', '');
INSERT INTO `craft_searchindex` (`elementId`, `attribute`, `fieldId`, `locale`, `keywords`) VALUES ('51', 'field', '7', 'en_us', '');
INSERT INTO `craft_searchindex` (`elementId`, `attribute`, `fieldId`, `locale`, `keywords`) VALUES ('51', 'field', '14', 'en_us', '');
INSERT INTO `craft_searchindex` (`elementId`, `attribute`, `fieldId`, `locale`, `keywords`) VALUES ('51', 'field', '1', 'en_us', '');
INSERT INTO `craft_searchindex` (`elementId`, `attribute`, `fieldId`, `locale`, `keywords`) VALUES ('51', 'field', '20', 'en_us', '');
INSERT INTO `craft_searchindex` (`elementId`, `attribute`, `fieldId`, `locale`, `keywords`) VALUES ('51', 'field', '11', 'en_us', '');
INSERT INTO `craft_searchindex` (`elementId`, `attribute`, `fieldId`, `locale`, `keywords`) VALUES ('51', 'field', '15', 'en_us', '');
INSERT INTO `craft_searchindex` (`elementId`, `attribute`, `fieldId`, `locale`, `keywords`) VALUES ('51', 'field', '6', 'en_us', '');
INSERT INTO `craft_searchindex` (`elementId`, `attribute`, `fieldId`, `locale`, `keywords`) VALUES ('51', 'field', '18', 'en_us', '');
INSERT INTO `craft_searchindex` (`elementId`, `attribute`, `fieldId`, `locale`, `keywords`) VALUES ('51', 'field', '19', 'en_us', '');
INSERT INTO `craft_searchindex` (`elementId`, `attribute`, `fieldId`, `locale`, `keywords`) VALUES ('51', 'field', '16', 'en_us', '');
INSERT INTO `craft_searchindex` (`elementId`, `attribute`, `fieldId`, `locale`, `keywords`) VALUES ('51', 'field', '17', 'en_us', '');
INSERT INTO `craft_searchindex` (`elementId`, `attribute`, `fieldId`, `locale`, `keywords`) VALUES ('51', 'field', '3', 'en_us', '');
INSERT INTO `craft_searchindex` (`elementId`, `attribute`, `fieldId`, `locale`, `keywords`) VALUES ('51', 'field', '8', 'en_us', '');
INSERT INTO `craft_searchindex` (`elementId`, `attribute`, `fieldId`, `locale`, `keywords`) VALUES ('51', 'field', '10', 'en_us', '');
INSERT INTO `craft_searchindex` (`elementId`, `attribute`, `fieldId`, `locale`, `keywords`) VALUES ('51', 'field', '9', 'en_us', '');
INSERT INTO `craft_searchindex` (`elementId`, `attribute`, `fieldId`, `locale`, `keywords`) VALUES ('51', 'filename', '0', 'en_us', ' ecologiesbanner jpg ');
INSERT INTO `craft_searchindex` (`elementId`, `attribute`, `fieldId`, `locale`, `keywords`) VALUES ('51', 'extension', '0', 'en_us', ' jpg ');
INSERT INTO `craft_searchindex` (`elementId`, `attribute`, `fieldId`, `locale`, `keywords`) VALUES ('51', 'kind', '0', 'en_us', ' image ');
INSERT INTO `craft_searchindex` (`elementId`, `attribute`, `fieldId`, `locale`, `keywords`) VALUES ('51', 'title', '0', 'en_us', ' ecologiesbanner ');
INSERT INTO `craft_searchindex` (`elementId`, `attribute`, `fieldId`, `locale`, `keywords`) VALUES ('52', 'slug', '0', 'en_us', ' ecologies of invention ');
INSERT INTO `craft_searchindex` (`elementId`, `attribute`, `fieldId`, `locale`, `keywords`) VALUES ('52', 'title', '0', 'en_us', ' ecologies of invention ');
INSERT INTO `craft_searchindex` (`elementId`, `attribute`, `fieldId`, `locale`, `keywords`) VALUES ('52', 'field', '2', 'en_us', ' imagine the walls of a building letting in and circulating air not the windows the walls this is what architect doris kim sung has achieved in her work through the use of thermo biometals metals that curl and shift in response to sunlight and the weather in the construction of buildings with a background in biology doris based the idea of a breathing wall on the unique way in which a grasshopper takes in air through its sides and uses the air to cool its body you can find more information about doris kim sung and her designs through the ted website blog tedx com post 64111337047 what if building materials were more like skin what kind of person thinks to make this creative connection from a grasshopper to a building material how can people across various disciplines be encouraged and trained to make connections such as these to work more inventively traditionally invention has been seen as isolated to the realm of scientific discovery but are artists designers and musicians also inventors the contributors to ecologies of invention ed andy dong john conomos and brad buckley attempt to answer these questions and ask and answer even more ecologies of invention is the first collection of essays that brings together writers and scholars of international standing from the university of sydney and beyond to examine the assumptions underlying notions of inventiveness in doing so an important distinction is made between inventiveness and creativity significantly the contributors look at origins approaches and attitudes towards inventiveness across the disciplines including art architecture design history engineering science law and economics as marc newson designer of the famous lockheed lounge points out in the foreword ecologies of invention makes an important contribution to our understanding of that light bulb moment of realisation or invention that takes place across all disciplines as well as sharing similarities across disciplines the contributors demonstrate how invention on all different scales from personal capacities to the social spatial and network configurations share similar processes and production edited by andy dong professor and arc future fellow at the university of sydney and holder of the warren centre chair for engineering innovation brad buckley artist activist urbanist and professor of contemporary art and culture at sydney college of the arts and john conomos artist critic and theorist at sydney college of the arts the concept of invention as explored in ecologies of invention moves beyond the individual chapters and contributions by faculty of architecture academics lian loke dagmar reinhardt chris smith and rob saunders to the design of the book itself the book poses new questions for scholars artists architects designers historians engineers scientists lawyers and economists about the nature origins and processes of invention if you would like more information about the book editors or contributors please contact sydney university press at sup info sydney edu au ');
INSERT INTO `craft_searchindex` (`elementId`, `attribute`, `fieldId`, `locale`, `keywords`) VALUES ('52', 'field', '5', 'en_us', '');
INSERT INTO `craft_searchindex` (`elementId`, `attribute`, `fieldId`, `locale`, `keywords`) VALUES ('52', 'field', '12', 'en_us', '');
INSERT INTO `craft_searchindex` (`elementId`, `attribute`, `fieldId`, `locale`, `keywords`) VALUES ('52', 'field', '4', 'en_us', '');
INSERT INTO `craft_searchindex` (`elementId`, `attribute`, `fieldId`, `locale`, `keywords`) VALUES ('52', 'field', '13', 'en_us', '');
INSERT INTO `craft_searchindex` (`elementId`, `attribute`, `fieldId`, `locale`, `keywords`) VALUES ('52', 'field', '7', 'en_us', ' ecologiesbanner ');
INSERT INTO `craft_searchindex` (`elementId`, `attribute`, `fieldId`, `locale`, `keywords`) VALUES ('52', 'field', '14', 'en_us', '');
INSERT INTO `craft_searchindex` (`elementId`, `attribute`, `fieldId`, `locale`, `keywords`) VALUES ('52', 'field', '1', 'en_us', ' ecologies of invention is the first collection of essays that brings together writers and scholars of international standing from the university of sydney and beyond to examine the assumptions underlying notions of inventiveness ');
INSERT INTO `craft_searchindex` (`elementId`, `attribute`, `fieldId`, `locale`, `keywords`) VALUES ('52', 'field', '20', 'en_us', '');
INSERT INTO `craft_searchindex` (`elementId`, `attribute`, `fieldId`, `locale`, `keywords`) VALUES ('52', 'field', '11', 'en_us', '');
INSERT INTO `craft_searchindex` (`elementId`, `attribute`, `fieldId`, `locale`, `keywords`) VALUES ('52', 'field', '15', 'en_us', '');
INSERT INTO `craft_searchindex` (`elementId`, `attribute`, `fieldId`, `locale`, `keywords`) VALUES ('52', 'field', '6', 'en_us', '');
INSERT INTO `craft_searchindex` (`elementId`, `attribute`, `fieldId`, `locale`, `keywords`) VALUES ('52', 'field', '18', 'en_us', '');
INSERT INTO `craft_searchindex` (`elementId`, `attribute`, `fieldId`, `locale`, `keywords`) VALUES ('52', 'field', '19', 'en_us', '');
INSERT INTO `craft_searchindex` (`elementId`, `attribute`, `fieldId`, `locale`, `keywords`) VALUES ('52', 'field', '16', 'en_us', '');
INSERT INTO `craft_searchindex` (`elementId`, `attribute`, `fieldId`, `locale`, `keywords`) VALUES ('52', 'field', '17', 'en_us', '');
INSERT INTO `craft_searchindex` (`elementId`, `attribute`, `fieldId`, `locale`, `keywords`) VALUES ('52', 'field', '3', 'en_us', '');
INSERT INTO `craft_searchindex` (`elementId`, `attribute`, `fieldId`, `locale`, `keywords`) VALUES ('52', 'field', '8', 'en_us', '');
INSERT INTO `craft_searchindex` (`elementId`, `attribute`, `fieldId`, `locale`, `keywords`) VALUES ('52', 'field', '10', 'en_us', '');
INSERT INTO `craft_searchindex` (`elementId`, `attribute`, `fieldId`, `locale`, `keywords`) VALUES ('52', 'field', '9', 'en_us', '');
INSERT INTO `craft_searchindex` (`elementId`, `attribute`, `fieldId`, `locale`, `keywords`) VALUES ('53', 'field', '2', 'en_us', '');
INSERT INTO `craft_searchindex` (`elementId`, `attribute`, `fieldId`, `locale`, `keywords`) VALUES ('53', 'field', '5', 'en_us', '');
INSERT INTO `craft_searchindex` (`elementId`, `attribute`, `fieldId`, `locale`, `keywords`) VALUES ('53', 'field', '12', 'en_us', '');
INSERT INTO `craft_searchindex` (`elementId`, `attribute`, `fieldId`, `locale`, `keywords`) VALUES ('53', 'field', '4', 'en_us', '');
INSERT INTO `craft_searchindex` (`elementId`, `attribute`, `fieldId`, `locale`, `keywords`) VALUES ('53', 'field', '13', 'en_us', '');
INSERT INTO `craft_searchindex` (`elementId`, `attribute`, `fieldId`, `locale`, `keywords`) VALUES ('53', 'field', '7', 'en_us', '');
INSERT INTO `craft_searchindex` (`elementId`, `attribute`, `fieldId`, `locale`, `keywords`) VALUES ('53', 'field', '14', 'en_us', '');
INSERT INTO `craft_searchindex` (`elementId`, `attribute`, `fieldId`, `locale`, `keywords`) VALUES ('53', 'field', '1', 'en_us', '');
INSERT INTO `craft_searchindex` (`elementId`, `attribute`, `fieldId`, `locale`, `keywords`) VALUES ('53', 'field', '20', 'en_us', '');
INSERT INTO `craft_searchindex` (`elementId`, `attribute`, `fieldId`, `locale`, `keywords`) VALUES ('53', 'field', '11', 'en_us', '');
INSERT INTO `craft_searchindex` (`elementId`, `attribute`, `fieldId`, `locale`, `keywords`) VALUES ('53', 'field', '15', 'en_us', '');
INSERT INTO `craft_searchindex` (`elementId`, `attribute`, `fieldId`, `locale`, `keywords`) VALUES ('53', 'field', '6', 'en_us', '');
INSERT INTO `craft_searchindex` (`elementId`, `attribute`, `fieldId`, `locale`, `keywords`) VALUES ('53', 'field', '18', 'en_us', '');
INSERT INTO `craft_searchindex` (`elementId`, `attribute`, `fieldId`, `locale`, `keywords`) VALUES ('53', 'field', '19', 'en_us', '');
INSERT INTO `craft_searchindex` (`elementId`, `attribute`, `fieldId`, `locale`, `keywords`) VALUES ('53', 'field', '16', 'en_us', '');
INSERT INTO `craft_searchindex` (`elementId`, `attribute`, `fieldId`, `locale`, `keywords`) VALUES ('53', 'field', '17', 'en_us', '');
INSERT INTO `craft_searchindex` (`elementId`, `attribute`, `fieldId`, `locale`, `keywords`) VALUES ('53', 'field', '3', 'en_us', '');
INSERT INTO `craft_searchindex` (`elementId`, `attribute`, `fieldId`, `locale`, `keywords`) VALUES ('53', 'field', '8', 'en_us', '');
INSERT INTO `craft_searchindex` (`elementId`, `attribute`, `fieldId`, `locale`, `keywords`) VALUES ('53', 'field', '10', 'en_us', '');
INSERT INTO `craft_searchindex` (`elementId`, `attribute`, `fieldId`, `locale`, `keywords`) VALUES ('53', 'field', '9', 'en_us', '');
INSERT INTO `craft_searchindex` (`elementId`, `attribute`, `fieldId`, `locale`, `keywords`) VALUES ('53', 'filename', '0', 'en_us', ' shop_2 06_crowd 3 jpg ');
INSERT INTO `craft_searchindex` (`elementId`, `attribute`, `fieldId`, `locale`, `keywords`) VALUES ('53', 'extension', '0', 'en_us', ' jpg ');
INSERT INTO `craft_searchindex` (`elementId`, `attribute`, `fieldId`, `locale`, `keywords`) VALUES ('53', 'kind', '0', 'en_us', ' image ');
INSERT INTO `craft_searchindex` (`elementId`, `attribute`, `fieldId`, `locale`, `keywords`) VALUES ('53', 'title', '0', 'en_us', ' shop 2 06 crowd 3 ');
INSERT INTO `craft_searchindex` (`elementId`, `attribute`, `fieldId`, `locale`, `keywords`) VALUES ('54', 'slug', '0', 'en_us', ' design lab research presented at ozchi conference ');
INSERT INTO `craft_searchindex` (`elementId`, `attribute`, `fieldId`, `locale`, `keywords`) VALUES ('54', 'title', '0', 'en_us', ' design lab research presented at ozchi conference ');
INSERT INTO `craft_searchindex` (`elementId`, `attribute`, `fieldId`, `locale`, `keywords`) VALUES ('54', 'field', '2', 'en_us', ' cutting edge research in human computer interaction is the topic of discussion at the annual ozchi conference in melbourne this year ozchi brings together researchers from across australia to build networks find collaborators and stay abreast of the latest knowledge of the way humans interact with computers design lab lecturer and program director of the university s master of interaction design and electronic arts idea lian loke says that ozchi is one of the best ways to present research and gain inspiration from others works the conference does the equivalent of research speed dating it gets everyone acquainted with everyone else s research loke said we have also been constructing research trees that show the relationships between areas of research understanding these degrees of separation between active research projects lets us easily see where the field is headed yesterday loke and uts collaborator professor toni robertson ran a workshop the body in design the workshop involved designing for bodily experience and understanding bodily engagement in the design process design lab phd candidate ingrid pohl will present today a short paper engaging the sense of touch in interactive architecture the paper explores the ideas manifest in her prototype sensitive surfaces on display at the design lab s end of year festival organised cacophony idea research student claudia nunez pacheco has also presented a poster eloquent robes that explains the work currently exhibited at organised cacophony ');
INSERT INTO `craft_searchindex` (`elementId`, `attribute`, `fieldId`, `locale`, `keywords`) VALUES ('54', 'field', '5', 'en_us', '');
INSERT INTO `craft_searchindex` (`elementId`, `attribute`, `fieldId`, `locale`, `keywords`) VALUES ('54', 'field', '12', 'en_us', '');
INSERT INTO `craft_searchindex` (`elementId`, `attribute`, `fieldId`, `locale`, `keywords`) VALUES ('54', 'field', '4', 'en_us', '');
INSERT INTO `craft_searchindex` (`elementId`, `attribute`, `fieldId`, `locale`, `keywords`) VALUES ('54', 'field', '13', 'en_us', '');
INSERT INTO `craft_searchindex` (`elementId`, `attribute`, `fieldId`, `locale`, `keywords`) VALUES ('54', 'field', '7', 'en_us', ' shop 2 06 crowd 3 ');
INSERT INTO `craft_searchindex` (`elementId`, `attribute`, `fieldId`, `locale`, `keywords`) VALUES ('54', 'field', '14', 'en_us', '');
INSERT INTO `craft_searchindex` (`elementId`, `attribute`, `fieldId`, `locale`, `keywords`) VALUES ('54', 'field', '1', 'en_us', ' ​cutting edge research in human computer interaction is the topic of discussion at the annual ozchi conference in melbourne this year ');
INSERT INTO `craft_searchindex` (`elementId`, `attribute`, `fieldId`, `locale`, `keywords`) VALUES ('54', 'field', '20', 'en_us', '');
INSERT INTO `craft_searchindex` (`elementId`, `attribute`, `fieldId`, `locale`, `keywords`) VALUES ('54', 'field', '11', 'en_us', '');
INSERT INTO `craft_searchindex` (`elementId`, `attribute`, `fieldId`, `locale`, `keywords`) VALUES ('54', 'field', '15', 'en_us', '');
INSERT INTO `craft_searchindex` (`elementId`, `attribute`, `fieldId`, `locale`, `keywords`) VALUES ('54', 'field', '6', 'en_us', '');
INSERT INTO `craft_searchindex` (`elementId`, `attribute`, `fieldId`, `locale`, `keywords`) VALUES ('54', 'field', '18', 'en_us', '');
INSERT INTO `craft_searchindex` (`elementId`, `attribute`, `fieldId`, `locale`, `keywords`) VALUES ('54', 'field', '19', 'en_us', '');
INSERT INTO `craft_searchindex` (`elementId`, `attribute`, `fieldId`, `locale`, `keywords`) VALUES ('54', 'field', '16', 'en_us', '');
INSERT INTO `craft_searchindex` (`elementId`, `attribute`, `fieldId`, `locale`, `keywords`) VALUES ('54', 'field', '17', 'en_us', '');
INSERT INTO `craft_searchindex` (`elementId`, `attribute`, `fieldId`, `locale`, `keywords`) VALUES ('54', 'field', '3', 'en_us', '');
INSERT INTO `craft_searchindex` (`elementId`, `attribute`, `fieldId`, `locale`, `keywords`) VALUES ('54', 'field', '8', 'en_us', '');
INSERT INTO `craft_searchindex` (`elementId`, `attribute`, `fieldId`, `locale`, `keywords`) VALUES ('54', 'field', '10', 'en_us', '');
INSERT INTO `craft_searchindex` (`elementId`, `attribute`, `fieldId`, `locale`, `keywords`) VALUES ('54', 'field', '9', 'en_us', '');
INSERT INTO `craft_searchindex` (`elementId`, `attribute`, `fieldId`, `locale`, `keywords`) VALUES ('55', 'slug', '0', 'en_us', ' schedule 2012 ');
INSERT INTO `craft_searchindex` (`elementId`, `attribute`, `fieldId`, `locale`, `keywords`) VALUES ('55', 'title', '0', 'en_us', ' schedule 2012 ');
INSERT INTO `craft_searchindex` (`elementId`, `attribute`, `fieldId`, `locale`, `keywords`) VALUES ('55', 'field', '2', 'en_us', '');
INSERT INTO `craft_searchindex` (`elementId`, `attribute`, `fieldId`, `locale`, `keywords`) VALUES ('55', 'field', '5', 'en_us', '');
INSERT INTO `craft_searchindex` (`elementId`, `attribute`, `fieldId`, `locale`, `keywords`) VALUES ('55', 'field', '12', 'en_us', '');
INSERT INTO `craft_searchindex` (`elementId`, `attribute`, `fieldId`, `locale`, `keywords`) VALUES ('55', 'field', '4', 'en_us', '');
INSERT INTO `craft_searchindex` (`elementId`, `attribute`, `fieldId`, `locale`, `keywords`) VALUES ('55', 'field', '13', 'en_us', '');
INSERT INTO `craft_searchindex` (`elementId`, `attribute`, `fieldId`, `locale`, `keywords`) VALUES ('55', 'field', '7', 'en_us', '');
INSERT INTO `craft_searchindex` (`elementId`, `attribute`, `fieldId`, `locale`, `keywords`) VALUES ('55', 'field', '14', 'en_us', '');
INSERT INTO `craft_searchindex` (`elementId`, `attribute`, `fieldId`, `locale`, `keywords`) VALUES ('55', 'field', '1', 'en_us', '');
INSERT INTO `craft_searchindex` (`elementId`, `attribute`, `fieldId`, `locale`, `keywords`) VALUES ('55', 'field', '20', 'en_us', '');
INSERT INTO `craft_searchindex` (`elementId`, `attribute`, `fieldId`, `locale`, `keywords`) VALUES ('55', 'field', '11', 'en_us', '');
INSERT INTO `craft_searchindex` (`elementId`, `attribute`, `fieldId`, `locale`, `keywords`) VALUES ('55', 'field', '15', 'en_us', '');
INSERT INTO `craft_searchindex` (`elementId`, `attribute`, `fieldId`, `locale`, `keywords`) VALUES ('55', 'field', '6', 'en_us', '');
INSERT INTO `craft_searchindex` (`elementId`, `attribute`, `fieldId`, `locale`, `keywords`) VALUES ('55', 'field', '18', 'en_us', '');
INSERT INTO `craft_searchindex` (`elementId`, `attribute`, `fieldId`, `locale`, `keywords`) VALUES ('55', 'field', '19', 'en_us', '');
INSERT INTO `craft_searchindex` (`elementId`, `attribute`, `fieldId`, `locale`, `keywords`) VALUES ('55', 'field', '16', 'en_us', '');
INSERT INTO `craft_searchindex` (`elementId`, `attribute`, `fieldId`, `locale`, `keywords`) VALUES ('55', 'field', '21', 'en_us', ' 1 3 aug introduction ');
INSERT INTO `craft_searchindex` (`elementId`, `attribute`, `fieldId`, `locale`, `keywords`) VALUES ('55', 'field', '17', 'en_us', '');
INSERT INTO `craft_searchindex` (`elementId`, `attribute`, `fieldId`, `locale`, `keywords`) VALUES ('55', 'field', '3', 'en_us', '');
INSERT INTO `craft_searchindex` (`elementId`, `attribute`, `fieldId`, `locale`, `keywords`) VALUES ('55', 'field', '8', 'en_us', '');
INSERT INTO `craft_searchindex` (`elementId`, `attribute`, `fieldId`, `locale`, `keywords`) VALUES ('55', 'field', '10', 'en_us', '');
INSERT INTO `craft_searchindex` (`elementId`, `attribute`, `fieldId`, `locale`, `keywords`) VALUES ('55', 'field', '9', 'en_us', '');
INSERT INTO `craft_searchindex` (`elementId`, `attribute`, `fieldId`, `locale`, `keywords`) VALUES ('26', 'field', '22', 'en_us', ' design briefa printing form is interested in experimenting with generative art and design and has approached you to develop software that will generate variations on a theme such that every customer has a unique print the designs will be printed on either apparel e g t shirts shoes etc posters or postcards the client has proposed the following themes movement and energybalance and harmonyyou job as a designer is to select one of these themes and one or more of the product categories and develop a sketch in processing that will generate suitable design variations that expresses that theme you should pay careful attention to the constraints that the different types of products impose on your design develop a sketch that draws a variation upon a design each time it is run the sketch should consist of a number of variations upon a design the design and implementation of the sketch should satisfy the following requirements design constraints up to 400x400 static image no animation no 3d e g 400x300 for postcardsno text the imagery should convey the theme without text no images or vector shapes may be loaded from filestechnical constraints the code should use the following features from processing variablesrandomness variabilityconditional statementsloops optional drawing commandsthe static image should be created using only the drawing commands available through the processing environment no images or vector shapes should be loaded from external files ');
INSERT INTO `craft_searchindex` (`elementId`, `attribute`, `fieldId`, `locale`, `keywords`) VALUES ('26', 'field', '12', 'en_us', '');
INSERT INTO `craft_searchindex` (`elementId`, `attribute`, `fieldId`, `locale`, `keywords`) VALUES ('26', 'field', '23', 'en_us', ' 2013 11 21 ');
INSERT INTO `craft_searchindex` (`elementId`, `attribute`, `fieldId`, `locale`, `keywords`) VALUES ('26', 'field', '13', 'en_us', '');
INSERT INTO `craft_searchindex` (`elementId`, `attribute`, `fieldId`, `locale`, `keywords`) VALUES ('26', 'field', '14', 'en_us', '');
INSERT INTO `craft_searchindex` (`elementId`, `attribute`, `fieldId`, `locale`, `keywords`) VALUES ('26', 'field', '20', 'en_us', '');
INSERT INTO `craft_searchindex` (`elementId`, `attribute`, `fieldId`, `locale`, `keywords`) VALUES ('26', 'field', '15', 'en_us', '');
INSERT INTO `craft_searchindex` (`elementId`, `attribute`, `fieldId`, `locale`, `keywords`) VALUES ('26', 'field', '18', 'en_us', '');
INSERT INTO `craft_searchindex` (`elementId`, `attribute`, `fieldId`, `locale`, `keywords`) VALUES ('26', 'field', '26', 'en_us', '');
INSERT INTO `craft_searchindex` (`elementId`, `attribute`, `fieldId`, `locale`, `keywords`) VALUES ('26', 'field', '19', 'en_us', '');
INSERT INTO `craft_searchindex` (`elementId`, `attribute`, `fieldId`, `locale`, `keywords`) VALUES ('26', 'field', '16', 'en_us', '');
INSERT INTO `craft_searchindex` (`elementId`, `attribute`, `fieldId`, `locale`, `keywords`) VALUES ('26', 'field', '21', 'en_us', '');
INSERT INTO `craft_searchindex` (`elementId`, `attribute`, `fieldId`, `locale`, `keywords`) VALUES ('26', 'field', '17', 'en_us', '');
INSERT INTO `craft_searchindex` (`elementId`, `attribute`, `fieldId`, `locale`, `keywords`) VALUES ('26', 'field', '24', 'en_us', ' the assignment submission will consist of a portfolio post that includes a sketch that shows the final version of the your designa description of your sketch explaining the design concept together with references to inspirational material and any sketches that you developed during developmentsubmission of the assignment will be via blackboard to submit your assignment you first need to export you portfolio post which will create a zip file you can then upload the zip file to blackboard ');
INSERT INTO `craft_searchindex` (`elementId`, `attribute`, `fieldId`, `locale`, `keywords`) VALUES ('26', 'field', '25', 'en_us', ' the following may provide inspiration for this assignment but you should not limit your research to them nervous system specialises in using generative processes inspired by natured to design jewellery and other itemsshapeways specialises in providing 3d printing technology online and has developed a number of generative design toolspeople casey reas see also reas earlier works before processing at http www groupc net ben fry see also fry s designs and illustrations at his company fathomjared tarbell see also tarbell s works not done in processing can be found athttp www complexification net karsten schmidt a k a toxi see also schmidt s design at his company postspectacularmarius watz see also watz s earlier works at http www unlekker net http www evolutionzone com and his blog at http www generatorx no books form codewritten images ');
INSERT INTO `craft_searchindex` (`elementId`, `attribute`, `fieldId`, `locale`, `keywords`) VALUES ('25', 'field', '22', 'en_us', '');
INSERT INTO `craft_searchindex` (`elementId`, `attribute`, `fieldId`, `locale`, `keywords`) VALUES ('25', 'field', '12', 'en_us', '');
INSERT INTO `craft_searchindex` (`elementId`, `attribute`, `fieldId`, `locale`, `keywords`) VALUES ('25', 'field', '23', 'en_us', '');
INSERT INTO `craft_searchindex` (`elementId`, `attribute`, `fieldId`, `locale`, `keywords`) VALUES ('25', 'field', '13', 'en_us', '');
INSERT INTO `craft_searchindex` (`elementId`, `attribute`, `fieldId`, `locale`, `keywords`) VALUES ('25', 'field', '14', 'en_us', '');
INSERT INTO `craft_searchindex` (`elementId`, `attribute`, `fieldId`, `locale`, `keywords`) VALUES ('25', 'field', '20', 'en_us', '');
INSERT INTO `craft_searchindex` (`elementId`, `attribute`, `fieldId`, `locale`, `keywords`) VALUES ('25', 'field', '11', 'en_us', '');
INSERT INTO `craft_searchindex` (`elementId`, `attribute`, `fieldId`, `locale`, `keywords`) VALUES ('25', 'field', '27', 'en_us', ' assignment 1 ');
INSERT INTO `craft_searchindex` (`elementId`, `attribute`, `fieldId`, `locale`, `keywords`) VALUES ('25', 'field', '15', 'en_us', '');
INSERT INTO `craft_searchindex` (`elementId`, `attribute`, `fieldId`, `locale`, `keywords`) VALUES ('25', 'field', '18', 'en_us', '');
INSERT INTO `craft_searchindex` (`elementId`, `attribute`, `fieldId`, `locale`, `keywords`) VALUES ('25', 'field', '26', 'en_us', '');
INSERT INTO `craft_searchindex` (`elementId`, `attribute`, `fieldId`, `locale`, `keywords`) VALUES ('25', 'field', '19', 'en_us', '');
INSERT INTO `craft_searchindex` (`elementId`, `attribute`, `fieldId`, `locale`, `keywords`) VALUES ('25', 'field', '16', 'en_us', '');
INSERT INTO `craft_searchindex` (`elementId`, `attribute`, `fieldId`, `locale`, `keywords`) VALUES ('25', 'field', '21', 'en_us', '');
INSERT INTO `craft_searchindex` (`elementId`, `attribute`, `fieldId`, `locale`, `keywords`) VALUES ('25', 'field', '17', 'en_us', '');
INSERT INTO `craft_searchindex` (`elementId`, `attribute`, `fieldId`, `locale`, `keywords`) VALUES ('25', 'field', '24', 'en_us', '');
INSERT INTO `craft_searchindex` (`elementId`, `attribute`, `fieldId`, `locale`, `keywords`) VALUES ('25', 'field', '25', 'en_us', '');
INSERT INTO `craft_searchindex` (`elementId`, `attribute`, `fieldId`, `locale`, `keywords`) VALUES ('56', 'field', '2', 'en_us', '');
INSERT INTO `craft_searchindex` (`elementId`, `attribute`, `fieldId`, `locale`, `keywords`) VALUES ('56', 'field', '5', 'en_us', '');
INSERT INTO `craft_searchindex` (`elementId`, `attribute`, `fieldId`, `locale`, `keywords`) VALUES ('56', 'field', '22', 'en_us', '');
INSERT INTO `craft_searchindex` (`elementId`, `attribute`, `fieldId`, `locale`, `keywords`) VALUES ('56', 'field', '12', 'en_us', '');
INSERT INTO `craft_searchindex` (`elementId`, `attribute`, `fieldId`, `locale`, `keywords`) VALUES ('56', 'field', '4', 'en_us', '');
INSERT INTO `craft_searchindex` (`elementId`, `attribute`, `fieldId`, `locale`, `keywords`) VALUES ('56', 'field', '23', 'en_us', '');
INSERT INTO `craft_searchindex` (`elementId`, `attribute`, `fieldId`, `locale`, `keywords`) VALUES ('56', 'field', '13', 'en_us', '');
INSERT INTO `craft_searchindex` (`elementId`, `attribute`, `fieldId`, `locale`, `keywords`) VALUES ('56', 'field', '7', 'en_us', '');
INSERT INTO `craft_searchindex` (`elementId`, `attribute`, `fieldId`, `locale`, `keywords`) VALUES ('56', 'field', '14', 'en_us', '');
INSERT INTO `craft_searchindex` (`elementId`, `attribute`, `fieldId`, `locale`, `keywords`) VALUES ('56', 'field', '1', 'en_us', '');
INSERT INTO `craft_searchindex` (`elementId`, `attribute`, `fieldId`, `locale`, `keywords`) VALUES ('56', 'field', '20', 'en_us', '');
INSERT INTO `craft_searchindex` (`elementId`, `attribute`, `fieldId`, `locale`, `keywords`) VALUES ('56', 'field', '11', 'en_us', '');
INSERT INTO `craft_searchindex` (`elementId`, `attribute`, `fieldId`, `locale`, `keywords`) VALUES ('56', 'field', '27', 'en_us', '');
INSERT INTO `craft_searchindex` (`elementId`, `attribute`, `fieldId`, `locale`, `keywords`) VALUES ('56', 'field', '15', 'en_us', '');
INSERT INTO `craft_searchindex` (`elementId`, `attribute`, `fieldId`, `locale`, `keywords`) VALUES ('56', 'field', '6', 'en_us', '');
INSERT INTO `craft_searchindex` (`elementId`, `attribute`, `fieldId`, `locale`, `keywords`) VALUES ('56', 'field', '18', 'en_us', '');
INSERT INTO `craft_searchindex` (`elementId`, `attribute`, `fieldId`, `locale`, `keywords`) VALUES ('56', 'field', '26', 'en_us', '');
INSERT INTO `craft_searchindex` (`elementId`, `attribute`, `fieldId`, `locale`, `keywords`) VALUES ('56', 'field', '19', 'en_us', '');
INSERT INTO `craft_searchindex` (`elementId`, `attribute`, `fieldId`, `locale`, `keywords`) VALUES ('56', 'field', '16', 'en_us', '');
INSERT INTO `craft_searchindex` (`elementId`, `attribute`, `fieldId`, `locale`, `keywords`) VALUES ('56', 'field', '21', 'en_us', '');
INSERT INTO `craft_searchindex` (`elementId`, `attribute`, `fieldId`, `locale`, `keywords`) VALUES ('56', 'field', '17', 'en_us', '');
INSERT INTO `craft_searchindex` (`elementId`, `attribute`, `fieldId`, `locale`, `keywords`) VALUES ('56', 'field', '24', 'en_us', '');
INSERT INTO `craft_searchindex` (`elementId`, `attribute`, `fieldId`, `locale`, `keywords`) VALUES ('56', 'field', '25', 'en_us', '');
INSERT INTO `craft_searchindex` (`elementId`, `attribute`, `fieldId`, `locale`, `keywords`) VALUES ('56', 'field', '3', 'en_us', '');
INSERT INTO `craft_searchindex` (`elementId`, `attribute`, `fieldId`, `locale`, `keywords`) VALUES ('56', 'field', '8', 'en_us', '');
INSERT INTO `craft_searchindex` (`elementId`, `attribute`, `fieldId`, `locale`, `keywords`) VALUES ('56', 'field', '10', 'en_us', '');
INSERT INTO `craft_searchindex` (`elementId`, `attribute`, `fieldId`, `locale`, `keywords`) VALUES ('56', 'field', '9', 'en_us', '');
INSERT INTO `craft_searchindex` (`elementId`, `attribute`, `fieldId`, `locale`, `keywords`) VALUES ('56', 'filename', '0', 'en_us', ' img_4754 jpg ');
INSERT INTO `craft_searchindex` (`elementId`, `attribute`, `fieldId`, `locale`, `keywords`) VALUES ('56', 'extension', '0', 'en_us', ' jpg ');
INSERT INTO `craft_searchindex` (`elementId`, `attribute`, `fieldId`, `locale`, `keywords`) VALUES ('56', 'kind', '0', 'en_us', ' image ');
INSERT INTO `craft_searchindex` (`elementId`, `attribute`, `fieldId`, `locale`, `keywords`) VALUES ('56', 'title', '0', 'en_us', ' img 4754 ');
INSERT INTO `craft_searchindex` (`elementId`, `attribute`, `fieldId`, `locale`, `keywords`) VALUES ('1', 'field', '22', 'en_us', '');
INSERT INTO `craft_searchindex` (`elementId`, `attribute`, `fieldId`, `locale`, `keywords`) VALUES ('1', 'field', '23', 'en_us', '');
INSERT INTO `craft_searchindex` (`elementId`, `attribute`, `fieldId`, `locale`, `keywords`) VALUES ('1', 'field', '27', 'en_us', '');
INSERT INTO `craft_searchindex` (`elementId`, `attribute`, `fieldId`, `locale`, `keywords`) VALUES ('1', 'field', '26', 'en_us', '');
INSERT INTO `craft_searchindex` (`elementId`, `attribute`, `fieldId`, `locale`, `keywords`) VALUES ('1', 'field', '21', 'en_us', '');
INSERT INTO `craft_searchindex` (`elementId`, `attribute`, `fieldId`, `locale`, `keywords`) VALUES ('1', 'field', '24', 'en_us', '');
INSERT INTO `craft_searchindex` (`elementId`, `attribute`, `fieldId`, `locale`, `keywords`) VALUES ('1', 'field', '25', 'en_us', '');
INSERT INTO `craft_searchindex` (`elementId`, `attribute`, `fieldId`, `locale`, `keywords`) VALUES ('54', 'field', '22', 'en_us', '');
INSERT INTO `craft_searchindex` (`elementId`, `attribute`, `fieldId`, `locale`, `keywords`) VALUES ('54', 'field', '23', 'en_us', '');
INSERT INTO `craft_searchindex` (`elementId`, `attribute`, `fieldId`, `locale`, `keywords`) VALUES ('54', 'field', '27', 'en_us', '');
INSERT INTO `craft_searchindex` (`elementId`, `attribute`, `fieldId`, `locale`, `keywords`) VALUES ('54', 'field', '26', 'en_us', '');
INSERT INTO `craft_searchindex` (`elementId`, `attribute`, `fieldId`, `locale`, `keywords`) VALUES ('54', 'field', '21', 'en_us', '');
INSERT INTO `craft_searchindex` (`elementId`, `attribute`, `fieldId`, `locale`, `keywords`) VALUES ('54', 'field', '24', 'en_us', '');
INSERT INTO `craft_searchindex` (`elementId`, `attribute`, `fieldId`, `locale`, `keywords`) VALUES ('54', 'field', '25', 'en_us', '');
INSERT INTO `craft_searchindex` (`elementId`, `attribute`, `fieldId`, `locale`, `keywords`) VALUES ('57', 'slug', '0', 'en_us', ' assignment ');
INSERT INTO `craft_searchindex` (`elementId`, `attribute`, `fieldId`, `locale`, `keywords`) VALUES ('57', 'title', '0', 'en_us', ' assignment ');
INSERT INTO `craft_searchindex` (`elementId`, `attribute`, `fieldId`, `locale`, `keywords`) VALUES ('57', 'field', '2', 'en_us', ' tech tech tech ');
INSERT INTO `craft_searchindex` (`elementId`, `attribute`, `fieldId`, `locale`, `keywords`) VALUES ('57', 'field', '5', 'en_us', '');
INSERT INTO `craft_searchindex` (`elementId`, `attribute`, `fieldId`, `locale`, `keywords`) VALUES ('57', 'field', '22', 'en_us', '');
INSERT INTO `craft_searchindex` (`elementId`, `attribute`, `fieldId`, `locale`, `keywords`) VALUES ('57', 'field', '12', 'en_us', '');
INSERT INTO `craft_searchindex` (`elementId`, `attribute`, `fieldId`, `locale`, `keywords`) VALUES ('57', 'field', '4', 'en_us', '');
INSERT INTO `craft_searchindex` (`elementId`, `attribute`, `fieldId`, `locale`, `keywords`) VALUES ('57', 'field', '23', 'en_us', '');
INSERT INTO `craft_searchindex` (`elementId`, `attribute`, `fieldId`, `locale`, `keywords`) VALUES ('57', 'field', '13', 'en_us', '');
INSERT INTO `craft_searchindex` (`elementId`, `attribute`, `fieldId`, `locale`, `keywords`) VALUES ('57', 'field', '7', 'en_us', '');
INSERT INTO `craft_searchindex` (`elementId`, `attribute`, `fieldId`, `locale`, `keywords`) VALUES ('57', 'field', '14', 'en_us', '');
INSERT INTO `craft_searchindex` (`elementId`, `attribute`, `fieldId`, `locale`, `keywords`) VALUES ('57', 'field', '1', 'en_us', ' i am an assignment ');
INSERT INTO `craft_searchindex` (`elementId`, `attribute`, `fieldId`, `locale`, `keywords`) VALUES ('57', 'field', '20', 'en_us', '');
INSERT INTO `craft_searchindex` (`elementId`, `attribute`, `fieldId`, `locale`, `keywords`) VALUES ('57', 'field', '11', 'en_us', '');
INSERT INTO `craft_searchindex` (`elementId`, `attribute`, `fieldId`, `locale`, `keywords`) VALUES ('57', 'field', '27', 'en_us', ' assignment 1 ');
INSERT INTO `craft_searchindex` (`elementId`, `attribute`, `fieldId`, `locale`, `keywords`) VALUES ('57', 'field', '15', 'en_us', '');
INSERT INTO `craft_searchindex` (`elementId`, `attribute`, `fieldId`, `locale`, `keywords`) VALUES ('57', 'field', '6', 'en_us', ' jennifer loraz ');
INSERT INTO `craft_searchindex` (`elementId`, `attribute`, `fieldId`, `locale`, `keywords`) VALUES ('57', 'field', '18', 'en_us', '');
INSERT INTO `craft_searchindex` (`elementId`, `attribute`, `fieldId`, `locale`, `keywords`) VALUES ('57', 'field', '26', 'en_us', '');
INSERT INTO `craft_searchindex` (`elementId`, `attribute`, `fieldId`, `locale`, `keywords`) VALUES ('57', 'field', '19', 'en_us', '');
INSERT INTO `craft_searchindex` (`elementId`, `attribute`, `fieldId`, `locale`, `keywords`) VALUES ('57', 'field', '16', 'en_us', '');
INSERT INTO `craft_searchindex` (`elementId`, `attribute`, `fieldId`, `locale`, `keywords`) VALUES ('57', 'field', '21', 'en_us', '');
INSERT INTO `craft_searchindex` (`elementId`, `attribute`, `fieldId`, `locale`, `keywords`) VALUES ('57', 'field', '17', 'en_us', '');
INSERT INTO `craft_searchindex` (`elementId`, `attribute`, `fieldId`, `locale`, `keywords`) VALUES ('57', 'field', '24', 'en_us', '');
INSERT INTO `craft_searchindex` (`elementId`, `attribute`, `fieldId`, `locale`, `keywords`) VALUES ('57', 'field', '25', 'en_us', '');
INSERT INTO `craft_searchindex` (`elementId`, `attribute`, `fieldId`, `locale`, `keywords`) VALUES ('57', 'field', '3', 'en_us', '');
INSERT INTO `craft_searchindex` (`elementId`, `attribute`, `fieldId`, `locale`, `keywords`) VALUES ('57', 'field', '8', 'en_us', '');
INSERT INTO `craft_searchindex` (`elementId`, `attribute`, `fieldId`, `locale`, `keywords`) VALUES ('57', 'field', '10', 'en_us', '');
INSERT INTO `craft_searchindex` (`elementId`, `attribute`, `fieldId`, `locale`, `keywords`) VALUES ('57', 'field', '9', 'en_us', '');
INSERT INTO `craft_searchindex` (`elementId`, `attribute`, `fieldId`, `locale`, `keywords`) VALUES ('58', 'username', '0', 'en_us', ' mtomitsch ');
INSERT INTO `craft_searchindex` (`elementId`, `attribute`, `fieldId`, `locale`, `keywords`) VALUES ('58', 'firstname', '0', 'en_us', ' martin ');
INSERT INTO `craft_searchindex` (`elementId`, `attribute`, `fieldId`, `locale`, `keywords`) VALUES ('58', 'lastname', '0', 'en_us', ' tomitsch ');
INSERT INTO `craft_searchindex` (`elementId`, `attribute`, `fieldId`, `locale`, `keywords`) VALUES ('58', 'fullname', '0', 'en_us', ' martin tomitsch ');
INSERT INTO `craft_searchindex` (`elementId`, `attribute`, `fieldId`, `locale`, `keywords`) VALUES ('58', 'email', '0', 'en_us', ' m m com ');
INSERT INTO `craft_searchindex` (`elementId`, `attribute`, `fieldId`, `locale`, `keywords`) VALUES ('59', 'field', '2', 'en_us', '');
INSERT INTO `craft_searchindex` (`elementId`, `attribute`, `fieldId`, `locale`, `keywords`) VALUES ('59', 'field', '28', 'en_us', '');
INSERT INTO `craft_searchindex` (`elementId`, `attribute`, `fieldId`, `locale`, `keywords`) VALUES ('59', 'field', '29', 'en_us', '');
INSERT INTO `craft_searchindex` (`elementId`, `attribute`, `fieldId`, `locale`, `keywords`) VALUES ('59', 'field', '5', 'en_us', '');
INSERT INTO `craft_searchindex` (`elementId`, `attribute`, `fieldId`, `locale`, `keywords`) VALUES ('59', 'field', '22', 'en_us', '');
INSERT INTO `craft_searchindex` (`elementId`, `attribute`, `fieldId`, `locale`, `keywords`) VALUES ('59', 'field', '12', 'en_us', '');
INSERT INTO `craft_searchindex` (`elementId`, `attribute`, `fieldId`, `locale`, `keywords`) VALUES ('59', 'field', '4', 'en_us', '');
INSERT INTO `craft_searchindex` (`elementId`, `attribute`, `fieldId`, `locale`, `keywords`) VALUES ('59', 'field', '23', 'en_us', '');
INSERT INTO `craft_searchindex` (`elementId`, `attribute`, `fieldId`, `locale`, `keywords`) VALUES ('59', 'field', '13', 'en_us', '');
INSERT INTO `craft_searchindex` (`elementId`, `attribute`, `fieldId`, `locale`, `keywords`) VALUES ('59', 'field', '7', 'en_us', '');
INSERT INTO `craft_searchindex` (`elementId`, `attribute`, `fieldId`, `locale`, `keywords`) VALUES ('59', 'field', '14', 'en_us', '');
INSERT INTO `craft_searchindex` (`elementId`, `attribute`, `fieldId`, `locale`, `keywords`) VALUES ('59', 'field', '1', 'en_us', '');
INSERT INTO `craft_searchindex` (`elementId`, `attribute`, `fieldId`, `locale`, `keywords`) VALUES ('59', 'field', '20', 'en_us', '');
INSERT INTO `craft_searchindex` (`elementId`, `attribute`, `fieldId`, `locale`, `keywords`) VALUES ('59', 'field', '11', 'en_us', '');
INSERT INTO `craft_searchindex` (`elementId`, `attribute`, `fieldId`, `locale`, `keywords`) VALUES ('59', 'field', '27', 'en_us', '');
INSERT INTO `craft_searchindex` (`elementId`, `attribute`, `fieldId`, `locale`, `keywords`) VALUES ('59', 'field', '15', 'en_us', '');
INSERT INTO `craft_searchindex` (`elementId`, `attribute`, `fieldId`, `locale`, `keywords`) VALUES ('59', 'field', '6', 'en_us', '');
INSERT INTO `craft_searchindex` (`elementId`, `attribute`, `fieldId`, `locale`, `keywords`) VALUES ('59', 'field', '18', 'en_us', '');
INSERT INTO `craft_searchindex` (`elementId`, `attribute`, `fieldId`, `locale`, `keywords`) VALUES ('59', 'field', '26', 'en_us', '');
INSERT INTO `craft_searchindex` (`elementId`, `attribute`, `fieldId`, `locale`, `keywords`) VALUES ('59', 'field', '19', 'en_us', '');
INSERT INTO `craft_searchindex` (`elementId`, `attribute`, `fieldId`, `locale`, `keywords`) VALUES ('59', 'field', '16', 'en_us', '');
INSERT INTO `craft_searchindex` (`elementId`, `attribute`, `fieldId`, `locale`, `keywords`) VALUES ('59', 'field', '30', 'en_us', '');
INSERT INTO `craft_searchindex` (`elementId`, `attribute`, `fieldId`, `locale`, `keywords`) VALUES ('59', 'field', '21', 'en_us', '');
INSERT INTO `craft_searchindex` (`elementId`, `attribute`, `fieldId`, `locale`, `keywords`) VALUES ('59', 'field', '17', 'en_us', '');
INSERT INTO `craft_searchindex` (`elementId`, `attribute`, `fieldId`, `locale`, `keywords`) VALUES ('59', 'field', '24', 'en_us', '');
INSERT INTO `craft_searchindex` (`elementId`, `attribute`, `fieldId`, `locale`, `keywords`) VALUES ('59', 'field', '25', 'en_us', '');
INSERT INTO `craft_searchindex` (`elementId`, `attribute`, `fieldId`, `locale`, `keywords`) VALUES ('59', 'field', '3', 'en_us', '');
INSERT INTO `craft_searchindex` (`elementId`, `attribute`, `fieldId`, `locale`, `keywords`) VALUES ('59', 'field', '8', 'en_us', '');
INSERT INTO `craft_searchindex` (`elementId`, `attribute`, `fieldId`, `locale`, `keywords`) VALUES ('59', 'field', '10', 'en_us', '');
INSERT INTO `craft_searchindex` (`elementId`, `attribute`, `fieldId`, `locale`, `keywords`) VALUES ('59', 'field', '9', 'en_us', '');
INSERT INTO `craft_searchindex` (`elementId`, `attribute`, `fieldId`, `locale`, `keywords`) VALUES ('59', 'filename', '0', 'en_us', ' 0unknown jpg ');
INSERT INTO `craft_searchindex` (`elementId`, `attribute`, `fieldId`, `locale`, `keywords`) VALUES ('59', 'extension', '0', 'en_us', ' jpg ');
INSERT INTO `craft_searchindex` (`elementId`, `attribute`, `fieldId`, `locale`, `keywords`) VALUES ('59', 'kind', '0', 'en_us', ' image ');
INSERT INTO `craft_searchindex` (`elementId`, `attribute`, `fieldId`, `locale`, `keywords`) VALUES ('59', 'title', '0', 'en_us', ' 0unknown ');
INSERT INTO `craft_searchindex` (`elementId`, `attribute`, `fieldId`, `locale`, `keywords`) VALUES ('60', 'field', '2', 'en_us', '');
INSERT INTO `craft_searchindex` (`elementId`, `attribute`, `fieldId`, `locale`, `keywords`) VALUES ('60', 'field', '28', 'en_us', '');
INSERT INTO `craft_searchindex` (`elementId`, `attribute`, `fieldId`, `locale`, `keywords`) VALUES ('60', 'field', '29', 'en_us', '');
INSERT INTO `craft_searchindex` (`elementId`, `attribute`, `fieldId`, `locale`, `keywords`) VALUES ('60', 'field', '5', 'en_us', '');
INSERT INTO `craft_searchindex` (`elementId`, `attribute`, `fieldId`, `locale`, `keywords`) VALUES ('60', 'field', '22', 'en_us', '');
INSERT INTO `craft_searchindex` (`elementId`, `attribute`, `fieldId`, `locale`, `keywords`) VALUES ('60', 'field', '12', 'en_us', '');
INSERT INTO `craft_searchindex` (`elementId`, `attribute`, `fieldId`, `locale`, `keywords`) VALUES ('60', 'field', '4', 'en_us', '');
INSERT INTO `craft_searchindex` (`elementId`, `attribute`, `fieldId`, `locale`, `keywords`) VALUES ('60', 'field', '23', 'en_us', '');
INSERT INTO `craft_searchindex` (`elementId`, `attribute`, `fieldId`, `locale`, `keywords`) VALUES ('60', 'field', '13', 'en_us', '');
INSERT INTO `craft_searchindex` (`elementId`, `attribute`, `fieldId`, `locale`, `keywords`) VALUES ('60', 'field', '7', 'en_us', '');
INSERT INTO `craft_searchindex` (`elementId`, `attribute`, `fieldId`, `locale`, `keywords`) VALUES ('60', 'field', '14', 'en_us', '');
INSERT INTO `craft_searchindex` (`elementId`, `attribute`, `fieldId`, `locale`, `keywords`) VALUES ('60', 'field', '1', 'en_us', '');
INSERT INTO `craft_searchindex` (`elementId`, `attribute`, `fieldId`, `locale`, `keywords`) VALUES ('60', 'field', '20', 'en_us', '');
INSERT INTO `craft_searchindex` (`elementId`, `attribute`, `fieldId`, `locale`, `keywords`) VALUES ('60', 'field', '11', 'en_us', '');
INSERT INTO `craft_searchindex` (`elementId`, `attribute`, `fieldId`, `locale`, `keywords`) VALUES ('60', 'field', '27', 'en_us', '');
INSERT INTO `craft_searchindex` (`elementId`, `attribute`, `fieldId`, `locale`, `keywords`) VALUES ('60', 'field', '15', 'en_us', '');
INSERT INTO `craft_searchindex` (`elementId`, `attribute`, `fieldId`, `locale`, `keywords`) VALUES ('60', 'field', '6', 'en_us', '');
INSERT INTO `craft_searchindex` (`elementId`, `attribute`, `fieldId`, `locale`, `keywords`) VALUES ('60', 'field', '18', 'en_us', '');
INSERT INTO `craft_searchindex` (`elementId`, `attribute`, `fieldId`, `locale`, `keywords`) VALUES ('60', 'field', '26', 'en_us', '');
INSERT INTO `craft_searchindex` (`elementId`, `attribute`, `fieldId`, `locale`, `keywords`) VALUES ('60', 'field', '19', 'en_us', '');
INSERT INTO `craft_searchindex` (`elementId`, `attribute`, `fieldId`, `locale`, `keywords`) VALUES ('60', 'field', '16', 'en_us', '');
INSERT INTO `craft_searchindex` (`elementId`, `attribute`, `fieldId`, `locale`, `keywords`) VALUES ('60', 'field', '30', 'en_us', '');
INSERT INTO `craft_searchindex` (`elementId`, `attribute`, `fieldId`, `locale`, `keywords`) VALUES ('60', 'field', '21', 'en_us', '');
INSERT INTO `craft_searchindex` (`elementId`, `attribute`, `fieldId`, `locale`, `keywords`) VALUES ('60', 'field', '17', 'en_us', '');
INSERT INTO `craft_searchindex` (`elementId`, `attribute`, `fieldId`, `locale`, `keywords`) VALUES ('60', 'field', '24', 'en_us', '');
INSERT INTO `craft_searchindex` (`elementId`, `attribute`, `fieldId`, `locale`, `keywords`) VALUES ('60', 'field', '25', 'en_us', '');
INSERT INTO `craft_searchindex` (`elementId`, `attribute`, `fieldId`, `locale`, `keywords`) VALUES ('60', 'field', '3', 'en_us', '');
INSERT INTO `craft_searchindex` (`elementId`, `attribute`, `fieldId`, `locale`, `keywords`) VALUES ('60', 'field', '8', 'en_us', '');
INSERT INTO `craft_searchindex` (`elementId`, `attribute`, `fieldId`, `locale`, `keywords`) VALUES ('60', 'field', '10', 'en_us', '');
INSERT INTO `craft_searchindex` (`elementId`, `attribute`, `fieldId`, `locale`, `keywords`) VALUES ('60', 'field', '9', 'en_us', '');
INSERT INTO `craft_searchindex` (`elementId`, `attribute`, `fieldId`, `locale`, `keywords`) VALUES ('60', 'filename', '0', 'en_us', ' img_6232 jpg ');
INSERT INTO `craft_searchindex` (`elementId`, `attribute`, `fieldId`, `locale`, `keywords`) VALUES ('60', 'extension', '0', 'en_us', ' jpg ');
INSERT INTO `craft_searchindex` (`elementId`, `attribute`, `fieldId`, `locale`, `keywords`) VALUES ('60', 'kind', '0', 'en_us', ' image ');
INSERT INTO `craft_searchindex` (`elementId`, `attribute`, `fieldId`, `locale`, `keywords`) VALUES ('60', 'title', '0', 'en_us', ' img 6232 ');
INSERT INTO `craft_searchindex` (`elementId`, `attribute`, `fieldId`, `locale`, `keywords`) VALUES ('61', 'slug', '0', 'en_us', ' computational design ');
INSERT INTO `craft_searchindex` (`elementId`, `attribute`, `fieldId`, `locale`, `keywords`) VALUES ('62', 'field', '28', 'en_us', '');
INSERT INTO `craft_searchindex` (`elementId`, `attribute`, `fieldId`, `locale`, `keywords`) VALUES ('61', 'title', '0', 'en_us', ' computational design ');
INSERT INTO `craft_searchindex` (`elementId`, `attribute`, `fieldId`, `locale`, `keywords`) VALUES ('62', 'field', '2', 'en_us', '');
INSERT INTO `craft_searchindex` (`elementId`, `attribute`, `fieldId`, `locale`, `keywords`) VALUES ('61', 'field', '2', 'en_us', ' we explore how sensor networks augment and mediate human experience interaction and perception while developing new sensing modalities and enabling technologies that create new forms of interactive experience and expression our current research encompasses the development and application of various types of sensor networks energy harvesting and power management and the technical foundation of ubiquitous computing our work is highlighted in diverse application areas which have included automotive systems smart highways medical instrumentation rfid wearable computing and interactive media ');
INSERT INTO `craft_searchindex` (`elementId`, `attribute`, `fieldId`, `locale`, `keywords`) VALUES ('61', 'field', '28', 'en_us', '');
INSERT INTO `craft_searchindex` (`elementId`, `attribute`, `fieldId`, `locale`, `keywords`) VALUES ('61', 'field', '29', 'en_us', '');
INSERT INTO `craft_searchindex` (`elementId`, `attribute`, `fieldId`, `locale`, `keywords`) VALUES ('61', 'field', '5', 'en_us', '');
INSERT INTO `craft_searchindex` (`elementId`, `attribute`, `fieldId`, `locale`, `keywords`) VALUES ('61', 'field', '22', 'en_us', '');
INSERT INTO `craft_searchindex` (`elementId`, `attribute`, `fieldId`, `locale`, `keywords`) VALUES ('61', 'field', '12', 'en_us', '');
INSERT INTO `craft_searchindex` (`elementId`, `attribute`, `fieldId`, `locale`, `keywords`) VALUES ('61', 'field', '4', 'en_us', '');
INSERT INTO `craft_searchindex` (`elementId`, `attribute`, `fieldId`, `locale`, `keywords`) VALUES ('61', 'field', '23', 'en_us', '');
INSERT INTO `craft_searchindex` (`elementId`, `attribute`, `fieldId`, `locale`, `keywords`) VALUES ('61', 'field', '13', 'en_us', '');
INSERT INTO `craft_searchindex` (`elementId`, `attribute`, `fieldId`, `locale`, `keywords`) VALUES ('61', 'field', '7', 'en_us', ' img 6232 ');
INSERT INTO `craft_searchindex` (`elementId`, `attribute`, `fieldId`, `locale`, `keywords`) VALUES ('61', 'field', '14', 'en_us', '');
INSERT INTO `craft_searchindex` (`elementId`, `attribute`, `fieldId`, `locale`, `keywords`) VALUES ('61', 'field', '1', 'en_us', ' how sensor networks augment and mediate human experience interaction and perception ');
INSERT INTO `craft_searchindex` (`elementId`, `attribute`, `fieldId`, `locale`, `keywords`) VALUES ('61', 'field', '20', 'en_us', '');
INSERT INTO `craft_searchindex` (`elementId`, `attribute`, `fieldId`, `locale`, `keywords`) VALUES ('61', 'field', '11', 'en_us', '');
INSERT INTO `craft_searchindex` (`elementId`, `attribute`, `fieldId`, `locale`, `keywords`) VALUES ('61', 'field', '27', 'en_us', '');
INSERT INTO `craft_searchindex` (`elementId`, `attribute`, `fieldId`, `locale`, `keywords`) VALUES ('61', 'field', '15', 'en_us', '');
INSERT INTO `craft_searchindex` (`elementId`, `attribute`, `fieldId`, `locale`, `keywords`) VALUES ('61', 'field', '6', 'en_us', '');
INSERT INTO `craft_searchindex` (`elementId`, `attribute`, `fieldId`, `locale`, `keywords`) VALUES ('61', 'field', '18', 'en_us', '');
INSERT INTO `craft_searchindex` (`elementId`, `attribute`, `fieldId`, `locale`, `keywords`) VALUES ('61', 'field', '26', 'en_us', '');
INSERT INTO `craft_searchindex` (`elementId`, `attribute`, `fieldId`, `locale`, `keywords`) VALUES ('61', 'field', '19', 'en_us', '');
INSERT INTO `craft_searchindex` (`elementId`, `attribute`, `fieldId`, `locale`, `keywords`) VALUES ('61', 'field', '16', 'en_us', '');
INSERT INTO `craft_searchindex` (`elementId`, `attribute`, `fieldId`, `locale`, `keywords`) VALUES ('61', 'field', '30', 'en_us', ' computational design ');
INSERT INTO `craft_searchindex` (`elementId`, `attribute`, `fieldId`, `locale`, `keywords`) VALUES ('61', 'field', '21', 'en_us', '');
INSERT INTO `craft_searchindex` (`elementId`, `attribute`, `fieldId`, `locale`, `keywords`) VALUES ('61', 'field', '17', 'en_us', '');
INSERT INTO `craft_searchindex` (`elementId`, `attribute`, `fieldId`, `locale`, `keywords`) VALUES ('61', 'field', '24', 'en_us', '');
INSERT INTO `craft_searchindex` (`elementId`, `attribute`, `fieldId`, `locale`, `keywords`) VALUES ('61', 'field', '25', 'en_us', '');
INSERT INTO `craft_searchindex` (`elementId`, `attribute`, `fieldId`, `locale`, `keywords`) VALUES ('61', 'field', '3', 'en_us', '');
INSERT INTO `craft_searchindex` (`elementId`, `attribute`, `fieldId`, `locale`, `keywords`) VALUES ('61', 'field', '8', 'en_us', '');
INSERT INTO `craft_searchindex` (`elementId`, `attribute`, `fieldId`, `locale`, `keywords`) VALUES ('61', 'field', '10', 'en_us', '');
INSERT INTO `craft_searchindex` (`elementId`, `attribute`, `fieldId`, `locale`, `keywords`) VALUES ('61', 'field', '9', 'en_us', '');
INSERT INTO `craft_searchindex` (`elementId`, `attribute`, `fieldId`, `locale`, `keywords`) VALUES ('62', 'field', '29', 'en_us', '');
INSERT INTO `craft_searchindex` (`elementId`, `attribute`, `fieldId`, `locale`, `keywords`) VALUES ('62', 'field', '5', 'en_us', '');
INSERT INTO `craft_searchindex` (`elementId`, `attribute`, `fieldId`, `locale`, `keywords`) VALUES ('62', 'field', '22', 'en_us', '');
INSERT INTO `craft_searchindex` (`elementId`, `attribute`, `fieldId`, `locale`, `keywords`) VALUES ('62', 'field', '12', 'en_us', '');
INSERT INTO `craft_searchindex` (`elementId`, `attribute`, `fieldId`, `locale`, `keywords`) VALUES ('62', 'field', '4', 'en_us', '');
INSERT INTO `craft_searchindex` (`elementId`, `attribute`, `fieldId`, `locale`, `keywords`) VALUES ('62', 'field', '23', 'en_us', '');
INSERT INTO `craft_searchindex` (`elementId`, `attribute`, `fieldId`, `locale`, `keywords`) VALUES ('62', 'field', '13', 'en_us', '');
INSERT INTO `craft_searchindex` (`elementId`, `attribute`, `fieldId`, `locale`, `keywords`) VALUES ('62', 'field', '7', 'en_us', '');
INSERT INTO `craft_searchindex` (`elementId`, `attribute`, `fieldId`, `locale`, `keywords`) VALUES ('62', 'field', '14', 'en_us', '');
INSERT INTO `craft_searchindex` (`elementId`, `attribute`, `fieldId`, `locale`, `keywords`) VALUES ('62', 'field', '1', 'en_us', '');
INSERT INTO `craft_searchindex` (`elementId`, `attribute`, `fieldId`, `locale`, `keywords`) VALUES ('62', 'field', '20', 'en_us', '');
INSERT INTO `craft_searchindex` (`elementId`, `attribute`, `fieldId`, `locale`, `keywords`) VALUES ('62', 'field', '11', 'en_us', '');
INSERT INTO `craft_searchindex` (`elementId`, `attribute`, `fieldId`, `locale`, `keywords`) VALUES ('62', 'field', '27', 'en_us', '');
INSERT INTO `craft_searchindex` (`elementId`, `attribute`, `fieldId`, `locale`, `keywords`) VALUES ('62', 'field', '15', 'en_us', '');
INSERT INTO `craft_searchindex` (`elementId`, `attribute`, `fieldId`, `locale`, `keywords`) VALUES ('62', 'field', '6', 'en_us', '');
INSERT INTO `craft_searchindex` (`elementId`, `attribute`, `fieldId`, `locale`, `keywords`) VALUES ('62', 'field', '18', 'en_us', '');
INSERT INTO `craft_searchindex` (`elementId`, `attribute`, `fieldId`, `locale`, `keywords`) VALUES ('62', 'field', '26', 'en_us', '');
INSERT INTO `craft_searchindex` (`elementId`, `attribute`, `fieldId`, `locale`, `keywords`) VALUES ('62', 'field', '19', 'en_us', '');
INSERT INTO `craft_searchindex` (`elementId`, `attribute`, `fieldId`, `locale`, `keywords`) VALUES ('62', 'field', '16', 'en_us', '');
INSERT INTO `craft_searchindex` (`elementId`, `attribute`, `fieldId`, `locale`, `keywords`) VALUES ('62', 'field', '31', 'en_us', '');
INSERT INTO `craft_searchindex` (`elementId`, `attribute`, `fieldId`, `locale`, `keywords`) VALUES ('62', 'field', '32', 'en_us', '');
INSERT INTO `craft_searchindex` (`elementId`, `attribute`, `fieldId`, `locale`, `keywords`) VALUES ('62', 'field', '30', 'en_us', '');
INSERT INTO `craft_searchindex` (`elementId`, `attribute`, `fieldId`, `locale`, `keywords`) VALUES ('62', 'field', '21', 'en_us', '');
INSERT INTO `craft_searchindex` (`elementId`, `attribute`, `fieldId`, `locale`, `keywords`) VALUES ('62', 'field', '17', 'en_us', '');
INSERT INTO `craft_searchindex` (`elementId`, `attribute`, `fieldId`, `locale`, `keywords`) VALUES ('62', 'field', '24', 'en_us', '');
INSERT INTO `craft_searchindex` (`elementId`, `attribute`, `fieldId`, `locale`, `keywords`) VALUES ('62', 'field', '25', 'en_us', '');
INSERT INTO `craft_searchindex` (`elementId`, `attribute`, `fieldId`, `locale`, `keywords`) VALUES ('62', 'field', '3', 'en_us', '');
INSERT INTO `craft_searchindex` (`elementId`, `attribute`, `fieldId`, `locale`, `keywords`) VALUES ('62', 'field', '8', 'en_us', '');
INSERT INTO `craft_searchindex` (`elementId`, `attribute`, `fieldId`, `locale`, `keywords`) VALUES ('62', 'field', '10', 'en_us', '');
INSERT INTO `craft_searchindex` (`elementId`, `attribute`, `fieldId`, `locale`, `keywords`) VALUES ('62', 'field', '9', 'en_us', '');
INSERT INTO `craft_searchindex` (`elementId`, `attribute`, `fieldId`, `locale`, `keywords`) VALUES ('62', 'filename', '0', 'en_us', ' a6 hespanhol pdf ');
INSERT INTO `craft_searchindex` (`elementId`, `attribute`, `fieldId`, `locale`, `keywords`) VALUES ('62', 'extension', '0', 'en_us', ' pdf ');
INSERT INTO `craft_searchindex` (`elementId`, `attribute`, `fieldId`, `locale`, `keywords`) VALUES ('62', 'kind', '0', 'en_us', ' pdf ');
INSERT INTO `craft_searchindex` (`elementId`, `attribute`, `fieldId`, `locale`, `keywords`) VALUES ('62', 'title', '0', 'en_us', ' a6 hespanhol ');
INSERT INTO `craft_searchindex` (`elementId`, `attribute`, `fieldId`, `locale`, `keywords`) VALUES ('63', 'slug', '0', 'en_us', ' enhancing interactivity at an interactive public information display ');
INSERT INTO `craft_searchindex` (`elementId`, `attribute`, `fieldId`, `locale`, `keywords`) VALUES ('61', 'field', '33', 'en_us', ' we explore how sensor networks augment and mediate human experience interaction and perception while developing new sensing modalities and enabling technologies that create new forms of interactive experience and expression our current research encompasses the development and application of various types of sensor networks energy harvesting and power management and the technical foundation of ubiquitous computing our work is highlighted in diverse application areas which have included automotive systems smart highways medical instrumentation rfid wearable computing and interactive media ');
INSERT INTO `craft_searchindex` (`elementId`, `attribute`, `fieldId`, `locale`, `keywords`) VALUES ('63', 'title', '0', 'en_us', ' enhancing interactivity at an interactive public information display ');
INSERT INTO `craft_searchindex` (`elementId`, `attribute`, `fieldId`, `locale`, `keywords`) VALUES ('61', 'field', '31', 'en_us', '');
INSERT INTO `craft_searchindex` (`elementId`, `attribute`, `fieldId`, `locale`, `keywords`) VALUES ('61', 'field', '32', 'en_us', '');
INSERT INTO `craft_searchindex` (`elementId`, `attribute`, `fieldId`, `locale`, `keywords`) VALUES ('63', 'field', '2', 'en_us', '');
INSERT INTO `craft_searchindex` (`elementId`, `attribute`, `fieldId`, `locale`, `keywords`) VALUES ('63', 'field', '28', 'en_us', '');
INSERT INTO `craft_searchindex` (`elementId`, `attribute`, `fieldId`, `locale`, `keywords`) VALUES ('63', 'field', '29', 'en_us', ' martin tomitsch ');
INSERT INTO `craft_searchindex` (`elementId`, `attribute`, `fieldId`, `locale`, `keywords`) VALUES ('63', 'field', '5', 'en_us', '');
INSERT INTO `craft_searchindex` (`elementId`, `attribute`, `fieldId`, `locale`, `keywords`) VALUES ('63', 'field', '22', 'en_us', '');
INSERT INTO `craft_searchindex` (`elementId`, `attribute`, `fieldId`, `locale`, `keywords`) VALUES ('63', 'field', '12', 'en_us', '');
INSERT INTO `craft_searchindex` (`elementId`, `attribute`, `fieldId`, `locale`, `keywords`) VALUES ('63', 'field', '4', 'en_us', '');
INSERT INTO `craft_searchindex` (`elementId`, `attribute`, `fieldId`, `locale`, `keywords`) VALUES ('63', 'field', '23', 'en_us', '');
INSERT INTO `craft_searchindex` (`elementId`, `attribute`, `fieldId`, `locale`, `keywords`) VALUES ('63', 'field', '13', 'en_us', '');
INSERT INTO `craft_searchindex` (`elementId`, `attribute`, `fieldId`, `locale`, `keywords`) VALUES ('63', 'field', '7', 'en_us', '');
INSERT INTO `craft_searchindex` (`elementId`, `attribute`, `fieldId`, `locale`, `keywords`) VALUES ('63', 'field', '14', 'en_us', '');
INSERT INTO `craft_searchindex` (`elementId`, `attribute`, `fieldId`, `locale`, `keywords`) VALUES ('63', 'field', '1', 'en_us', '');
INSERT INTO `craft_searchindex` (`elementId`, `attribute`, `fieldId`, `locale`, `keywords`) VALUES ('63', 'field', '20', 'en_us', '');
INSERT INTO `craft_searchindex` (`elementId`, `attribute`, `fieldId`, `locale`, `keywords`) VALUES ('63', 'field', '11', 'en_us', '');
INSERT INTO `craft_searchindex` (`elementId`, `attribute`, `fieldId`, `locale`, `keywords`) VALUES ('63', 'field', '27', 'en_us', '');
INSERT INTO `craft_searchindex` (`elementId`, `attribute`, `fieldId`, `locale`, `keywords`) VALUES ('63', 'field', '15', 'en_us', '');
INSERT INTO `craft_searchindex` (`elementId`, `attribute`, `fieldId`, `locale`, `keywords`) VALUES ('63', 'field', '6', 'en_us', '');
INSERT INTO `craft_searchindex` (`elementId`, `attribute`, `fieldId`, `locale`, `keywords`) VALUES ('63', 'field', '18', 'en_us', '');
INSERT INTO `craft_searchindex` (`elementId`, `attribute`, `fieldId`, `locale`, `keywords`) VALUES ('63', 'field', '26', 'en_us', '');
INSERT INTO `craft_searchindex` (`elementId`, `attribute`, `fieldId`, `locale`, `keywords`) VALUES ('63', 'field', '19', 'en_us', '');
INSERT INTO `craft_searchindex` (`elementId`, `attribute`, `fieldId`, `locale`, `keywords`) VALUES ('63', 'field', '16', 'en_us', '');
INSERT INTO `craft_searchindex` (`elementId`, `attribute`, `fieldId`, `locale`, `keywords`) VALUES ('63', 'field', '31', 'en_us', ' a key challenge for creating large interactive displays in public spaces is in the definition of ways for the user to interact that are effective and easy to learn this paper presents the outcomes of user evaluation sessions designed to test a series of different gestures for people interacting with large displays in the public space it is an initial step towards the broader goal of establishing a natural means for immersive interactions the paper proposes a set of simple gestures for the execution of the basic actions of selecting and rearranging items in a large scale dashboard we performed a comparative analysis of the gestures leading to a more in depth understanding of the nature of spatial interaction between people and large public displays more specifically the analysis focuses on the scenarios when the interaction is restricted to an individual s own body without any further assistance from associated devices the findings converge into the elaboration of a model for assisting with the applicability of spatial gestures in response to both the context and the content they are applied to ');
INSERT INTO `craft_searchindex` (`elementId`, `attribute`, `fieldId`, `locale`, `keywords`) VALUES ('63', 'field', '32', 'en_us', ' a6 hespanhol ');
INSERT INTO `craft_searchindex` (`elementId`, `attribute`, `fieldId`, `locale`, `keywords`) VALUES ('63', 'field', '30', 'en_us', '');
INSERT INTO `craft_searchindex` (`elementId`, `attribute`, `fieldId`, `locale`, `keywords`) VALUES ('63', 'field', '21', 'en_us', '');
INSERT INTO `craft_searchindex` (`elementId`, `attribute`, `fieldId`, `locale`, `keywords`) VALUES ('63', 'field', '17', 'en_us', '');
INSERT INTO `craft_searchindex` (`elementId`, `attribute`, `fieldId`, `locale`, `keywords`) VALUES ('63', 'field', '24', 'en_us', '');
INSERT INTO `craft_searchindex` (`elementId`, `attribute`, `fieldId`, `locale`, `keywords`) VALUES ('63', 'field', '25', 'en_us', '');
INSERT INTO `craft_searchindex` (`elementId`, `attribute`, `fieldId`, `locale`, `keywords`) VALUES ('63', 'field', '3', 'en_us', '');
INSERT INTO `craft_searchindex` (`elementId`, `attribute`, `fieldId`, `locale`, `keywords`) VALUES ('63', 'field', '8', 'en_us', '');
INSERT INTO `craft_searchindex` (`elementId`, `attribute`, `fieldId`, `locale`, `keywords`) VALUES ('63', 'field', '10', 'en_us', '');
INSERT INTO `craft_searchindex` (`elementId`, `attribute`, `fieldId`, `locale`, `keywords`) VALUES ('63', 'field', '9', 'en_us', '');
INSERT INTO `craft_searchindex` (`elementId`, `attribute`, `fieldId`, `locale`, `keywords`) VALUES ('64', 'name', '0', 'en_us', ' computational design ');
INSERT INTO `craft_searchindex` (`elementId`, `attribute`, `fieldId`, `locale`, `keywords`) VALUES ('58', 'field', '2', 'en_us', '');
INSERT INTO `craft_searchindex` (`elementId`, `attribute`, `fieldId`, `locale`, `keywords`) VALUES ('58', 'field', '28', 'en_us', '');
INSERT INTO `craft_searchindex` (`elementId`, `attribute`, `fieldId`, `locale`, `keywords`) VALUES ('58', 'field', '29', 'en_us', '');
INSERT INTO `craft_searchindex` (`elementId`, `attribute`, `fieldId`, `locale`, `keywords`) VALUES ('58', 'field', '5', 'en_us', ' idea ');
INSERT INTO `craft_searchindex` (`elementId`, `attribute`, `fieldId`, `locale`, `keywords`) VALUES ('58', 'field', '22', 'en_us', '');
INSERT INTO `craft_searchindex` (`elementId`, `attribute`, `fieldId`, `locale`, `keywords`) VALUES ('58', 'field', '12', 'en_us', '');
INSERT INTO `craft_searchindex` (`elementId`, `attribute`, `fieldId`, `locale`, `keywords`) VALUES ('58', 'field', '4', 'en_us', '');
INSERT INTO `craft_searchindex` (`elementId`, `attribute`, `fieldId`, `locale`, `keywords`) VALUES ('58', 'field', '23', 'en_us', '');
INSERT INTO `craft_searchindex` (`elementId`, `attribute`, `fieldId`, `locale`, `keywords`) VALUES ('58', 'field', '13', 'en_us', '');
INSERT INTO `craft_searchindex` (`elementId`, `attribute`, `fieldId`, `locale`, `keywords`) VALUES ('58', 'field', '7', 'en_us', ' img 0905 ');
INSERT INTO `craft_searchindex` (`elementId`, `attribute`, `fieldId`, `locale`, `keywords`) VALUES ('58', 'field', '14', 'en_us', '');
INSERT INTO `craft_searchindex` (`elementId`, `attribute`, `fieldId`, `locale`, `keywords`) VALUES ('58', 'field', '1', 'en_us', '');
INSERT INTO `craft_searchindex` (`elementId`, `attribute`, `fieldId`, `locale`, `keywords`) VALUES ('58', 'field', '20', 'en_us', '');
INSERT INTO `craft_searchindex` (`elementId`, `attribute`, `fieldId`, `locale`, `keywords`) VALUES ('58', 'field', '11', 'en_us', '');
INSERT INTO `craft_searchindex` (`elementId`, `attribute`, `fieldId`, `locale`, `keywords`) VALUES ('58', 'field', '27', 'en_us', '');
INSERT INTO `craft_searchindex` (`elementId`, `attribute`, `fieldId`, `locale`, `keywords`) VALUES ('58', 'field', '15', 'en_us', '');
INSERT INTO `craft_searchindex` (`elementId`, `attribute`, `fieldId`, `locale`, `keywords`) VALUES ('58', 'field', '6', 'en_us', '');
INSERT INTO `craft_searchindex` (`elementId`, `attribute`, `fieldId`, `locale`, `keywords`) VALUES ('58', 'field', '18', 'en_us', '');
INSERT INTO `craft_searchindex` (`elementId`, `attribute`, `fieldId`, `locale`, `keywords`) VALUES ('58', 'field', '26', 'en_us', '');
INSERT INTO `craft_searchindex` (`elementId`, `attribute`, `fieldId`, `locale`, `keywords`) VALUES ('58', 'field', '19', 'en_us', '');
INSERT INTO `craft_searchindex` (`elementId`, `attribute`, `fieldId`, `locale`, `keywords`) VALUES ('58', 'field', '16', 'en_us', '');
INSERT INTO `craft_searchindex` (`elementId`, `attribute`, `fieldId`, `locale`, `keywords`) VALUES ('58', 'field', '31', 'en_us', '');
INSERT INTO `craft_searchindex` (`elementId`, `attribute`, `fieldId`, `locale`, `keywords`) VALUES ('58', 'field', '32', 'en_us', '');
INSERT INTO `craft_searchindex` (`elementId`, `attribute`, `fieldId`, `locale`, `keywords`) VALUES ('58', 'field', '33', 'en_us', '');
INSERT INTO `craft_searchindex` (`elementId`, `attribute`, `fieldId`, `locale`, `keywords`) VALUES ('58', 'field', '30', 'en_us', '');
INSERT INTO `craft_searchindex` (`elementId`, `attribute`, `fieldId`, `locale`, `keywords`) VALUES ('58', 'field', '21', 'en_us', '');
INSERT INTO `craft_searchindex` (`elementId`, `attribute`, `fieldId`, `locale`, `keywords`) VALUES ('58', 'field', '17', 'en_us', '');
INSERT INTO `craft_searchindex` (`elementId`, `attribute`, `fieldId`, `locale`, `keywords`) VALUES ('58', 'field', '24', 'en_us', '');
INSERT INTO `craft_searchindex` (`elementId`, `attribute`, `fieldId`, `locale`, `keywords`) VALUES ('58', 'field', '25', 'en_us', '');
INSERT INTO `craft_searchindex` (`elementId`, `attribute`, `fieldId`, `locale`, `keywords`) VALUES ('58', 'field', '3', 'en_us', '');
INSERT INTO `craft_searchindex` (`elementId`, `attribute`, `fieldId`, `locale`, `keywords`) VALUES ('58', 'field', '8', 'en_us', '');
INSERT INTO `craft_searchindex` (`elementId`, `attribute`, `fieldId`, `locale`, `keywords`) VALUES ('58', 'field', '10', 'en_us', ' dr martin tomitsch s primary research interest is the application of user centred interaction design methods and the study of user behaviours to inform the development of novel interfaces and interaction techniques for everyday life in his research work he emphasises the design and evaluation of new approaches to human computer interaction ');
INSERT INTO `craft_searchindex` (`elementId`, `attribute`, `fieldId`, `locale`, `keywords`) VALUES ('58', 'field', '34', 'en_us', ' computational design ');
INSERT INTO `craft_searchindex` (`elementId`, `attribute`, `fieldId`, `locale`, `keywords`) VALUES ('58', 'field', '9', 'en_us', '');
INSERT INTO `craft_searchindex` (`elementId`, `attribute`, `fieldId`, `locale`, `keywords`) VALUES ('65', 'field', '2', 'en_us', '');
INSERT INTO `craft_searchindex` (`elementId`, `attribute`, `fieldId`, `locale`, `keywords`) VALUES ('65', 'field', '28', 'en_us', '');
INSERT INTO `craft_searchindex` (`elementId`, `attribute`, `fieldId`, `locale`, `keywords`) VALUES ('65', 'field', '29', 'en_us', '');
INSERT INTO `craft_searchindex` (`elementId`, `attribute`, `fieldId`, `locale`, `keywords`) VALUES ('65', 'field', '5', 'en_us', '');
INSERT INTO `craft_searchindex` (`elementId`, `attribute`, `fieldId`, `locale`, `keywords`) VALUES ('65', 'field', '22', 'en_us', '');
INSERT INTO `craft_searchindex` (`elementId`, `attribute`, `fieldId`, `locale`, `keywords`) VALUES ('65', 'field', '12', 'en_us', '');
INSERT INTO `craft_searchindex` (`elementId`, `attribute`, `fieldId`, `locale`, `keywords`) VALUES ('65', 'field', '4', 'en_us', '');
INSERT INTO `craft_searchindex` (`elementId`, `attribute`, `fieldId`, `locale`, `keywords`) VALUES ('65', 'field', '23', 'en_us', '');
INSERT INTO `craft_searchindex` (`elementId`, `attribute`, `fieldId`, `locale`, `keywords`) VALUES ('65', 'field', '13', 'en_us', '');
INSERT INTO `craft_searchindex` (`elementId`, `attribute`, `fieldId`, `locale`, `keywords`) VALUES ('65', 'field', '7', 'en_us', '');
INSERT INTO `craft_searchindex` (`elementId`, `attribute`, `fieldId`, `locale`, `keywords`) VALUES ('65', 'field', '14', 'en_us', '');
INSERT INTO `craft_searchindex` (`elementId`, `attribute`, `fieldId`, `locale`, `keywords`) VALUES ('65', 'field', '1', 'en_us', '');
INSERT INTO `craft_searchindex` (`elementId`, `attribute`, `fieldId`, `locale`, `keywords`) VALUES ('65', 'field', '20', 'en_us', '');
INSERT INTO `craft_searchindex` (`elementId`, `attribute`, `fieldId`, `locale`, `keywords`) VALUES ('65', 'field', '11', 'en_us', '');
INSERT INTO `craft_searchindex` (`elementId`, `attribute`, `fieldId`, `locale`, `keywords`) VALUES ('65', 'field', '27', 'en_us', '');
INSERT INTO `craft_searchindex` (`elementId`, `attribute`, `fieldId`, `locale`, `keywords`) VALUES ('65', 'field', '15', 'en_us', '');
INSERT INTO `craft_searchindex` (`elementId`, `attribute`, `fieldId`, `locale`, `keywords`) VALUES ('65', 'field', '6', 'en_us', '');
INSERT INTO `craft_searchindex` (`elementId`, `attribute`, `fieldId`, `locale`, `keywords`) VALUES ('65', 'field', '18', 'en_us', '');
INSERT INTO `craft_searchindex` (`elementId`, `attribute`, `fieldId`, `locale`, `keywords`) VALUES ('65', 'field', '26', 'en_us', '');
INSERT INTO `craft_searchindex` (`elementId`, `attribute`, `fieldId`, `locale`, `keywords`) VALUES ('65', 'field', '19', 'en_us', '');
INSERT INTO `craft_searchindex` (`elementId`, `attribute`, `fieldId`, `locale`, `keywords`) VALUES ('65', 'field', '16', 'en_us', '');
INSERT INTO `craft_searchindex` (`elementId`, `attribute`, `fieldId`, `locale`, `keywords`) VALUES ('65', 'field', '31', 'en_us', '');
INSERT INTO `craft_searchindex` (`elementId`, `attribute`, `fieldId`, `locale`, `keywords`) VALUES ('65', 'field', '32', 'en_us', '');
INSERT INTO `craft_searchindex` (`elementId`, `attribute`, `fieldId`, `locale`, `keywords`) VALUES ('65', 'field', '33', 'en_us', '');
INSERT INTO `craft_searchindex` (`elementId`, `attribute`, `fieldId`, `locale`, `keywords`) VALUES ('65', 'field', '30', 'en_us', '');
INSERT INTO `craft_searchindex` (`elementId`, `attribute`, `fieldId`, `locale`, `keywords`) VALUES ('65', 'field', '21', 'en_us', '');
INSERT INTO `craft_searchindex` (`elementId`, `attribute`, `fieldId`, `locale`, `keywords`) VALUES ('65', 'field', '17', 'en_us', '');
INSERT INTO `craft_searchindex` (`elementId`, `attribute`, `fieldId`, `locale`, `keywords`) VALUES ('65', 'field', '24', 'en_us', '');
INSERT INTO `craft_searchindex` (`elementId`, `attribute`, `fieldId`, `locale`, `keywords`) VALUES ('65', 'field', '25', 'en_us', '');
INSERT INTO `craft_searchindex` (`elementId`, `attribute`, `fieldId`, `locale`, `keywords`) VALUES ('65', 'field', '3', 'en_us', '');
INSERT INTO `craft_searchindex` (`elementId`, `attribute`, `fieldId`, `locale`, `keywords`) VALUES ('65', 'field', '8', 'en_us', '');
INSERT INTO `craft_searchindex` (`elementId`, `attribute`, `fieldId`, `locale`, `keywords`) VALUES ('65', 'field', '10', 'en_us', '');
INSERT INTO `craft_searchindex` (`elementId`, `attribute`, `fieldId`, `locale`, `keywords`) VALUES ('65', 'field', '34', 'en_us', '');
INSERT INTO `craft_searchindex` (`elementId`, `attribute`, `fieldId`, `locale`, `keywords`) VALUES ('65', 'field', '9', 'en_us', '');
INSERT INTO `craft_searchindex` (`elementId`, `attribute`, `fieldId`, `locale`, `keywords`) VALUES ('65', 'filename', '0', 'en_us', ' img_0905 jpg ');
INSERT INTO `craft_searchindex` (`elementId`, `attribute`, `fieldId`, `locale`, `keywords`) VALUES ('65', 'extension', '0', 'en_us', ' jpg ');
INSERT INTO `craft_searchindex` (`elementId`, `attribute`, `fieldId`, `locale`, `keywords`) VALUES ('65', 'kind', '0', 'en_us', ' image ');
INSERT INTO `craft_searchindex` (`elementId`, `attribute`, `fieldId`, `locale`, `keywords`) VALUES ('65', 'title', '0', 'en_us', ' img 0905 ');
INSERT INTO `craft_searchindex` (`elementId`, `attribute`, `fieldId`, `locale`, `keywords`) VALUES ('66', 'slug', '0', 'en_us', ' ubiqlog a generic mobile phone based life log framework ');
INSERT INTO `craft_searchindex` (`elementId`, `attribute`, `fieldId`, `locale`, `keywords`) VALUES ('66', 'title', '0', 'en_us', ' ubiqlog a generic mobile phone based life log framework ');
INSERT INTO `craft_searchindex` (`elementId`, `attribute`, `fieldId`, `locale`, `keywords`) VALUES ('66', 'field', '2', 'en_us', '');
INSERT INTO `craft_searchindex` (`elementId`, `attribute`, `fieldId`, `locale`, `keywords`) VALUES ('66', 'field', '28', 'en_us', '');
INSERT INTO `craft_searchindex` (`elementId`, `attribute`, `fieldId`, `locale`, `keywords`) VALUES ('66', 'field', '29', 'en_us', ' martin tomitsch ');
INSERT INTO `craft_searchindex` (`elementId`, `attribute`, `fieldId`, `locale`, `keywords`) VALUES ('66', 'field', '5', 'en_us', '');
INSERT INTO `craft_searchindex` (`elementId`, `attribute`, `fieldId`, `locale`, `keywords`) VALUES ('66', 'field', '22', 'en_us', '');
INSERT INTO `craft_searchindex` (`elementId`, `attribute`, `fieldId`, `locale`, `keywords`) VALUES ('66', 'field', '12', 'en_us', '');
INSERT INTO `craft_searchindex` (`elementId`, `attribute`, `fieldId`, `locale`, `keywords`) VALUES ('66', 'field', '4', 'en_us', '');
INSERT INTO `craft_searchindex` (`elementId`, `attribute`, `fieldId`, `locale`, `keywords`) VALUES ('66', 'field', '23', 'en_us', '');
INSERT INTO `craft_searchindex` (`elementId`, `attribute`, `fieldId`, `locale`, `keywords`) VALUES ('66', 'field', '13', 'en_us', '');
INSERT INTO `craft_searchindex` (`elementId`, `attribute`, `fieldId`, `locale`, `keywords`) VALUES ('66', 'field', '7', 'en_us', '');
INSERT INTO `craft_searchindex` (`elementId`, `attribute`, `fieldId`, `locale`, `keywords`) VALUES ('66', 'field', '14', 'en_us', '');
INSERT INTO `craft_searchindex` (`elementId`, `attribute`, `fieldId`, `locale`, `keywords`) VALUES ('66', 'field', '1', 'en_us', '');
INSERT INTO `craft_searchindex` (`elementId`, `attribute`, `fieldId`, `locale`, `keywords`) VALUES ('66', 'field', '20', 'en_us', '');
INSERT INTO `craft_searchindex` (`elementId`, `attribute`, `fieldId`, `locale`, `keywords`) VALUES ('66', 'field', '11', 'en_us', '');
INSERT INTO `craft_searchindex` (`elementId`, `attribute`, `fieldId`, `locale`, `keywords`) VALUES ('66', 'field', '27', 'en_us', '');
INSERT INTO `craft_searchindex` (`elementId`, `attribute`, `fieldId`, `locale`, `keywords`) VALUES ('66', 'field', '15', 'en_us', '');
INSERT INTO `craft_searchindex` (`elementId`, `attribute`, `fieldId`, `locale`, `keywords`) VALUES ('66', 'field', '6', 'en_us', '');
INSERT INTO `craft_searchindex` (`elementId`, `attribute`, `fieldId`, `locale`, `keywords`) VALUES ('66', 'field', '18', 'en_us', '');
INSERT INTO `craft_searchindex` (`elementId`, `attribute`, `fieldId`, `locale`, `keywords`) VALUES ('66', 'field', '26', 'en_us', '');
INSERT INTO `craft_searchindex` (`elementId`, `attribute`, `fieldId`, `locale`, `keywords`) VALUES ('66', 'field', '19', 'en_us', '');
INSERT INTO `craft_searchindex` (`elementId`, `attribute`, `fieldId`, `locale`, `keywords`) VALUES ('66', 'field', '16', 'en_us', '');
INSERT INTO `craft_searchindex` (`elementId`, `attribute`, `fieldId`, `locale`, `keywords`) VALUES ('66', 'field', '31', 'en_us', ' a key challenge for creating large interactive displays in public spaces is in the definition of ways for the user to interact that are effective and easy to learn this paper presents the outcomes of user evaluation sessions designed to test a series of different gestures for people interacting with large displays in the public space it is an initial step towards the broader goal of establishing a natural means for immersive interactions the paper proposes a set of simple gestures for the execution of the basic actions of selecting and rearranging items in a large scale dashboard we performed a comparative analysis of the gestures leading to a more in depth understanding of the nature of spatial interaction between people and large public displays more specifically the analysis focuses on the scenarios when the interaction is restricted to an individual s own body without any further assistance from associated devices the findings converge into the elaboration of a model for assisting with the applicability of spatial gestures in response to both the context and the content they are applied to ');
INSERT INTO `craft_searchindex` (`elementId`, `attribute`, `fieldId`, `locale`, `keywords`) VALUES ('66', 'field', '32', 'en_us', '');
INSERT INTO `craft_searchindex` (`elementId`, `attribute`, `fieldId`, `locale`, `keywords`) VALUES ('66', 'field', '33', 'en_us', '');
INSERT INTO `craft_searchindex` (`elementId`, `attribute`, `fieldId`, `locale`, `keywords`) VALUES ('66', 'field', '30', 'en_us', '');
INSERT INTO `craft_searchindex` (`elementId`, `attribute`, `fieldId`, `locale`, `keywords`) VALUES ('66', 'field', '21', 'en_us', '');
INSERT INTO `craft_searchindex` (`elementId`, `attribute`, `fieldId`, `locale`, `keywords`) VALUES ('66', 'field', '17', 'en_us', '');
INSERT INTO `craft_searchindex` (`elementId`, `attribute`, `fieldId`, `locale`, `keywords`) VALUES ('66', 'field', '24', 'en_us', '');
INSERT INTO `craft_searchindex` (`elementId`, `attribute`, `fieldId`, `locale`, `keywords`) VALUES ('66', 'field', '25', 'en_us', '');
INSERT INTO `craft_searchindex` (`elementId`, `attribute`, `fieldId`, `locale`, `keywords`) VALUES ('66', 'field', '3', 'en_us', '');
INSERT INTO `craft_searchindex` (`elementId`, `attribute`, `fieldId`, `locale`, `keywords`) VALUES ('66', 'field', '8', 'en_us', '');
INSERT INTO `craft_searchindex` (`elementId`, `attribute`, `fieldId`, `locale`, `keywords`) VALUES ('66', 'field', '10', 'en_us', '');
INSERT INTO `craft_searchindex` (`elementId`, `attribute`, `fieldId`, `locale`, `keywords`) VALUES ('66', 'field', '34', 'en_us', '');
INSERT INTO `craft_searchindex` (`elementId`, `attribute`, `fieldId`, `locale`, `keywords`) VALUES ('66', 'field', '9', 'en_us', '');
INSERT INTO `craft_searchindex` (`elementId`, `attribute`, `fieldId`, `locale`, `keywords`) VALUES ('67', 'username', '0', 'en_us', ' obown ');
INSERT INTO `craft_searchindex` (`elementId`, `attribute`, `fieldId`, `locale`, `keywords`) VALUES ('67', 'firstname', '0', 'en_us', ' olliver ');
INSERT INTO `craft_searchindex` (`elementId`, `attribute`, `fieldId`, `locale`, `keywords`) VALUES ('67', 'lastname', '0', 'en_us', ' bown ');
INSERT INTO `craft_searchindex` (`elementId`, `attribute`, `fieldId`, `locale`, `keywords`) VALUES ('67', 'fullname', '0', 'en_us', ' olliver bown ');
INSERT INTO `craft_searchindex` (`elementId`, `attribute`, `fieldId`, `locale`, `keywords`) VALUES ('67', 'email', '0', 'en_us', ' ob g com ');
INSERT INTO `craft_searchindex` (`elementId`, `attribute`, `fieldId`, `locale`, `keywords`) VALUES ('68', 'field', '2', 'en_us', '');
INSERT INTO `craft_searchindex` (`elementId`, `attribute`, `fieldId`, `locale`, `keywords`) VALUES ('68', 'field', '28', 'en_us', '');
INSERT INTO `craft_searchindex` (`elementId`, `attribute`, `fieldId`, `locale`, `keywords`) VALUES ('68', 'field', '29', 'en_us', '');
INSERT INTO `craft_searchindex` (`elementId`, `attribute`, `fieldId`, `locale`, `keywords`) VALUES ('68', 'field', '5', 'en_us', '');
INSERT INTO `craft_searchindex` (`elementId`, `attribute`, `fieldId`, `locale`, `keywords`) VALUES ('68', 'field', '22', 'en_us', '');
INSERT INTO `craft_searchindex` (`elementId`, `attribute`, `fieldId`, `locale`, `keywords`) VALUES ('68', 'field', '12', 'en_us', '');
INSERT INTO `craft_searchindex` (`elementId`, `attribute`, `fieldId`, `locale`, `keywords`) VALUES ('68', 'field', '4', 'en_us', '');
INSERT INTO `craft_searchindex` (`elementId`, `attribute`, `fieldId`, `locale`, `keywords`) VALUES ('68', 'field', '23', 'en_us', '');
INSERT INTO `craft_searchindex` (`elementId`, `attribute`, `fieldId`, `locale`, `keywords`) VALUES ('68', 'field', '13', 'en_us', '');
INSERT INTO `craft_searchindex` (`elementId`, `attribute`, `fieldId`, `locale`, `keywords`) VALUES ('68', 'field', '7', 'en_us', '');
INSERT INTO `craft_searchindex` (`elementId`, `attribute`, `fieldId`, `locale`, `keywords`) VALUES ('68', 'field', '14', 'en_us', '');
INSERT INTO `craft_searchindex` (`elementId`, `attribute`, `fieldId`, `locale`, `keywords`) VALUES ('68', 'field', '1', 'en_us', '');
INSERT INTO `craft_searchindex` (`elementId`, `attribute`, `fieldId`, `locale`, `keywords`) VALUES ('68', 'field', '20', 'en_us', '');
INSERT INTO `craft_searchindex` (`elementId`, `attribute`, `fieldId`, `locale`, `keywords`) VALUES ('68', 'field', '11', 'en_us', '');
INSERT INTO `craft_searchindex` (`elementId`, `attribute`, `fieldId`, `locale`, `keywords`) VALUES ('68', 'field', '27', 'en_us', '');
INSERT INTO `craft_searchindex` (`elementId`, `attribute`, `fieldId`, `locale`, `keywords`) VALUES ('68', 'field', '15', 'en_us', '');
INSERT INTO `craft_searchindex` (`elementId`, `attribute`, `fieldId`, `locale`, `keywords`) VALUES ('68', 'field', '6', 'en_us', '');
INSERT INTO `craft_searchindex` (`elementId`, `attribute`, `fieldId`, `locale`, `keywords`) VALUES ('68', 'field', '18', 'en_us', '');
INSERT INTO `craft_searchindex` (`elementId`, `attribute`, `fieldId`, `locale`, `keywords`) VALUES ('68', 'field', '26', 'en_us', '');
INSERT INTO `craft_searchindex` (`elementId`, `attribute`, `fieldId`, `locale`, `keywords`) VALUES ('68', 'field', '19', 'en_us', '');
INSERT INTO `craft_searchindex` (`elementId`, `attribute`, `fieldId`, `locale`, `keywords`) VALUES ('68', 'field', '16', 'en_us', '');
INSERT INTO `craft_searchindex` (`elementId`, `attribute`, `fieldId`, `locale`, `keywords`) VALUES ('68', 'field', '31', 'en_us', '');
INSERT INTO `craft_searchindex` (`elementId`, `attribute`, `fieldId`, `locale`, `keywords`) VALUES ('68', 'field', '32', 'en_us', '');
INSERT INTO `craft_searchindex` (`elementId`, `attribute`, `fieldId`, `locale`, `keywords`) VALUES ('68', 'field', '33', 'en_us', '');
INSERT INTO `craft_searchindex` (`elementId`, `attribute`, `fieldId`, `locale`, `keywords`) VALUES ('68', 'field', '30', 'en_us', '');
INSERT INTO `craft_searchindex` (`elementId`, `attribute`, `fieldId`, `locale`, `keywords`) VALUES ('68', 'field', '21', 'en_us', '');
INSERT INTO `craft_searchindex` (`elementId`, `attribute`, `fieldId`, `locale`, `keywords`) VALUES ('68', 'field', '17', 'en_us', '');
INSERT INTO `craft_searchindex` (`elementId`, `attribute`, `fieldId`, `locale`, `keywords`) VALUES ('68', 'field', '24', 'en_us', '');
INSERT INTO `craft_searchindex` (`elementId`, `attribute`, `fieldId`, `locale`, `keywords`) VALUES ('68', 'field', '25', 'en_us', '');
INSERT INTO `craft_searchindex` (`elementId`, `attribute`, `fieldId`, `locale`, `keywords`) VALUES ('68', 'field', '3', 'en_us', '');
INSERT INTO `craft_searchindex` (`elementId`, `attribute`, `fieldId`, `locale`, `keywords`) VALUES ('68', 'field', '8', 'en_us', '');
INSERT INTO `craft_searchindex` (`elementId`, `attribute`, `fieldId`, `locale`, `keywords`) VALUES ('68', 'field', '10', 'en_us', '');
INSERT INTO `craft_searchindex` (`elementId`, `attribute`, `fieldId`, `locale`, `keywords`) VALUES ('68', 'field', '34', 'en_us', '');
INSERT INTO `craft_searchindex` (`elementId`, `attribute`, `fieldId`, `locale`, `keywords`) VALUES ('68', 'field', '9', 'en_us', '');
INSERT INTO `craft_searchindex` (`elementId`, `attribute`, `fieldId`, `locale`, `keywords`) VALUES ('68', 'filename', '0', 'en_us', ' oliver_bown 5 jpg ');
INSERT INTO `craft_searchindex` (`elementId`, `attribute`, `fieldId`, `locale`, `keywords`) VALUES ('68', 'extension', '0', 'en_us', ' jpg ');
INSERT INTO `craft_searchindex` (`elementId`, `attribute`, `fieldId`, `locale`, `keywords`) VALUES ('68', 'kind', '0', 'en_us', ' image ');
INSERT INTO `craft_searchindex` (`elementId`, `attribute`, `fieldId`, `locale`, `keywords`) VALUES ('68', 'title', '0', 'en_us', ' oliver bown 5 ');
INSERT INTO `craft_searchindex` (`elementId`, `attribute`, `fieldId`, `locale`, `keywords`) VALUES ('67', 'field', '2', 'en_us', '');
INSERT INTO `craft_searchindex` (`elementId`, `attribute`, `fieldId`, `locale`, `keywords`) VALUES ('67', 'field', '28', 'en_us', '');
INSERT INTO `craft_searchindex` (`elementId`, `attribute`, `fieldId`, `locale`, `keywords`) VALUES ('67', 'field', '29', 'en_us', '');
INSERT INTO `craft_searchindex` (`elementId`, `attribute`, `fieldId`, `locale`, `keywords`) VALUES ('67', 'field', '5', 'en_us', ' idea ');
INSERT INTO `craft_searchindex` (`elementId`, `attribute`, `fieldId`, `locale`, `keywords`) VALUES ('67', 'field', '22', 'en_us', '');
INSERT INTO `craft_searchindex` (`elementId`, `attribute`, `fieldId`, `locale`, `keywords`) VALUES ('67', 'field', '12', 'en_us', '');
INSERT INTO `craft_searchindex` (`elementId`, `attribute`, `fieldId`, `locale`, `keywords`) VALUES ('67', 'field', '4', 'en_us', '');
INSERT INTO `craft_searchindex` (`elementId`, `attribute`, `fieldId`, `locale`, `keywords`) VALUES ('67', 'field', '23', 'en_us', '');
INSERT INTO `craft_searchindex` (`elementId`, `attribute`, `fieldId`, `locale`, `keywords`) VALUES ('67', 'field', '13', 'en_us', '');
INSERT INTO `craft_searchindex` (`elementId`, `attribute`, `fieldId`, `locale`, `keywords`) VALUES ('67', 'field', '7', 'en_us', ' oliver bown 5 ');
INSERT INTO `craft_searchindex` (`elementId`, `attribute`, `fieldId`, `locale`, `keywords`) VALUES ('67', 'field', '14', 'en_us', '');
INSERT INTO `craft_searchindex` (`elementId`, `attribute`, `fieldId`, `locale`, `keywords`) VALUES ('67', 'field', '1', 'en_us', '');
INSERT INTO `craft_searchindex` (`elementId`, `attribute`, `fieldId`, `locale`, `keywords`) VALUES ('67', 'field', '20', 'en_us', '');
INSERT INTO `craft_searchindex` (`elementId`, `attribute`, `fieldId`, `locale`, `keywords`) VALUES ('67', 'field', '11', 'en_us', '');
INSERT INTO `craft_searchindex` (`elementId`, `attribute`, `fieldId`, `locale`, `keywords`) VALUES ('67', 'field', '27', 'en_us', '');
INSERT INTO `craft_searchindex` (`elementId`, `attribute`, `fieldId`, `locale`, `keywords`) VALUES ('67', 'field', '15', 'en_us', '');
INSERT INTO `craft_searchindex` (`elementId`, `attribute`, `fieldId`, `locale`, `keywords`) VALUES ('67', 'field', '6', 'en_us', '');
INSERT INTO `craft_searchindex` (`elementId`, `attribute`, `fieldId`, `locale`, `keywords`) VALUES ('67', 'field', '18', 'en_us', '');
INSERT INTO `craft_searchindex` (`elementId`, `attribute`, `fieldId`, `locale`, `keywords`) VALUES ('67', 'field', '26', 'en_us', '');
INSERT INTO `craft_searchindex` (`elementId`, `attribute`, `fieldId`, `locale`, `keywords`) VALUES ('67', 'field', '19', 'en_us', '');
INSERT INTO `craft_searchindex` (`elementId`, `attribute`, `fieldId`, `locale`, `keywords`) VALUES ('67', 'field', '16', 'en_us', '');
INSERT INTO `craft_searchindex` (`elementId`, `attribute`, `fieldId`, `locale`, `keywords`) VALUES ('67', 'field', '31', 'en_us', '');
INSERT INTO `craft_searchindex` (`elementId`, `attribute`, `fieldId`, `locale`, `keywords`) VALUES ('67', 'field', '32', 'en_us', '');
INSERT INTO `craft_searchindex` (`elementId`, `attribute`, `fieldId`, `locale`, `keywords`) VALUES ('67', 'field', '33', 'en_us', '');
INSERT INTO `craft_searchindex` (`elementId`, `attribute`, `fieldId`, `locale`, `keywords`) VALUES ('67', 'field', '30', 'en_us', '');
INSERT INTO `craft_searchindex` (`elementId`, `attribute`, `fieldId`, `locale`, `keywords`) VALUES ('67', 'field', '21', 'en_us', '');
INSERT INTO `craft_searchindex` (`elementId`, `attribute`, `fieldId`, `locale`, `keywords`) VALUES ('67', 'field', '17', 'en_us', '');
INSERT INTO `craft_searchindex` (`elementId`, `attribute`, `fieldId`, `locale`, `keywords`) VALUES ('67', 'field', '24', 'en_us', '');
INSERT INTO `craft_searchindex` (`elementId`, `attribute`, `fieldId`, `locale`, `keywords`) VALUES ('67', 'field', '25', 'en_us', '');
INSERT INTO `craft_searchindex` (`elementId`, `attribute`, `fieldId`, `locale`, `keywords`) VALUES ('67', 'field', '3', 'en_us', '');
INSERT INTO `craft_searchindex` (`elementId`, `attribute`, `fieldId`, `locale`, `keywords`) VALUES ('67', 'field', '8', 'en_us', '');
INSERT INTO `craft_searchindex` (`elementId`, `attribute`, `fieldId`, `locale`, `keywords`) VALUES ('67', 'field', '10', 'en_us', ' oliver bown is a british researcher and electronic music practitioner he joined the design lab at the faculty of architecture design and planning in june 2011 his research interests include digital music music software and performance systems computational creativity biologically inspired computing complex systems and ecosystems multi agent modelling models and theories of cultural dynamics and human evolution particularly with respect to human artistic behaviour ');
INSERT INTO `craft_searchindex` (`elementId`, `attribute`, `fieldId`, `locale`, `keywords`) VALUES ('67', 'field', '34', 'en_us', ' computational design ');
INSERT INTO `craft_searchindex` (`elementId`, `attribute`, `fieldId`, `locale`, `keywords`) VALUES ('67', 'field', '9', 'en_us', '');
INSERT INTO `craft_searchindex` (`elementId`, `attribute`, `fieldId`, `locale`, `keywords`) VALUES ('69', 'field', '2', 'en_us', '');
INSERT INTO `craft_searchindex` (`elementId`, `attribute`, `fieldId`, `locale`, `keywords`) VALUES ('69', 'field', '28', 'en_us', '');
INSERT INTO `craft_searchindex` (`elementId`, `attribute`, `fieldId`, `locale`, `keywords`) VALUES ('69', 'field', '29', 'en_us', '');
INSERT INTO `craft_searchindex` (`elementId`, `attribute`, `fieldId`, `locale`, `keywords`) VALUES ('69', 'field', '5', 'en_us', '');
INSERT INTO `craft_searchindex` (`elementId`, `attribute`, `fieldId`, `locale`, `keywords`) VALUES ('69', 'field', '22', 'en_us', '');
INSERT INTO `craft_searchindex` (`elementId`, `attribute`, `fieldId`, `locale`, `keywords`) VALUES ('69', 'field', '12', 'en_us', '');
INSERT INTO `craft_searchindex` (`elementId`, `attribute`, `fieldId`, `locale`, `keywords`) VALUES ('69', 'field', '4', 'en_us', '');
INSERT INTO `craft_searchindex` (`elementId`, `attribute`, `fieldId`, `locale`, `keywords`) VALUES ('69', 'field', '23', 'en_us', '');
INSERT INTO `craft_searchindex` (`elementId`, `attribute`, `fieldId`, `locale`, `keywords`) VALUES ('69', 'field', '13', 'en_us', '');
INSERT INTO `craft_searchindex` (`elementId`, `attribute`, `fieldId`, `locale`, `keywords`) VALUES ('69', 'field', '7', 'en_us', '');
INSERT INTO `craft_searchindex` (`elementId`, `attribute`, `fieldId`, `locale`, `keywords`) VALUES ('69', 'field', '14', 'en_us', '');
INSERT INTO `craft_searchindex` (`elementId`, `attribute`, `fieldId`, `locale`, `keywords`) VALUES ('69', 'field', '1', 'en_us', '');
INSERT INTO `craft_searchindex` (`elementId`, `attribute`, `fieldId`, `locale`, `keywords`) VALUES ('69', 'field', '20', 'en_us', '');
INSERT INTO `craft_searchindex` (`elementId`, `attribute`, `fieldId`, `locale`, `keywords`) VALUES ('69', 'field', '11', 'en_us', '');
INSERT INTO `craft_searchindex` (`elementId`, `attribute`, `fieldId`, `locale`, `keywords`) VALUES ('69', 'field', '27', 'en_us', '');
INSERT INTO `craft_searchindex` (`elementId`, `attribute`, `fieldId`, `locale`, `keywords`) VALUES ('69', 'field', '15', 'en_us', '');
INSERT INTO `craft_searchindex` (`elementId`, `attribute`, `fieldId`, `locale`, `keywords`) VALUES ('69', 'field', '6', 'en_us', '');
INSERT INTO `craft_searchindex` (`elementId`, `attribute`, `fieldId`, `locale`, `keywords`) VALUES ('69', 'field', '18', 'en_us', '');
INSERT INTO `craft_searchindex` (`elementId`, `attribute`, `fieldId`, `locale`, `keywords`) VALUES ('69', 'field', '26', 'en_us', '');
INSERT INTO `craft_searchindex` (`elementId`, `attribute`, `fieldId`, `locale`, `keywords`) VALUES ('69', 'field', '19', 'en_us', '');
INSERT INTO `craft_searchindex` (`elementId`, `attribute`, `fieldId`, `locale`, `keywords`) VALUES ('69', 'field', '16', 'en_us', '');
INSERT INTO `craft_searchindex` (`elementId`, `attribute`, `fieldId`, `locale`, `keywords`) VALUES ('69', 'field', '31', 'en_us', '');
INSERT INTO `craft_searchindex` (`elementId`, `attribute`, `fieldId`, `locale`, `keywords`) VALUES ('69', 'field', '32', 'en_us', '');
INSERT INTO `craft_searchindex` (`elementId`, `attribute`, `fieldId`, `locale`, `keywords`) VALUES ('69', 'field', '33', 'en_us', '');
INSERT INTO `craft_searchindex` (`elementId`, `attribute`, `fieldId`, `locale`, `keywords`) VALUES ('69', 'field', '30', 'en_us', '');
INSERT INTO `craft_searchindex` (`elementId`, `attribute`, `fieldId`, `locale`, `keywords`) VALUES ('69', 'field', '21', 'en_us', '');
INSERT INTO `craft_searchindex` (`elementId`, `attribute`, `fieldId`, `locale`, `keywords`) VALUES ('69', 'field', '17', 'en_us', '');
INSERT INTO `craft_searchindex` (`elementId`, `attribute`, `fieldId`, `locale`, `keywords`) VALUES ('69', 'field', '24', 'en_us', '');
INSERT INTO `craft_searchindex` (`elementId`, `attribute`, `fieldId`, `locale`, `keywords`) VALUES ('69', 'field', '25', 'en_us', '');
INSERT INTO `craft_searchindex` (`elementId`, `attribute`, `fieldId`, `locale`, `keywords`) VALUES ('69', 'field', '3', 'en_us', '');
INSERT INTO `craft_searchindex` (`elementId`, `attribute`, `fieldId`, `locale`, `keywords`) VALUES ('69', 'field', '8', 'en_us', '');
INSERT INTO `craft_searchindex` (`elementId`, `attribute`, `fieldId`, `locale`, `keywords`) VALUES ('69', 'field', '10', 'en_us', '');
INSERT INTO `craft_searchindex` (`elementId`, `attribute`, `fieldId`, `locale`, `keywords`) VALUES ('69', 'field', '34', 'en_us', '');
INSERT INTO `craft_searchindex` (`elementId`, `attribute`, `fieldId`, `locale`, `keywords`) VALUES ('69', 'field', '9', 'en_us', '');
INSERT INTO `craft_searchindex` (`elementId`, `attribute`, `fieldId`, `locale`, `keywords`) VALUES ('69', 'filename', '0', 'en_us', ' solstice1 jpg ');
INSERT INTO `craft_searchindex` (`elementId`, `attribute`, `fieldId`, `locale`, `keywords`) VALUES ('69', 'extension', '0', 'en_us', ' jpg ');
INSERT INTO `craft_searchindex` (`elementId`, `attribute`, `fieldId`, `locale`, `keywords`) VALUES ('69', 'kind', '0', 'en_us', ' image ');
INSERT INTO `craft_searchindex` (`elementId`, `attribute`, `fieldId`, `locale`, `keywords`) VALUES ('69', 'title', '0', 'en_us', ' solstice1 ');
INSERT INTO `craft_searchindex` (`elementId`, `attribute`, `fieldId`, `locale`, `keywords`) VALUES ('70', 'slug', '0', 'en_us', ' solstice lamp ');
INSERT INTO `craft_searchindex` (`elementId`, `attribute`, `fieldId`, `locale`, `keywords`) VALUES ('70', 'title', '0', 'en_us', ' solstice lamp ');
INSERT INTO `craft_searchindex` (`elementId`, `attribute`, `fieldId`, `locale`, `keywords`) VALUES ('71', 'name', '0', 'en_us', ' vivid ');
INSERT INTO `craft_searchindex` (`elementId`, `attribute`, `fieldId`, `locale`, `keywords`) VALUES ('70', 'field', '2', 'en_us', ' researchers from the faculty of architecture design and planning s design lab have collaborated with students from the interaction design and electronic arts program to produce solstice lamp a building scale light and sound projection that will delight visitors to sydney s circular quay the amp building facade will be hijacked by laser projectors and immersive sounds for the duration of the vivid lights festival 2013 visitors to the building s forecourt will pass by 3d cameras that will capture their motion and interpret it as a series of points of data the configuration of this data will control projections that surround the passersby and envelope them in a soothing blue glow with time the projections become independent of their human hosts and begin to move ethereally upwards the projections travel is accompanied by serene music that reflects the otherworldly nature of the projection s detatchment from their human stimuli the projections morph in turn transforming the music as they continue their upward travel reflecting the process of abstraction from individual to concept the projections eventually form geometric squares before reaching the building s zenith where they flourish into the logo of our major sponsor amplify solsticelamp reflects not only a modern use of technology in a public setting but the transformation of private courtyard to public space from individual to crowd and from confusion to wonder ');
INSERT INTO `craft_searchindex` (`elementId`, `attribute`, `fieldId`, `locale`, `keywords`) VALUES ('70', 'field', '28', 'en_us', '');
INSERT INTO `craft_searchindex` (`elementId`, `attribute`, `fieldId`, `locale`, `keywords`) VALUES ('70', 'field', '29', 'en_us', '');
INSERT INTO `craft_searchindex` (`elementId`, `attribute`, `fieldId`, `locale`, `keywords`) VALUES ('70', 'field', '5', 'en_us', '');
INSERT INTO `craft_searchindex` (`elementId`, `attribute`, `fieldId`, `locale`, `keywords`) VALUES ('70', 'field', '22', 'en_us', '');
INSERT INTO `craft_searchindex` (`elementId`, `attribute`, `fieldId`, `locale`, `keywords`) VALUES ('70', 'field', '12', 'en_us', '');
INSERT INTO `craft_searchindex` (`elementId`, `attribute`, `fieldId`, `locale`, `keywords`) VALUES ('70', 'field', '4', 'en_us', '');
INSERT INTO `craft_searchindex` (`elementId`, `attribute`, `fieldId`, `locale`, `keywords`) VALUES ('70', 'field', '23', 'en_us', '');
INSERT INTO `craft_searchindex` (`elementId`, `attribute`, `fieldId`, `locale`, `keywords`) VALUES ('70', 'field', '13', 'en_us', '');
INSERT INTO `craft_searchindex` (`elementId`, `attribute`, `fieldId`, `locale`, `keywords`) VALUES ('70', 'field', '7', 'en_us', ' solstice1 ');
INSERT INTO `craft_searchindex` (`elementId`, `attribute`, `fieldId`, `locale`, `keywords`) VALUES ('70', 'field', '14', 'en_us', '');
INSERT INTO `craft_searchindex` (`elementId`, `attribute`, `fieldId`, `locale`, `keywords`) VALUES ('70', 'field', '1', 'en_us', '');
INSERT INTO `craft_searchindex` (`elementId`, `attribute`, `fieldId`, `locale`, `keywords`) VALUES ('70', 'field', '20', 'en_us', '');
INSERT INTO `craft_searchindex` (`elementId`, `attribute`, `fieldId`, `locale`, `keywords`) VALUES ('70', 'field', '11', 'en_us', '');
INSERT INTO `craft_searchindex` (`elementId`, `attribute`, `fieldId`, `locale`, `keywords`) VALUES ('70', 'field', '27', 'en_us', '');
INSERT INTO `craft_searchindex` (`elementId`, `attribute`, `fieldId`, `locale`, `keywords`) VALUES ('70', 'field', '15', 'en_us', '');
INSERT INTO `craft_searchindex` (`elementId`, `attribute`, `fieldId`, `locale`, `keywords`) VALUES ('70', 'field', '6', 'en_us', ' martin tomitsch johnny wise ');
INSERT INTO `craft_searchindex` (`elementId`, `attribute`, `fieldId`, `locale`, `keywords`) VALUES ('70', 'field', '18', 'en_us', '');
INSERT INTO `craft_searchindex` (`elementId`, `attribute`, `fieldId`, `locale`, `keywords`) VALUES ('70', 'field', '26', 'en_us', '');
INSERT INTO `craft_searchindex` (`elementId`, `attribute`, `fieldId`, `locale`, `keywords`) VALUES ('70', 'field', '19', 'en_us', ' ​researchers from the faculty of architecture design and planning s design lab have collaborated with students from the interaction design and electronic arts program to produce solstice lamp a building scale light and sound projection that will delight visitors to sydney s circular quay ');
INSERT INTO `craft_searchindex` (`elementId`, `attribute`, `fieldId`, `locale`, `keywords`) VALUES ('70', 'field', '16', 'en_us', '');
INSERT INTO `craft_searchindex` (`elementId`, `attribute`, `fieldId`, `locale`, `keywords`) VALUES ('70', 'field', '31', 'en_us', '');
INSERT INTO `craft_searchindex` (`elementId`, `attribute`, `fieldId`, `locale`, `keywords`) VALUES ('70', 'field', '32', 'en_us', '');
INSERT INTO `craft_searchindex` (`elementId`, `attribute`, `fieldId`, `locale`, `keywords`) VALUES ('70', 'field', '33', 'en_us', '');
INSERT INTO `craft_searchindex` (`elementId`, `attribute`, `fieldId`, `locale`, `keywords`) VALUES ('70', 'field', '30', 'en_us', ' computational design ');
INSERT INTO `craft_searchindex` (`elementId`, `attribute`, `fieldId`, `locale`, `keywords`) VALUES ('70', 'field', '21', 'en_us', '');
INSERT INTO `craft_searchindex` (`elementId`, `attribute`, `fieldId`, `locale`, `keywords`) VALUES ('70', 'field', '17', 'en_us', '');
INSERT INTO `craft_searchindex` (`elementId`, `attribute`, `fieldId`, `locale`, `keywords`) VALUES ('70', 'field', '24', 'en_us', '');
INSERT INTO `craft_searchindex` (`elementId`, `attribute`, `fieldId`, `locale`, `keywords`) VALUES ('70', 'field', '25', 'en_us', '');
INSERT INTO `craft_searchindex` (`elementId`, `attribute`, `fieldId`, `locale`, `keywords`) VALUES ('70', 'field', '3', 'en_us', ' vivid ');
INSERT INTO `craft_searchindex` (`elementId`, `attribute`, `fieldId`, `locale`, `keywords`) VALUES ('70', 'field', '8', 'en_us', '');
INSERT INTO `craft_searchindex` (`elementId`, `attribute`, `fieldId`, `locale`, `keywords`) VALUES ('70', 'field', '10', 'en_us', '');
INSERT INTO `craft_searchindex` (`elementId`, `attribute`, `fieldId`, `locale`, `keywords`) VALUES ('70', 'field', '34', 'en_us', '');
INSERT INTO `craft_searchindex` (`elementId`, `attribute`, `fieldId`, `locale`, `keywords`) VALUES ('70', 'field', '9', 'en_us', '');
INSERT INTO `craft_searchindex` (`elementId`, `attribute`, `fieldId`, `locale`, `keywords`) VALUES ('72', 'field', '2', 'en_us', '');
INSERT INTO `craft_searchindex` (`elementId`, `attribute`, `fieldId`, `locale`, `keywords`) VALUES ('72', 'field', '28', 'en_us', '');
INSERT INTO `craft_searchindex` (`elementId`, `attribute`, `fieldId`, `locale`, `keywords`) VALUES ('72', 'field', '29', 'en_us', '');
INSERT INTO `craft_searchindex` (`elementId`, `attribute`, `fieldId`, `locale`, `keywords`) VALUES ('72', 'field', '5', 'en_us', '');
INSERT INTO `craft_searchindex` (`elementId`, `attribute`, `fieldId`, `locale`, `keywords`) VALUES ('72', 'field', '22', 'en_us', '');
INSERT INTO `craft_searchindex` (`elementId`, `attribute`, `fieldId`, `locale`, `keywords`) VALUES ('72', 'field', '12', 'en_us', '');
INSERT INTO `craft_searchindex` (`elementId`, `attribute`, `fieldId`, `locale`, `keywords`) VALUES ('72', 'field', '4', 'en_us', '');
INSERT INTO `craft_searchindex` (`elementId`, `attribute`, `fieldId`, `locale`, `keywords`) VALUES ('72', 'field', '23', 'en_us', '');
INSERT INTO `craft_searchindex` (`elementId`, `attribute`, `fieldId`, `locale`, `keywords`) VALUES ('72', 'field', '13', 'en_us', '');
INSERT INTO `craft_searchindex` (`elementId`, `attribute`, `fieldId`, `locale`, `keywords`) VALUES ('72', 'field', '7', 'en_us', '');
INSERT INTO `craft_searchindex` (`elementId`, `attribute`, `fieldId`, `locale`, `keywords`) VALUES ('72', 'field', '14', 'en_us', '');
INSERT INTO `craft_searchindex` (`elementId`, `attribute`, `fieldId`, `locale`, `keywords`) VALUES ('72', 'field', '1', 'en_us', '');
INSERT INTO `craft_searchindex` (`elementId`, `attribute`, `fieldId`, `locale`, `keywords`) VALUES ('72', 'field', '20', 'en_us', '');
INSERT INTO `craft_searchindex` (`elementId`, `attribute`, `fieldId`, `locale`, `keywords`) VALUES ('72', 'field', '11', 'en_us', '');
INSERT INTO `craft_searchindex` (`elementId`, `attribute`, `fieldId`, `locale`, `keywords`) VALUES ('72', 'field', '27', 'en_us', '');
INSERT INTO `craft_searchindex` (`elementId`, `attribute`, `fieldId`, `locale`, `keywords`) VALUES ('72', 'field', '15', 'en_us', '');
INSERT INTO `craft_searchindex` (`elementId`, `attribute`, `fieldId`, `locale`, `keywords`) VALUES ('72', 'field', '6', 'en_us', '');
INSERT INTO `craft_searchindex` (`elementId`, `attribute`, `fieldId`, `locale`, `keywords`) VALUES ('72', 'field', '18', 'en_us', '');
INSERT INTO `craft_searchindex` (`elementId`, `attribute`, `fieldId`, `locale`, `keywords`) VALUES ('72', 'field', '26', 'en_us', '');
INSERT INTO `craft_searchindex` (`elementId`, `attribute`, `fieldId`, `locale`, `keywords`) VALUES ('72', 'field', '19', 'en_us', '');
INSERT INTO `craft_searchindex` (`elementId`, `attribute`, `fieldId`, `locale`, `keywords`) VALUES ('72', 'field', '16', 'en_us', '');
INSERT INTO `craft_searchindex` (`elementId`, `attribute`, `fieldId`, `locale`, `keywords`) VALUES ('72', 'field', '31', 'en_us', '');
INSERT INTO `craft_searchindex` (`elementId`, `attribute`, `fieldId`, `locale`, `keywords`) VALUES ('72', 'field', '32', 'en_us', '');
INSERT INTO `craft_searchindex` (`elementId`, `attribute`, `fieldId`, `locale`, `keywords`) VALUES ('72', 'field', '33', 'en_us', '');
INSERT INTO `craft_searchindex` (`elementId`, `attribute`, `fieldId`, `locale`, `keywords`) VALUES ('72', 'field', '30', 'en_us', '');
INSERT INTO `craft_searchindex` (`elementId`, `attribute`, `fieldId`, `locale`, `keywords`) VALUES ('72', 'field', '21', 'en_us', '');
INSERT INTO `craft_searchindex` (`elementId`, `attribute`, `fieldId`, `locale`, `keywords`) VALUES ('72', 'field', '17', 'en_us', '');
INSERT INTO `craft_searchindex` (`elementId`, `attribute`, `fieldId`, `locale`, `keywords`) VALUES ('72', 'field', '24', 'en_us', '');
INSERT INTO `craft_searchindex` (`elementId`, `attribute`, `fieldId`, `locale`, `keywords`) VALUES ('72', 'field', '25', 'en_us', '');
INSERT INTO `craft_searchindex` (`elementId`, `attribute`, `fieldId`, `locale`, `keywords`) VALUES ('72', 'field', '3', 'en_us', '');
INSERT INTO `craft_searchindex` (`elementId`, `attribute`, `fieldId`, `locale`, `keywords`) VALUES ('72', 'field', '8', 'en_us', '');
INSERT INTO `craft_searchindex` (`elementId`, `attribute`, `fieldId`, `locale`, `keywords`) VALUES ('72', 'field', '10', 'en_us', '');
INSERT INTO `craft_searchindex` (`elementId`, `attribute`, `fieldId`, `locale`, `keywords`) VALUES ('72', 'field', '34', 'en_us', '');
INSERT INTO `craft_searchindex` (`elementId`, `attribute`, `fieldId`, `locale`, `keywords`) VALUES ('72', 'field', '9', 'en_us', '');
INSERT INTO `craft_searchindex` (`elementId`, `attribute`, `fieldId`, `locale`, `keywords`) VALUES ('72', 'filename', '0', 'en_us', ' temporalas2 jpg ');
INSERT INTO `craft_searchindex` (`elementId`, `attribute`, `fieldId`, `locale`, `keywords`) VALUES ('72', 'extension', '0', 'en_us', ' jpg ');
INSERT INTO `craft_searchindex` (`elementId`, `attribute`, `fieldId`, `locale`, `keywords`) VALUES ('72', 'kind', '0', 'en_us', ' image ');
INSERT INTO `craft_searchindex` (`elementId`, `attribute`, `fieldId`, `locale`, `keywords`) VALUES ('72', 'title', '0', 'en_us', ' temporalas2 ');
INSERT INTO `craft_searchindex` (`elementId`, `attribute`, `fieldId`, `locale`, `keywords`) VALUES ('73', 'slug', '0', 'en_us', ' temporalas ');
INSERT INTO `craft_searchindex` (`elementId`, `attribute`, `fieldId`, `locale`, `keywords`) VALUES ('73', 'title', '0', 'en_us', ' temporalas ');
INSERT INTO `craft_searchindex` (`elementId`, `attribute`, `fieldId`, `locale`, `keywords`) VALUES ('73', 'field', '2', 'en_us', ' temporalas makes use of the latest interactive technologies of top down projection mapping cutting edge hand tracking and spatial movement tracking technologies developed by our team it encourages individual s exploration of their relationship with the surrounding environment the team of students and alumni from the interaction design and electronic arts program at the university of sydney fuses diverse interests in interactive technologies architecture visual arts and audio acoustics the result is a novel exploration of interactive media facades responsive environments tangible user interfaces visual arts audio acoustics and interactive architecture when you approach temporalas light swirls from your feet the light manifests as evocative imagery and continues forward leaving a projected path for you to follow this pathway invites you closer to sculpture drawing you into further interactions as others approach the site an interconnected web of light pulses towards the a clock like light sculpture as you draw nearer the enigmatic light sculpture changes colour you retreat back to see if your immediate actions affect the life of this sculpture and you soon realise that you are now an integral part of this artwork controlling the output with your presence out of curiosity you touch the sculpture and your projected pathway dissolves something unexpected occurs vivid imagery is projected onto your hand you move your hand around and are surprised to see the imagery remains animated on your palm even when you move your hand backwards or side to side it curiously remains you try and take the light further and further away but slowly the light becomes fainter and fainter the life source is too far away upon realising this you continue towards the sculpture once more and when you touch it for a second time the light absorbs back into the sculpture the transference of imagery from the sculpture to the individual exposes in an almost vulnerable way the connection we have with the environment surrounding us this project is a collaboration between students and alumni of the master of interaction design and electronic arts this program prepares students to be leaders in interactive technologies and to produce commercially viable products and services combined with the aesthetic and design sensibilities of our faculty the interaction design program equips graduates for the technologies of tomorrow ');
INSERT INTO `craft_searchindex` (`elementId`, `attribute`, `fieldId`, `locale`, `keywords`) VALUES ('73', 'field', '28', 'en_us', '');
INSERT INTO `craft_searchindex` (`elementId`, `attribute`, `fieldId`, `locale`, `keywords`) VALUES ('73', 'field', '29', 'en_us', '');
INSERT INTO `craft_searchindex` (`elementId`, `attribute`, `fieldId`, `locale`, `keywords`) VALUES ('73', 'field', '5', 'en_us', '');
INSERT INTO `craft_searchindex` (`elementId`, `attribute`, `fieldId`, `locale`, `keywords`) VALUES ('73', 'field', '22', 'en_us', '');
INSERT INTO `craft_searchindex` (`elementId`, `attribute`, `fieldId`, `locale`, `keywords`) VALUES ('73', 'field', '12', 'en_us', '');
INSERT INTO `craft_searchindex` (`elementId`, `attribute`, `fieldId`, `locale`, `keywords`) VALUES ('73', 'field', '4', 'en_us', '');
INSERT INTO `craft_searchindex` (`elementId`, `attribute`, `fieldId`, `locale`, `keywords`) VALUES ('73', 'field', '23', 'en_us', '');
INSERT INTO `craft_searchindex` (`elementId`, `attribute`, `fieldId`, `locale`, `keywords`) VALUES ('73', 'field', '13', 'en_us', '');
INSERT INTO `craft_searchindex` (`elementId`, `attribute`, `fieldId`, `locale`, `keywords`) VALUES ('73', 'field', '7', 'en_us', ' temporalas2 ');
INSERT INTO `craft_searchindex` (`elementId`, `attribute`, `fieldId`, `locale`, `keywords`) VALUES ('73', 'field', '14', 'en_us', '');
INSERT INTO `craft_searchindex` (`elementId`, `attribute`, `fieldId`, `locale`, `keywords`) VALUES ('73', 'field', '1', 'en_us', '');
INSERT INTO `craft_searchindex` (`elementId`, `attribute`, `fieldId`, `locale`, `keywords`) VALUES ('73', 'field', '20', 'en_us', '');
INSERT INTO `craft_searchindex` (`elementId`, `attribute`, `fieldId`, `locale`, `keywords`) VALUES ('73', 'field', '11', 'en_us', '');
INSERT INTO `craft_searchindex` (`elementId`, `attribute`, `fieldId`, `locale`, `keywords`) VALUES ('73', 'field', '27', 'en_us', '');
INSERT INTO `craft_searchindex` (`elementId`, `attribute`, `fieldId`, `locale`, `keywords`) VALUES ('73', 'field', '15', 'en_us', '');
INSERT INTO `craft_searchindex` (`elementId`, `attribute`, `fieldId`, `locale`, `keywords`) VALUES ('73', 'field', '6', 'en_us', ' ro brett ');
INSERT INTO `craft_searchindex` (`elementId`, `attribute`, `fieldId`, `locale`, `keywords`) VALUES ('73', 'field', '18', 'en_us', '');
INSERT INTO `craft_searchindex` (`elementId`, `attribute`, `fieldId`, `locale`, `keywords`) VALUES ('73', 'field', '26', 'en_us', '');
INSERT INTO `craft_searchindex` (`elementId`, `attribute`, `fieldId`, `locale`, `keywords`) VALUES ('73', 'field', '19', 'en_us', ' ​temporalas makes use of the latest interactive technologies of top down projection mapping cutting edge hand tracking and spatial movement tracking technologies developed by our team it encourages individual s exploration of their relationship with the surrounding environment ');
INSERT INTO `craft_searchindex` (`elementId`, `attribute`, `fieldId`, `locale`, `keywords`) VALUES ('73', 'field', '16', 'en_us', '');
INSERT INTO `craft_searchindex` (`elementId`, `attribute`, `fieldId`, `locale`, `keywords`) VALUES ('73', 'field', '31', 'en_us', '');
INSERT INTO `craft_searchindex` (`elementId`, `attribute`, `fieldId`, `locale`, `keywords`) VALUES ('73', 'field', '32', 'en_us', '');
INSERT INTO `craft_searchindex` (`elementId`, `attribute`, `fieldId`, `locale`, `keywords`) VALUES ('73', 'field', '33', 'en_us', '');
INSERT INTO `craft_searchindex` (`elementId`, `attribute`, `fieldId`, `locale`, `keywords`) VALUES ('73', 'field', '30', 'en_us', ' computational design ');
INSERT INTO `craft_searchindex` (`elementId`, `attribute`, `fieldId`, `locale`, `keywords`) VALUES ('73', 'field', '21', 'en_us', '');
INSERT INTO `craft_searchindex` (`elementId`, `attribute`, `fieldId`, `locale`, `keywords`) VALUES ('73', 'field', '17', 'en_us', '');
INSERT INTO `craft_searchindex` (`elementId`, `attribute`, `fieldId`, `locale`, `keywords`) VALUES ('73', 'field', '24', 'en_us', '');
INSERT INTO `craft_searchindex` (`elementId`, `attribute`, `fieldId`, `locale`, `keywords`) VALUES ('73', 'field', '25', 'en_us', '');
INSERT INTO `craft_searchindex` (`elementId`, `attribute`, `fieldId`, `locale`, `keywords`) VALUES ('73', 'field', '3', 'en_us', ' vivid ');
INSERT INTO `craft_searchindex` (`elementId`, `attribute`, `fieldId`, `locale`, `keywords`) VALUES ('73', 'field', '8', 'en_us', '');
INSERT INTO `craft_searchindex` (`elementId`, `attribute`, `fieldId`, `locale`, `keywords`) VALUES ('73', 'field', '10', 'en_us', '');
INSERT INTO `craft_searchindex` (`elementId`, `attribute`, `fieldId`, `locale`, `keywords`) VALUES ('73', 'field', '34', 'en_us', '');
INSERT INTO `craft_searchindex` (`elementId`, `attribute`, `fieldId`, `locale`, `keywords`) VALUES ('73', 'field', '9', 'en_us', '');
INSERT INTO `craft_searchindex` (`elementId`, `attribute`, `fieldId`, `locale`, `keywords`) VALUES ('74', 'field', '2', 'en_us', '');
INSERT INTO `craft_searchindex` (`elementId`, `attribute`, `fieldId`, `locale`, `keywords`) VALUES ('74', 'field', '28', 'en_us', '');
INSERT INTO `craft_searchindex` (`elementId`, `attribute`, `fieldId`, `locale`, `keywords`) VALUES ('74', 'field', '29', 'en_us', '');
INSERT INTO `craft_searchindex` (`elementId`, `attribute`, `fieldId`, `locale`, `keywords`) VALUES ('74', 'field', '5', 'en_us', '');
INSERT INTO `craft_searchindex` (`elementId`, `attribute`, `fieldId`, `locale`, `keywords`) VALUES ('74', 'field', '22', 'en_us', '');
INSERT INTO `craft_searchindex` (`elementId`, `attribute`, `fieldId`, `locale`, `keywords`) VALUES ('74', 'field', '12', 'en_us', '');
INSERT INTO `craft_searchindex` (`elementId`, `attribute`, `fieldId`, `locale`, `keywords`) VALUES ('74', 'field', '4', 'en_us', '');
INSERT INTO `craft_searchindex` (`elementId`, `attribute`, `fieldId`, `locale`, `keywords`) VALUES ('74', 'field', '23', 'en_us', '');
INSERT INTO `craft_searchindex` (`elementId`, `attribute`, `fieldId`, `locale`, `keywords`) VALUES ('74', 'field', '13', 'en_us', '');
INSERT INTO `craft_searchindex` (`elementId`, `attribute`, `fieldId`, `locale`, `keywords`) VALUES ('74', 'field', '7', 'en_us', '');
INSERT INTO `craft_searchindex` (`elementId`, `attribute`, `fieldId`, `locale`, `keywords`) VALUES ('74', 'field', '14', 'en_us', '');
INSERT INTO `craft_searchindex` (`elementId`, `attribute`, `fieldId`, `locale`, `keywords`) VALUES ('74', 'field', '1', 'en_us', '');
INSERT INTO `craft_searchindex` (`elementId`, `attribute`, `fieldId`, `locale`, `keywords`) VALUES ('74', 'field', '20', 'en_us', '');
INSERT INTO `craft_searchindex` (`elementId`, `attribute`, `fieldId`, `locale`, `keywords`) VALUES ('74', 'field', '11', 'en_us', '');
INSERT INTO `craft_searchindex` (`elementId`, `attribute`, `fieldId`, `locale`, `keywords`) VALUES ('74', 'field', '27', 'en_us', '');
INSERT INTO `craft_searchindex` (`elementId`, `attribute`, `fieldId`, `locale`, `keywords`) VALUES ('74', 'field', '15', 'en_us', '');
INSERT INTO `craft_searchindex` (`elementId`, `attribute`, `fieldId`, `locale`, `keywords`) VALUES ('74', 'field', '6', 'en_us', '');
INSERT INTO `craft_searchindex` (`elementId`, `attribute`, `fieldId`, `locale`, `keywords`) VALUES ('74', 'field', '18', 'en_us', '');
INSERT INTO `craft_searchindex` (`elementId`, `attribute`, `fieldId`, `locale`, `keywords`) VALUES ('74', 'field', '26', 'en_us', '');
INSERT INTO `craft_searchindex` (`elementId`, `attribute`, `fieldId`, `locale`, `keywords`) VALUES ('74', 'field', '19', 'en_us', '');
INSERT INTO `craft_searchindex` (`elementId`, `attribute`, `fieldId`, `locale`, `keywords`) VALUES ('74', 'field', '16', 'en_us', '');
INSERT INTO `craft_searchindex` (`elementId`, `attribute`, `fieldId`, `locale`, `keywords`) VALUES ('74', 'field', '31', 'en_us', '');
INSERT INTO `craft_searchindex` (`elementId`, `attribute`, `fieldId`, `locale`, `keywords`) VALUES ('74', 'field', '32', 'en_us', '');
INSERT INTO `craft_searchindex` (`elementId`, `attribute`, `fieldId`, `locale`, `keywords`) VALUES ('74', 'field', '33', 'en_us', '');
INSERT INTO `craft_searchindex` (`elementId`, `attribute`, `fieldId`, `locale`, `keywords`) VALUES ('74', 'field', '30', 'en_us', '');
INSERT INTO `craft_searchindex` (`elementId`, `attribute`, `fieldId`, `locale`, `keywords`) VALUES ('74', 'field', '21', 'en_us', '');
INSERT INTO `craft_searchindex` (`elementId`, `attribute`, `fieldId`, `locale`, `keywords`) VALUES ('74', 'field', '17', 'en_us', '');
INSERT INTO `craft_searchindex` (`elementId`, `attribute`, `fieldId`, `locale`, `keywords`) VALUES ('74', 'field', '24', 'en_us', '');
INSERT INTO `craft_searchindex` (`elementId`, `attribute`, `fieldId`, `locale`, `keywords`) VALUES ('74', 'field', '25', 'en_us', '');
INSERT INTO `craft_searchindex` (`elementId`, `attribute`, `fieldId`, `locale`, `keywords`) VALUES ('74', 'field', '3', 'en_us', '');
INSERT INTO `craft_searchindex` (`elementId`, `attribute`, `fieldId`, `locale`, `keywords`) VALUES ('74', 'field', '8', 'en_us', '');
INSERT INTO `craft_searchindex` (`elementId`, `attribute`, `fieldId`, `locale`, `keywords`) VALUES ('74', 'field', '10', 'en_us', '');
INSERT INTO `craft_searchindex` (`elementId`, `attribute`, `fieldId`, `locale`, `keywords`) VALUES ('74', 'field', '34', 'en_us', '');
INSERT INTO `craft_searchindex` (`elementId`, `attribute`, `fieldId`, `locale`, `keywords`) VALUES ('74', 'field', '9', 'en_us', '');
INSERT INTO `craft_searchindex` (`elementId`, `attribute`, `fieldId`, `locale`, `keywords`) VALUES ('74', 'filename', '0', 'en_us', ' chroma3 jpg ');
INSERT INTO `craft_searchindex` (`elementId`, `attribute`, `fieldId`, `locale`, `keywords`) VALUES ('74', 'extension', '0', 'en_us', ' jpg ');
INSERT INTO `craft_searchindex` (`elementId`, `attribute`, `fieldId`, `locale`, `keywords`) VALUES ('74', 'kind', '0', 'en_us', ' image ');
INSERT INTO `craft_searchindex` (`elementId`, `attribute`, `fieldId`, `locale`, `keywords`) VALUES ('74', 'title', '0', 'en_us', ' chroma3 ');
INSERT INTO `craft_searchindex` (`elementId`, `attribute`, `fieldId`, `locale`, `keywords`) VALUES ('75', 'slug', '0', 'en_us', ' chromapollination ');
INSERT INTO `craft_searchindex` (`elementId`, `attribute`, `fieldId`, `locale`, `keywords`) VALUES ('75', 'title', '0', 'en_us', ' chromapollination ');
INSERT INTO `craft_searchindex` (`elementId`, `attribute`, `fieldId`, `locale`, `keywords`) VALUES ('75', 'field', '2', 'en_us', ' chromapollination is a centerpiece installation for vivid 2012 students from the master of design science illumination design and the master of interaction design and electronic arts at the university of sydney have combined to conceive an engaging and playful lighting installation work is feverishly underway on finalizing the installation before lights on thursday 25 may the wilkinson building home to the faculty of architecture design and planning is buzzing with students programming leds negotiating with sponsors and festival organisers and tweaking their designs chromapollination is an interactive light sculpture that will reclaim a neglected urban space in sydney s cbd and transform that space into a playful and inviting city organism sprawling from cracks in the concrete giant glowing dandelions will project colour and motion onto and around passersby and festival participants the dandelions react to their environment passersby generate a digital wind that gently caresses the tops of the flowers as force builds the seeds break off mimicking a real dandelion the seeds are created by the glowing bulbs of energy efficient leds of the same colour as their parent dandelion as the seeds mix they cross pollinate the dandelions germinating into new colours derived from the seeds that have landed on that dandelion vivid transfigures sydney s urban environment into an evocative and wondrous playground immersed in lights music and inspiring ideas each night from 25 may 11 june sydney s lit wonderland radiates from the sydney opera house all the way to dawes point and walsh bay more details can be found www vividsydney com ');
INSERT INTO `craft_searchindex` (`elementId`, `attribute`, `fieldId`, `locale`, `keywords`) VALUES ('75', 'field', '28', 'en_us', '');
INSERT INTO `craft_searchindex` (`elementId`, `attribute`, `fieldId`, `locale`, `keywords`) VALUES ('75', 'field', '29', 'en_us', '');
INSERT INTO `craft_searchindex` (`elementId`, `attribute`, `fieldId`, `locale`, `keywords`) VALUES ('75', 'field', '5', 'en_us', '');
INSERT INTO `craft_searchindex` (`elementId`, `attribute`, `fieldId`, `locale`, `keywords`) VALUES ('75', 'field', '22', 'en_us', '');
INSERT INTO `craft_searchindex` (`elementId`, `attribute`, `fieldId`, `locale`, `keywords`) VALUES ('75', 'field', '12', 'en_us', '');
INSERT INTO `craft_searchindex` (`elementId`, `attribute`, `fieldId`, `locale`, `keywords`) VALUES ('75', 'field', '4', 'en_us', '');
INSERT INTO `craft_searchindex` (`elementId`, `attribute`, `fieldId`, `locale`, `keywords`) VALUES ('75', 'field', '23', 'en_us', '');
INSERT INTO `craft_searchindex` (`elementId`, `attribute`, `fieldId`, `locale`, `keywords`) VALUES ('75', 'field', '13', 'en_us', '');
INSERT INTO `craft_searchindex` (`elementId`, `attribute`, `fieldId`, `locale`, `keywords`) VALUES ('75', 'field', '7', 'en_us', ' chroma3 ');
INSERT INTO `craft_searchindex` (`elementId`, `attribute`, `fieldId`, `locale`, `keywords`) VALUES ('75', 'field', '14', 'en_us', '');
INSERT INTO `craft_searchindex` (`elementId`, `attribute`, `fieldId`, `locale`, `keywords`) VALUES ('75', 'field', '1', 'en_us', '');
INSERT INTO `craft_searchindex` (`elementId`, `attribute`, `fieldId`, `locale`, `keywords`) VALUES ('75', 'field', '20', 'en_us', '');
INSERT INTO `craft_searchindex` (`elementId`, `attribute`, `fieldId`, `locale`, `keywords`) VALUES ('75', 'field', '11', 'en_us', '');
INSERT INTO `craft_searchindex` (`elementId`, `attribute`, `fieldId`, `locale`, `keywords`) VALUES ('75', 'field', '27', 'en_us', '');
INSERT INTO `craft_searchindex` (`elementId`, `attribute`, `fieldId`, `locale`, `keywords`) VALUES ('75', 'field', '15', 'en_us', '');
INSERT INTO `craft_searchindex` (`elementId`, `attribute`, `fieldId`, `locale`, `keywords`) VALUES ('75', 'field', '6', 'en_us', ' alice dennan ');
INSERT INTO `craft_searchindex` (`elementId`, `attribute`, `fieldId`, `locale`, `keywords`) VALUES ('75', 'field', '18', 'en_us', '');
INSERT INTO `craft_searchindex` (`elementId`, `attribute`, `fieldId`, `locale`, `keywords`) VALUES ('75', 'field', '26', 'en_us', '');
INSERT INTO `craft_searchindex` (`elementId`, `attribute`, `fieldId`, `locale`, `keywords`) VALUES ('75', 'field', '19', 'en_us', ' ​chromapollination is a centerpiece installation for vivid 2012 students from the master of design science illumination design and the master of interaction design and electronic arts at the university of sydney have combined to conceive an engaging and playful lighting installation ');
INSERT INTO `craft_searchindex` (`elementId`, `attribute`, `fieldId`, `locale`, `keywords`) VALUES ('75', 'field', '16', 'en_us', '');
INSERT INTO `craft_searchindex` (`elementId`, `attribute`, `fieldId`, `locale`, `keywords`) VALUES ('75', 'field', '31', 'en_us', '');
INSERT INTO `craft_searchindex` (`elementId`, `attribute`, `fieldId`, `locale`, `keywords`) VALUES ('75', 'field', '32', 'en_us', '');
INSERT INTO `craft_searchindex` (`elementId`, `attribute`, `fieldId`, `locale`, `keywords`) VALUES ('75', 'field', '33', 'en_us', '');
INSERT INTO `craft_searchindex` (`elementId`, `attribute`, `fieldId`, `locale`, `keywords`) VALUES ('75', 'field', '30', 'en_us', ' computational design ');
INSERT INTO `craft_searchindex` (`elementId`, `attribute`, `fieldId`, `locale`, `keywords`) VALUES ('75', 'field', '21', 'en_us', '');
INSERT INTO `craft_searchindex` (`elementId`, `attribute`, `fieldId`, `locale`, `keywords`) VALUES ('75', 'field', '17', 'en_us', '');
INSERT INTO `craft_searchindex` (`elementId`, `attribute`, `fieldId`, `locale`, `keywords`) VALUES ('75', 'field', '24', 'en_us', '');
INSERT INTO `craft_searchindex` (`elementId`, `attribute`, `fieldId`, `locale`, `keywords`) VALUES ('75', 'field', '25', 'en_us', '');
INSERT INTO `craft_searchindex` (`elementId`, `attribute`, `fieldId`, `locale`, `keywords`) VALUES ('75', 'field', '3', 'en_us', ' vivid ');
INSERT INTO `craft_searchindex` (`elementId`, `attribute`, `fieldId`, `locale`, `keywords`) VALUES ('75', 'field', '8', 'en_us', '');
INSERT INTO `craft_searchindex` (`elementId`, `attribute`, `fieldId`, `locale`, `keywords`) VALUES ('75', 'field', '10', 'en_us', '');
INSERT INTO `craft_searchindex` (`elementId`, `attribute`, `fieldId`, `locale`, `keywords`) VALUES ('75', 'field', '34', 'en_us', '');
INSERT INTO `craft_searchindex` (`elementId`, `attribute`, `fieldId`, `locale`, `keywords`) VALUES ('75', 'field', '9', 'en_us', '');
INSERT INTO `craft_searchindex` (`elementId`, `attribute`, `fieldId`, `locale`, `keywords`) VALUES ('76', 'field', '2', 'en_us', '');
INSERT INTO `craft_searchindex` (`elementId`, `attribute`, `fieldId`, `locale`, `keywords`) VALUES ('76', 'field', '28', 'en_us', '');
INSERT INTO `craft_searchindex` (`elementId`, `attribute`, `fieldId`, `locale`, `keywords`) VALUES ('76', 'field', '29', 'en_us', '');
INSERT INTO `craft_searchindex` (`elementId`, `attribute`, `fieldId`, `locale`, `keywords`) VALUES ('76', 'field', '5', 'en_us', '');
INSERT INTO `craft_searchindex` (`elementId`, `attribute`, `fieldId`, `locale`, `keywords`) VALUES ('76', 'field', '22', 'en_us', '');
INSERT INTO `craft_searchindex` (`elementId`, `attribute`, `fieldId`, `locale`, `keywords`) VALUES ('76', 'field', '12', 'en_us', '');
INSERT INTO `craft_searchindex` (`elementId`, `attribute`, `fieldId`, `locale`, `keywords`) VALUES ('76', 'field', '4', 'en_us', '');
INSERT INTO `craft_searchindex` (`elementId`, `attribute`, `fieldId`, `locale`, `keywords`) VALUES ('76', 'field', '23', 'en_us', '');
INSERT INTO `craft_searchindex` (`elementId`, `attribute`, `fieldId`, `locale`, `keywords`) VALUES ('76', 'field', '13', 'en_us', '');
INSERT INTO `craft_searchindex` (`elementId`, `attribute`, `fieldId`, `locale`, `keywords`) VALUES ('76', 'field', '7', 'en_us', '');
INSERT INTO `craft_searchindex` (`elementId`, `attribute`, `fieldId`, `locale`, `keywords`) VALUES ('76', 'field', '14', 'en_us', '');
INSERT INTO `craft_searchindex` (`elementId`, `attribute`, `fieldId`, `locale`, `keywords`) VALUES ('76', 'field', '1', 'en_us', '');
INSERT INTO `craft_searchindex` (`elementId`, `attribute`, `fieldId`, `locale`, `keywords`) VALUES ('76', 'field', '20', 'en_us', '');
INSERT INTO `craft_searchindex` (`elementId`, `attribute`, `fieldId`, `locale`, `keywords`) VALUES ('76', 'field', '11', 'en_us', '');
INSERT INTO `craft_searchindex` (`elementId`, `attribute`, `fieldId`, `locale`, `keywords`) VALUES ('76', 'field', '27', 'en_us', '');
INSERT INTO `craft_searchindex` (`elementId`, `attribute`, `fieldId`, `locale`, `keywords`) VALUES ('76', 'field', '15', 'en_us', '');
INSERT INTO `craft_searchindex` (`elementId`, `attribute`, `fieldId`, `locale`, `keywords`) VALUES ('76', 'field', '6', 'en_us', '');
INSERT INTO `craft_searchindex` (`elementId`, `attribute`, `fieldId`, `locale`, `keywords`) VALUES ('76', 'field', '18', 'en_us', '');
INSERT INTO `craft_searchindex` (`elementId`, `attribute`, `fieldId`, `locale`, `keywords`) VALUES ('76', 'field', '26', 'en_us', '');
INSERT INTO `craft_searchindex` (`elementId`, `attribute`, `fieldId`, `locale`, `keywords`) VALUES ('76', 'field', '19', 'en_us', '');
INSERT INTO `craft_searchindex` (`elementId`, `attribute`, `fieldId`, `locale`, `keywords`) VALUES ('76', 'field', '16', 'en_us', '');
INSERT INTO `craft_searchindex` (`elementId`, `attribute`, `fieldId`, `locale`, `keywords`) VALUES ('76', 'field', '31', 'en_us', '');
INSERT INTO `craft_searchindex` (`elementId`, `attribute`, `fieldId`, `locale`, `keywords`) VALUES ('76', 'field', '32', 'en_us', '');
INSERT INTO `craft_searchindex` (`elementId`, `attribute`, `fieldId`, `locale`, `keywords`) VALUES ('76', 'field', '33', 'en_us', '');
INSERT INTO `craft_searchindex` (`elementId`, `attribute`, `fieldId`, `locale`, `keywords`) VALUES ('76', 'field', '30', 'en_us', '');
INSERT INTO `craft_searchindex` (`elementId`, `attribute`, `fieldId`, `locale`, `keywords`) VALUES ('76', 'field', '21', 'en_us', '');
INSERT INTO `craft_searchindex` (`elementId`, `attribute`, `fieldId`, `locale`, `keywords`) VALUES ('76', 'field', '17', 'en_us', '');
INSERT INTO `craft_searchindex` (`elementId`, `attribute`, `fieldId`, `locale`, `keywords`) VALUES ('76', 'field', '24', 'en_us', '');
INSERT INTO `craft_searchindex` (`elementId`, `attribute`, `fieldId`, `locale`, `keywords`) VALUES ('76', 'field', '25', 'en_us', '');
INSERT INTO `craft_searchindex` (`elementId`, `attribute`, `fieldId`, `locale`, `keywords`) VALUES ('76', 'field', '3', 'en_us', '');
INSERT INTO `craft_searchindex` (`elementId`, `attribute`, `fieldId`, `locale`, `keywords`) VALUES ('76', 'field', '8', 'en_us', '');
INSERT INTO `craft_searchindex` (`elementId`, `attribute`, `fieldId`, `locale`, `keywords`) VALUES ('76', 'field', '10', 'en_us', '');
INSERT INTO `craft_searchindex` (`elementId`, `attribute`, `fieldId`, `locale`, `keywords`) VALUES ('76', 'field', '34', 'en_us', '');
INSERT INTO `craft_searchindex` (`elementId`, `attribute`, `fieldId`, `locale`, `keywords`) VALUES ('76', 'field', '9', 'en_us', '');
INSERT INTO `craft_searchindex` (`elementId`, `attribute`, `fieldId`, `locale`, `keywords`) VALUES ('76', 'filename', '0', 'en_us', ' droplet jpg ');
INSERT INTO `craft_searchindex` (`elementId`, `attribute`, `fieldId`, `locale`, `keywords`) VALUES ('76', 'extension', '0', 'en_us', ' jpg ');
INSERT INTO `craft_searchindex` (`elementId`, `attribute`, `fieldId`, `locale`, `keywords`) VALUES ('76', 'kind', '0', 'en_us', ' image ');
INSERT INTO `craft_searchindex` (`elementId`, `attribute`, `fieldId`, `locale`, `keywords`) VALUES ('76', 'title', '0', 'en_us', ' droplet ');
INSERT INTO `craft_searchindex` (`elementId`, `attribute`, `fieldId`, `locale`, `keywords`) VALUES ('77', 'slug', '0', 'en_us', ' water droplet ');
INSERT INTO `craft_searchindex` (`elementId`, `attribute`, `fieldId`, `locale`, `keywords`) VALUES ('77', 'title', '0', 'en_us', ' water droplet ');
INSERT INTO `craft_searchindex` (`elementId`, `attribute`, `fieldId`, `locale`, `keywords`) VALUES ('77', 'field', '2', 'en_us', ' destiny paris is the klaus engelhard scholarship in illumination design recipient for the master of design science illumination design in this her second year she and employer aurecon have collaborated to produce a breathtaking installation for vivid sydney this year destiny says that idea came to her at christmas she moved to sydney from south australia last year to start her studies with the faculty of architecture design and planning inspired by vivid 2011 she knew she wanted to be a part of the largest lighting design festival in the southern hemisphere to be a part of vivid to be a part of something so incredible on an international level that s a beautiful experience to be a part of that atmosphere is just gorgeous she says water droplet is a two storey high fountain stretched into the shape of a water drop the fountain exudes a calming blue light and shrouds large cylinders hidden inside with the backdrop of the harbour festival visitors can sit inside the giant fountain atmospheric sounds of thunderstorms and waterfalls produces a soundtrack that is complemented by the sounds of wind chimes visitors use a small hammer to ring the chime that causes the sounds to change and the vibrant colours of the cylinders to shift pouring colour down and over those inside the sculpture it s an impressive feat of engineering and lighting design destiny had to work closely with structural acoustic and visual engineers and designers to make it a reality the idea was to incorporate the water of the harbour into a lighting installation i based the design around a poem that accompanies the sculpture water is pure elementala fundamental building blocksuspended in a single dropletstirs an activity of beauty and life destiny says that turning her artistic and creative vision into a physical sculpture was much harder than anticipated the biggest challenge was definitely the structural engineering we had to consider wind loads and the structural integrity of what is clearly a unique structure another challenge was the audio visual engineering one of our engineers had to turn his house into a workshop in order to experiment with the trigger sensors that provide the sound effects destiny says that sponsors are the key to a successful vivid installation she singles out her company aurecon and lighting supplier 3s lighting as especially deserving of praise sponsors are the key to vivid they have shown incredible generosity working around the clock both on site and in their factories to help create and then physically build this installation ');
INSERT INTO `craft_searchindex` (`elementId`, `attribute`, `fieldId`, `locale`, `keywords`) VALUES ('77', 'field', '28', 'en_us', '');
INSERT INTO `craft_searchindex` (`elementId`, `attribute`, `fieldId`, `locale`, `keywords`) VALUES ('77', 'field', '29', 'en_us', '');
INSERT INTO `craft_searchindex` (`elementId`, `attribute`, `fieldId`, `locale`, `keywords`) VALUES ('77', 'field', '5', 'en_us', '');
INSERT INTO `craft_searchindex` (`elementId`, `attribute`, `fieldId`, `locale`, `keywords`) VALUES ('77', 'field', '22', 'en_us', '');
INSERT INTO `craft_searchindex` (`elementId`, `attribute`, `fieldId`, `locale`, `keywords`) VALUES ('77', 'field', '12', 'en_us', '');
INSERT INTO `craft_searchindex` (`elementId`, `attribute`, `fieldId`, `locale`, `keywords`) VALUES ('77', 'field', '4', 'en_us', '');
INSERT INTO `craft_searchindex` (`elementId`, `attribute`, `fieldId`, `locale`, `keywords`) VALUES ('77', 'field', '23', 'en_us', '');
INSERT INTO `craft_searchindex` (`elementId`, `attribute`, `fieldId`, `locale`, `keywords`) VALUES ('77', 'field', '13', 'en_us', '');
INSERT INTO `craft_searchindex` (`elementId`, `attribute`, `fieldId`, `locale`, `keywords`) VALUES ('77', 'field', '7', 'en_us', ' droplet ');
INSERT INTO `craft_searchindex` (`elementId`, `attribute`, `fieldId`, `locale`, `keywords`) VALUES ('77', 'field', '14', 'en_us', '');
INSERT INTO `craft_searchindex` (`elementId`, `attribute`, `fieldId`, `locale`, `keywords`) VALUES ('77', 'field', '1', 'en_us', '');
INSERT INTO `craft_searchindex` (`elementId`, `attribute`, `fieldId`, `locale`, `keywords`) VALUES ('77', 'field', '20', 'en_us', '');
INSERT INTO `craft_searchindex` (`elementId`, `attribute`, `fieldId`, `locale`, `keywords`) VALUES ('77', 'field', '11', 'en_us', '');
INSERT INTO `craft_searchindex` (`elementId`, `attribute`, `fieldId`, `locale`, `keywords`) VALUES ('77', 'field', '27', 'en_us', '');
INSERT INTO `craft_searchindex` (`elementId`, `attribute`, `fieldId`, `locale`, `keywords`) VALUES ('77', 'field', '15', 'en_us', '');
INSERT INTO `craft_searchindex` (`elementId`, `attribute`, `fieldId`, `locale`, `keywords`) VALUES ('77', 'field', '6', 'en_us', ' jennifer loraz ');
INSERT INTO `craft_searchindex` (`elementId`, `attribute`, `fieldId`, `locale`, `keywords`) VALUES ('77', 'field', '18', 'en_us', '');
INSERT INTO `craft_searchindex` (`elementId`, `attribute`, `fieldId`, `locale`, `keywords`) VALUES ('77', 'field', '26', 'en_us', '');
INSERT INTO `craft_searchindex` (`elementId`, `attribute`, `fieldId`, `locale`, `keywords`) VALUES ('77', 'field', '19', 'en_us', ' water droplet is a two storey high fountain stretched into the shape of a water drop the fountain exudes a calming blue light and shrouds large cylinders hidden inside with the backdrop of the harbour festival visitors can sit inside the giant fountain atmospheric sounds of thunderstorms and waterfalls produces a soundtrack that is complemented by the sounds of wind chimes ');
INSERT INTO `craft_searchindex` (`elementId`, `attribute`, `fieldId`, `locale`, `keywords`) VALUES ('77', 'field', '16', 'en_us', '');
INSERT INTO `craft_searchindex` (`elementId`, `attribute`, `fieldId`, `locale`, `keywords`) VALUES ('77', 'field', '31', 'en_us', '');
INSERT INTO `craft_searchindex` (`elementId`, `attribute`, `fieldId`, `locale`, `keywords`) VALUES ('77', 'field', '32', 'en_us', '');
INSERT INTO `craft_searchindex` (`elementId`, `attribute`, `fieldId`, `locale`, `keywords`) VALUES ('77', 'field', '33', 'en_us', '');
INSERT INTO `craft_searchindex` (`elementId`, `attribute`, `fieldId`, `locale`, `keywords`) VALUES ('77', 'field', '30', 'en_us', ' computational design ');
INSERT INTO `craft_searchindex` (`elementId`, `attribute`, `fieldId`, `locale`, `keywords`) VALUES ('77', 'field', '21', 'en_us', '');
INSERT INTO `craft_searchindex` (`elementId`, `attribute`, `fieldId`, `locale`, `keywords`) VALUES ('77', 'field', '17', 'en_us', '');
INSERT INTO `craft_searchindex` (`elementId`, `attribute`, `fieldId`, `locale`, `keywords`) VALUES ('77', 'field', '24', 'en_us', '');
INSERT INTO `craft_searchindex` (`elementId`, `attribute`, `fieldId`, `locale`, `keywords`) VALUES ('77', 'field', '25', 'en_us', '');
INSERT INTO `craft_searchindex` (`elementId`, `attribute`, `fieldId`, `locale`, `keywords`) VALUES ('77', 'field', '3', 'en_us', ' vivid ');
INSERT INTO `craft_searchindex` (`elementId`, `attribute`, `fieldId`, `locale`, `keywords`) VALUES ('77', 'field', '8', 'en_us', '');
INSERT INTO `craft_searchindex` (`elementId`, `attribute`, `fieldId`, `locale`, `keywords`) VALUES ('77', 'field', '10', 'en_us', '');
INSERT INTO `craft_searchindex` (`elementId`, `attribute`, `fieldId`, `locale`, `keywords`) VALUES ('77', 'field', '34', 'en_us', '');
INSERT INTO `craft_searchindex` (`elementId`, `attribute`, `fieldId`, `locale`, `keywords`) VALUES ('77', 'field', '9', 'en_us', '');
INSERT INTO `craft_searchindex` (`elementId`, `attribute`, `fieldId`, `locale`, `keywords`) VALUES ('78', 'field', '2', 'en_us', '');
INSERT INTO `craft_searchindex` (`elementId`, `attribute`, `fieldId`, `locale`, `keywords`) VALUES ('78', 'field', '28', 'en_us', '');
INSERT INTO `craft_searchindex` (`elementId`, `attribute`, `fieldId`, `locale`, `keywords`) VALUES ('78', 'field', '29', 'en_us', '');
INSERT INTO `craft_searchindex` (`elementId`, `attribute`, `fieldId`, `locale`, `keywords`) VALUES ('78', 'field', '5', 'en_us', '');
INSERT INTO `craft_searchindex` (`elementId`, `attribute`, `fieldId`, `locale`, `keywords`) VALUES ('78', 'field', '22', 'en_us', '');
INSERT INTO `craft_searchindex` (`elementId`, `attribute`, `fieldId`, `locale`, `keywords`) VALUES ('78', 'field', '12', 'en_us', '');
INSERT INTO `craft_searchindex` (`elementId`, `attribute`, `fieldId`, `locale`, `keywords`) VALUES ('78', 'field', '4', 'en_us', '');
INSERT INTO `craft_searchindex` (`elementId`, `attribute`, `fieldId`, `locale`, `keywords`) VALUES ('78', 'field', '23', 'en_us', '');
INSERT INTO `craft_searchindex` (`elementId`, `attribute`, `fieldId`, `locale`, `keywords`) VALUES ('78', 'field', '13', 'en_us', '');
INSERT INTO `craft_searchindex` (`elementId`, `attribute`, `fieldId`, `locale`, `keywords`) VALUES ('78', 'field', '7', 'en_us', '');
INSERT INTO `craft_searchindex` (`elementId`, `attribute`, `fieldId`, `locale`, `keywords`) VALUES ('78', 'field', '14', 'en_us', '');
INSERT INTO `craft_searchindex` (`elementId`, `attribute`, `fieldId`, `locale`, `keywords`) VALUES ('78', 'field', '1', 'en_us', '');
INSERT INTO `craft_searchindex` (`elementId`, `attribute`, `fieldId`, `locale`, `keywords`) VALUES ('78', 'field', '20', 'en_us', '');
INSERT INTO `craft_searchindex` (`elementId`, `attribute`, `fieldId`, `locale`, `keywords`) VALUES ('78', 'field', '11', 'en_us', '');
INSERT INTO `craft_searchindex` (`elementId`, `attribute`, `fieldId`, `locale`, `keywords`) VALUES ('78', 'field', '27', 'en_us', '');
INSERT INTO `craft_searchindex` (`elementId`, `attribute`, `fieldId`, `locale`, `keywords`) VALUES ('78', 'field', '15', 'en_us', '');
INSERT INTO `craft_searchindex` (`elementId`, `attribute`, `fieldId`, `locale`, `keywords`) VALUES ('78', 'field', '6', 'en_us', '');
INSERT INTO `craft_searchindex` (`elementId`, `attribute`, `fieldId`, `locale`, `keywords`) VALUES ('78', 'field', '18', 'en_us', '');
INSERT INTO `craft_searchindex` (`elementId`, `attribute`, `fieldId`, `locale`, `keywords`) VALUES ('78', 'field', '26', 'en_us', '');
INSERT INTO `craft_searchindex` (`elementId`, `attribute`, `fieldId`, `locale`, `keywords`) VALUES ('78', 'field', '19', 'en_us', '');
INSERT INTO `craft_searchindex` (`elementId`, `attribute`, `fieldId`, `locale`, `keywords`) VALUES ('78', 'field', '16', 'en_us', '');
INSERT INTO `craft_searchindex` (`elementId`, `attribute`, `fieldId`, `locale`, `keywords`) VALUES ('78', 'field', '31', 'en_us', '');
INSERT INTO `craft_searchindex` (`elementId`, `attribute`, `fieldId`, `locale`, `keywords`) VALUES ('78', 'field', '32', 'en_us', '');
INSERT INTO `craft_searchindex` (`elementId`, `attribute`, `fieldId`, `locale`, `keywords`) VALUES ('78', 'field', '33', 'en_us', '');
INSERT INTO `craft_searchindex` (`elementId`, `attribute`, `fieldId`, `locale`, `keywords`) VALUES ('78', 'field', '30', 'en_us', '');
INSERT INTO `craft_searchindex` (`elementId`, `attribute`, `fieldId`, `locale`, `keywords`) VALUES ('78', 'field', '21', 'en_us', '');
INSERT INTO `craft_searchindex` (`elementId`, `attribute`, `fieldId`, `locale`, `keywords`) VALUES ('78', 'field', '17', 'en_us', '');
INSERT INTO `craft_searchindex` (`elementId`, `attribute`, `fieldId`, `locale`, `keywords`) VALUES ('78', 'field', '24', 'en_us', '');
INSERT INTO `craft_searchindex` (`elementId`, `attribute`, `fieldId`, `locale`, `keywords`) VALUES ('78', 'field', '25', 'en_us', '');
INSERT INTO `craft_searchindex` (`elementId`, `attribute`, `fieldId`, `locale`, `keywords`) VALUES ('78', 'field', '3', 'en_us', '');
INSERT INTO `craft_searchindex` (`elementId`, `attribute`, `fieldId`, `locale`, `keywords`) VALUES ('78', 'field', '8', 'en_us', '');
INSERT INTO `craft_searchindex` (`elementId`, `attribute`, `fieldId`, `locale`, `keywords`) VALUES ('78', 'field', '10', 'en_us', '');
INSERT INTO `craft_searchindex` (`elementId`, `attribute`, `fieldId`, `locale`, `keywords`) VALUES ('78', 'field', '34', 'en_us', '');
INSERT INTO `craft_searchindex` (`elementId`, `attribute`, `fieldId`, `locale`, `keywords`) VALUES ('78', 'field', '9', 'en_us', '');
INSERT INTO `craft_searchindex` (`elementId`, `attribute`, `fieldId`, `locale`, `keywords`) VALUES ('78', 'filename', '0', 'en_us', ' daniel 420x315 jpg ');
INSERT INTO `craft_searchindex` (`elementId`, `attribute`, `fieldId`, `locale`, `keywords`) VALUES ('78', 'extension', '0', 'en_us', ' jpg ');
INSERT INTO `craft_searchindex` (`elementId`, `attribute`, `fieldId`, `locale`, `keywords`) VALUES ('78', 'kind', '0', 'en_us', ' image ');
INSERT INTO `craft_searchindex` (`elementId`, `attribute`, `fieldId`, `locale`, `keywords`) VALUES ('78', 'title', '0', 'en_us', ' daniel 420x315 ');
INSERT INTO `craft_searchindex` (`elementId`, `attribute`, `fieldId`, `locale`, `keywords`) VALUES ('38', 'field', '2', 'en_us', '');
INSERT INTO `craft_searchindex` (`elementId`, `attribute`, `fieldId`, `locale`, `keywords`) VALUES ('38', 'field', '28', 'en_us', '');
INSERT INTO `craft_searchindex` (`elementId`, `attribute`, `fieldId`, `locale`, `keywords`) VALUES ('38', 'field', '29', 'en_us', '');
INSERT INTO `craft_searchindex` (`elementId`, `attribute`, `fieldId`, `locale`, `keywords`) VALUES ('38', 'field', '5', 'en_us', ' idea ');
INSERT INTO `craft_searchindex` (`elementId`, `attribute`, `fieldId`, `locale`, `keywords`) VALUES ('38', 'field', '22', 'en_us', '');
INSERT INTO `craft_searchindex` (`elementId`, `attribute`, `fieldId`, `locale`, `keywords`) VALUES ('38', 'field', '12', 'en_us', '');
INSERT INTO `craft_searchindex` (`elementId`, `attribute`, `fieldId`, `locale`, `keywords`) VALUES ('38', 'field', '4', 'en_us', '');
INSERT INTO `craft_searchindex` (`elementId`, `attribute`, `fieldId`, `locale`, `keywords`) VALUES ('38', 'field', '23', 'en_us', '');
INSERT INTO `craft_searchindex` (`elementId`, `attribute`, `fieldId`, `locale`, `keywords`) VALUES ('38', 'field', '13', 'en_us', '');
INSERT INTO `craft_searchindex` (`elementId`, `attribute`, `fieldId`, `locale`, `keywords`) VALUES ('38', 'field', '7', 'en_us', ' daniel 420x315 ');
INSERT INTO `craft_searchindex` (`elementId`, `attribute`, `fieldId`, `locale`, `keywords`) VALUES ('38', 'field', '14', 'en_us', '');
INSERT INTO `craft_searchindex` (`elementId`, `attribute`, `fieldId`, `locale`, `keywords`) VALUES ('38', 'field', '1', 'en_us', '');
INSERT INTO `craft_searchindex` (`elementId`, `attribute`, `fieldId`, `locale`, `keywords`) VALUES ('38', 'field', '20', 'en_us', '');
INSERT INTO `craft_searchindex` (`elementId`, `attribute`, `fieldId`, `locale`, `keywords`) VALUES ('38', 'field', '11', 'en_us', '');
INSERT INTO `craft_searchindex` (`elementId`, `attribute`, `fieldId`, `locale`, `keywords`) VALUES ('38', 'field', '27', 'en_us', '');
INSERT INTO `craft_searchindex` (`elementId`, `attribute`, `fieldId`, `locale`, `keywords`) VALUES ('38', 'field', '15', 'en_us', '');
INSERT INTO `craft_searchindex` (`elementId`, `attribute`, `fieldId`, `locale`, `keywords`) VALUES ('38', 'field', '6', 'en_us', '');
INSERT INTO `craft_searchindex` (`elementId`, `attribute`, `fieldId`, `locale`, `keywords`) VALUES ('38', 'field', '18', 'en_us', '');
INSERT INTO `craft_searchindex` (`elementId`, `attribute`, `fieldId`, `locale`, `keywords`) VALUES ('38', 'field', '26', 'en_us', '');
INSERT INTO `craft_searchindex` (`elementId`, `attribute`, `fieldId`, `locale`, `keywords`) VALUES ('38', 'field', '19', 'en_us', '');
INSERT INTO `craft_searchindex` (`elementId`, `attribute`, `fieldId`, `locale`, `keywords`) VALUES ('38', 'field', '16', 'en_us', '');
INSERT INTO `craft_searchindex` (`elementId`, `attribute`, `fieldId`, `locale`, `keywords`) VALUES ('38', 'field', '31', 'en_us', '');
INSERT INTO `craft_searchindex` (`elementId`, `attribute`, `fieldId`, `locale`, `keywords`) VALUES ('38', 'field', '32', 'en_us', '');
INSERT INTO `craft_searchindex` (`elementId`, `attribute`, `fieldId`, `locale`, `keywords`) VALUES ('38', 'field', '33', 'en_us', '');
INSERT INTO `craft_searchindex` (`elementId`, `attribute`, `fieldId`, `locale`, `keywords`) VALUES ('38', 'field', '30', 'en_us', '');
INSERT INTO `craft_searchindex` (`elementId`, `attribute`, `fieldId`, `locale`, `keywords`) VALUES ('38', 'field', '21', 'en_us', '');
INSERT INTO `craft_searchindex` (`elementId`, `attribute`, `fieldId`, `locale`, `keywords`) VALUES ('38', 'field', '17', 'en_us', '');
INSERT INTO `craft_searchindex` (`elementId`, `attribute`, `fieldId`, `locale`, `keywords`) VALUES ('38', 'field', '24', 'en_us', '');
INSERT INTO `craft_searchindex` (`elementId`, `attribute`, `fieldId`, `locale`, `keywords`) VALUES ('38', 'field', '25', 'en_us', '');
INSERT INTO `craft_searchindex` (`elementId`, `attribute`, `fieldId`, `locale`, `keywords`) VALUES ('38', 'field', '3', 'en_us', '');
INSERT INTO `craft_searchindex` (`elementId`, `attribute`, `fieldId`, `locale`, `keywords`) VALUES ('38', 'field', '8', 'en_us', '');
INSERT INTO `craft_searchindex` (`elementId`, `attribute`, `fieldId`, `locale`, `keywords`) VALUES ('38', 'field', '10', 'en_us', '');
INSERT INTO `craft_searchindex` (`elementId`, `attribute`, `fieldId`, `locale`, `keywords`) VALUES ('38', 'field', '34', 'en_us', '');
INSERT INTO `craft_searchindex` (`elementId`, `attribute`, `fieldId`, `locale`, `keywords`) VALUES ('38', 'field', '9', 'en_us', '');
INSERT INTO `craft_searchindex` (`elementId`, `attribute`, `fieldId`, `locale`, `keywords`) VALUES ('79', 'name', '0', 'en_us', ' interaction design ');
INSERT INTO `craft_searchindex` (`elementId`, `attribute`, `fieldId`, `locale`, `keywords`) VALUES ('80', 'name', '0', 'en_us', ' user experience design ');
INSERT INTO `craft_searchindex` (`elementId`, `attribute`, `fieldId`, `locale`, `keywords`) VALUES ('1', 'field', '28', 'en_us', '');
INSERT INTO `craft_searchindex` (`elementId`, `attribute`, `fieldId`, `locale`, `keywords`) VALUES ('1', 'field', '29', 'en_us', '');
INSERT INTO `craft_searchindex` (`elementId`, `attribute`, `fieldId`, `locale`, `keywords`) VALUES ('1', 'field', '31', 'en_us', '');
INSERT INTO `craft_searchindex` (`elementId`, `attribute`, `fieldId`, `locale`, `keywords`) VALUES ('1', 'field', '32', 'en_us', '');
INSERT INTO `craft_searchindex` (`elementId`, `attribute`, `fieldId`, `locale`, `keywords`) VALUES ('1', 'field', '33', 'en_us', '');
INSERT INTO `craft_searchindex` (`elementId`, `attribute`, `fieldId`, `locale`, `keywords`) VALUES ('1', 'field', '30', 'en_us', '');
INSERT INTO `craft_searchindex` (`elementId`, `attribute`, `fieldId`, `locale`, `keywords`) VALUES ('1', 'field', '34', 'en_us', ' interaction design user experience design ');



--
-- Schema for table `craft_sections`
--

DROP TABLE IF EXISTS `craft_sections`;

CREATE TABLE `craft_sections` (
  `id` int(11) NOT NULL AUTO_INCREMENT,
  `name` varchar(255) COLLATE utf8_unicode_ci NOT NULL,
  `handle` varchar(255) COLLATE utf8_unicode_ci NOT NULL,
  `type` enum('single','channel','structure') COLLATE utf8_unicode_ci NOT NULL DEFAULT 'channel',
  `hasUrls` tinyint(1) unsigned NOT NULL DEFAULT '1',
  `template` varchar(500) COLLATE utf8_unicode_ci DEFAULT NULL,
  `maxDepth` int(10) unsigned DEFAULT NULL,
  `dateCreated` datetime NOT NULL,
  `dateUpdated` datetime NOT NULL,
  `uid` char(36) COLLATE utf8_unicode_ci NOT NULL DEFAULT '0',
  PRIMARY KEY (`id`),
  UNIQUE KEY `craft_sections_name_unq_idx` (`name`),
  UNIQUE KEY `craft_sections_handle_unq_idx` (`handle`)
) ENGINE=InnoDB AUTO_INCREMENT=15 DEFAULT CHARSET=utf8 COLLATE=utf8_unicode_ci;

--
-- Data for table `craft_sections`
--

INSERT INTO `craft_sections` (`id`, `name`, `handle`, `type`, `hasUrls`, `template`, `maxDepth`, `dateCreated`, `dateUpdated`, `uid`) VALUES ('1', 'Homepage', 'homepage', 'single', '1', 'index', NULL, '2013-10-11 04:49:09', '2013-10-11 04:49:09', '929164db-06c3-4091-88c2-87c16667c19b');
INSERT INTO `craft_sections` (`id`, `name`, `handle`, `type`, `hasUrls`, `template`, `maxDepth`, `dateCreated`, `dateUpdated`, `uid`) VALUES ('3', 'Design Lab', 'designLab', 'channel', '1', 'design-lab/_entry.html', NULL, '2013-10-13 05:12:40', '2013-10-14 05:59:24', '702f41fe-d249-43f6-8ad7-0e70bd2213ce');
INSERT INTO `craft_sections` (`id`, `name`, `handle`, `type`, `hasUrls`, `template`, `maxDepth`, `dateCreated`, `dateUpdated`, `uid`) VALUES ('7', 'Project', 'project', 'channel', '1', 'project/_entry', NULL, '2013-10-13 05:29:59', '2013-10-14 04:21:29', 'a68e00d8-4ee6-480f-9246-b85d9faaef8b');
INSERT INTO `craft_sections` (`id`, `name`, `handle`, `type`, `hasUrls`, `template`, `maxDepth`, `dateCreated`, `dateUpdated`, `uid`) VALUES ('9', 'Interaction Design', 'interactionDesign', 'channel', '1', 'interaction-design/_entry', NULL, '2013-10-13 06:10:46', '2013-10-21 02:24:43', '011627bb-5b1b-4aa2-a919-a224b6efe748');
INSERT INTO `craft_sections` (`id`, `name`, `handle`, `type`, `hasUrls`, `template`, `maxDepth`, `dateCreated`, `dateUpdated`, `uid`) VALUES ('10', 'Interaction Design Admin', 'interactionDesignAdmin', 'channel', '1', 'interaction-design/_entry', NULL, '2013-10-13 06:22:43', '2013-10-21 03:46:32', '6a5acd4d-1f14-4935-8084-b804cef8ee8f');
INSERT INTO `craft_sections` (`id`, `name`, `handle`, `type`, `hasUrls`, `template`, `maxDepth`, `dateCreated`, `dateUpdated`, `uid`) VALUES ('11', 'Design Computing', 'designComputing', 'channel', '1', 'design-computing/_entry', NULL, '2013-10-13 12:06:40', '2013-10-14 07:30:49', '558ebd2a-1073-4456-ae65-5300e6e5714e');
INSERT INTO `craft_sections` (`id`, `name`, `handle`, `type`, `hasUrls`, `template`, `maxDepth`, `dateCreated`, `dateUpdated`, `uid`) VALUES ('12', 'Staff', 'staff', 'channel', '1', 'staff/_entry', NULL, '2013-10-22 04:35:53', '2013-10-22 04:35:53', 'c815023c-95bf-4b49-8c36-39a933984e15');
INSERT INTO `craft_sections` (`id`, `name`, `handle`, `type`, `hasUrls`, `template`, `maxDepth`, `dateCreated`, `dateUpdated`, `uid`) VALUES ('13', 'Research', 'research', 'channel', '0', NULL, NULL, '2013-10-23 00:34:10', '2013-10-23 01:13:19', 'a4130aca-cb20-4ecd-ac19-a921a4e79e34');
INSERT INTO `craft_sections` (`id`, `name`, `handle`, `type`, `hasUrls`, `template`, `maxDepth`, `dateCreated`, `dateUpdated`, `uid`) VALUES ('14', 'Publications', 'publications', 'channel', '1', 'publications/_entry', NULL, '2013-10-23 00:46:02', '2013-10-23 01:13:34', '4583251d-933f-4930-b3b4-e88b83783f79');



--
-- Schema for table `craft_sections_i18n`
--

DROP TABLE IF EXISTS `craft_sections_i18n`;

CREATE TABLE `craft_sections_i18n` (
  `id` int(11) NOT NULL AUTO_INCREMENT,
  `sectionId` int(11) NOT NULL,
  `locale` char(12) COLLATE utf8_unicode_ci NOT NULL,
  `urlFormat` varchar(255) COLLATE utf8_unicode_ci DEFAULT NULL,
  `nestedUrlFormat` varchar(255) COLLATE utf8_unicode_ci DEFAULT NULL,
  `dateCreated` datetime NOT NULL,
  `dateUpdated` datetime NOT NULL,
  `uid` char(36) COLLATE utf8_unicode_ci NOT NULL DEFAULT '0',
  PRIMARY KEY (`id`),
  UNIQUE KEY `craft_sections_i18n_sectionId_locale_unq_idx` (`sectionId`,`locale`),
  KEY `craft_sections_i18n_locale_fk` (`locale`)
) ENGINE=InnoDB AUTO_INCREMENT=15 DEFAULT CHARSET=utf8 COLLATE=utf8_unicode_ci;

--
-- Data for table `craft_sections_i18n`
--

INSERT INTO `craft_sections_i18n` (`id`, `sectionId`, `locale`, `urlFormat`, `nestedUrlFormat`, `dateCreated`, `dateUpdated`, `uid`) VALUES ('1', '1', 'en_us', '__home__', NULL, '2013-10-11 04:49:09', '2013-10-11 04:49:09', '2279433f-670a-45cb-915c-73072ae45d76');
INSERT INTO `craft_sections_i18n` (`id`, `sectionId`, `locale`, `urlFormat`, `nestedUrlFormat`, `dateCreated`, `dateUpdated`, `uid`) VALUES ('3', '3', 'en_us', 'design-lab/{postDate.year}/{slug}', NULL, '2013-10-13 05:12:40', '2013-10-14 05:59:24', '5e6ada3a-8acc-4ed6-9ed6-a863329078fe');
INSERT INTO `craft_sections_i18n` (`id`, `sectionId`, `locale`, `urlFormat`, `nestedUrlFormat`, `dateCreated`, `dateUpdated`, `uid`) VALUES ('7', '7', 'en_us', 'project/{postDate.year}/{slug}', NULL, '2013-10-13 05:29:59', '2013-10-14 04:21:30', '08a7236e-642d-4f41-80be-967f95757dee');
INSERT INTO `craft_sections_i18n` (`id`, `sectionId`, `locale`, `urlFormat`, `nestedUrlFormat`, `dateCreated`, `dateUpdated`, `uid`) VALUES ('9', '9', 'en_us', 'interaction-design/{type}/{slug}', NULL, '2013-10-13 06:10:46', '2013-10-13 06:10:46', 'f10e6920-11b3-4f9c-811e-ac312d4ef4a2');
INSERT INTO `craft_sections_i18n` (`id`, `sectionId`, `locale`, `urlFormat`, `nestedUrlFormat`, `dateCreated`, `dateUpdated`, `uid`) VALUES ('10', '10', 'en_us', 'interaction-design/{type}/{slug}', NULL, '2013-10-13 06:22:43', '2013-10-13 12:28:48', '22ac6f66-c6f3-4c99-aa55-aad03b4337da');
INSERT INTO `craft_sections_i18n` (`id`, `sectionId`, `locale`, `urlFormat`, `nestedUrlFormat`, `dateCreated`, `dateUpdated`, `uid`) VALUES ('11', '11', 'en_us', 'design-computing/{postDate.year}/{slug}', NULL, '2013-10-13 12:06:40', '2013-10-14 06:13:45', '78c8ff46-4ca8-408e-81fc-ac7c55673413');
INSERT INTO `craft_sections_i18n` (`id`, `sectionId`, `locale`, `urlFormat`, `nestedUrlFormat`, `dateCreated`, `dateUpdated`, `uid`) VALUES ('12', '12', 'en_us', 'staff/{slug}', NULL, '2013-10-22 04:35:53', '2013-10-22 04:35:53', '5f8c1568-6887-48ff-8df4-7ecaba4a05a5');
INSERT INTO `craft_sections_i18n` (`id`, `sectionId`, `locale`, `urlFormat`, `nestedUrlFormat`, `dateCreated`, `dateUpdated`, `uid`) VALUES ('13', '13', 'en_us', NULL, NULL, '2013-10-23 00:34:10', '2013-10-23 01:13:19', 'd884d1a1-ff2c-44d2-98ed-c92dbc6697f8');
INSERT INTO `craft_sections_i18n` (`id`, `sectionId`, `locale`, `urlFormat`, `nestedUrlFormat`, `dateCreated`, `dateUpdated`, `uid`) VALUES ('14', '14', 'en_us', 'publications/{type}/{slug}', NULL, '2013-10-23 00:46:02', '2013-10-23 01:13:34', '79a7026a-b078-4881-b167-1483416c8866');



--
-- Schema for table `craft_sessions`
--

DROP TABLE IF EXISTS `craft_sessions`;

CREATE TABLE `craft_sessions` (
  `id` int(11) NOT NULL AUTO_INCREMENT,
  `userId` int(11) NOT NULL,
  `token` char(100) COLLATE utf8_unicode_ci NOT NULL,
  `dateCreated` datetime NOT NULL,
  `dateUpdated` datetime NOT NULL,
  `uid` char(36) COLLATE utf8_unicode_ci NOT NULL DEFAULT '0',
  PRIMARY KEY (`id`),
  KEY `craft_sessions_uid_idx` (`uid`),
  KEY `craft_sessions_token_idx` (`token`),
  KEY `craft_sessions_dateUpdated_idx` (`dateUpdated`),
  KEY `craft_sessions_userId_fk` (`userId`)
) ENGINE=InnoDB AUTO_INCREMENT=20 DEFAULT CHARSET=utf8 COLLATE=utf8_unicode_ci;

--
-- Data for table `craft_sessions`
--

INSERT INTO `craft_sessions` (`id`, `userId`, `token`, `dateCreated`, `dateUpdated`, `uid`) VALUES ('1', '1', 'dbbe7158831b197b1d9ac5df90911b652cfebce2czozNjoiMjg5YTVlNWUtNGQyOC00ZDE5LTgwYWQtNTkyY2IzOWVlY2QyIjs=', '2013-10-11 04:49:09', '2013-10-11 04:49:09', 'fa48489f-f26b-4ff2-ac3b-110ba64e1774');
INSERT INTO `craft_sessions` (`id`, `userId`, `token`, `dateCreated`, `dateUpdated`, `uid`) VALUES ('2', '1', '59fd35ffa0f1ad444b4a7ca025607b9b24373ccdczozNjoiNWIyMjdiMDAtZTEwOC00ZWEwLWEyNzAtYTVmODZlODQ2NzFlIjs=', '2013-10-11 05:02:09', '2013-10-11 05:02:09', 'c4369baf-41e2-45f6-a0f6-89b43b7a886f');
INSERT INTO `craft_sessions` (`id`, `userId`, `token`, `dateCreated`, `dateUpdated`, `uid`) VALUES ('3', '1', 'a06c8f2cebf254d68c032016c20bd549a1e84244czozNjoiYmI3ZjZlOTctZWM0OS00MGFlLWE3MDUtYjBjNzcxMzgwNDc5Ijs=', '2013-10-13 04:27:59', '2013-10-13 04:27:59', '35d34dc4-7da0-4d9d-81a7-c6ffc12cb656');
INSERT INTO `craft_sessions` (`id`, `userId`, `token`, `dateCreated`, `dateUpdated`, `uid`) VALUES ('4', '7', '03f873ed4c311cbd2cc9cc43c37540a3528a71f8czozNjoiM2E3ZmIyMmEtOWQzMS00ZGZkLTgyYjEtOWI1OGM2OTViYWYzIjs=', '2013-10-13 05:50:21', '2013-10-13 05:50:21', '823bde54-191e-4c78-9b35-534d4bc7c26e');
INSERT INTO `craft_sessions` (`id`, `userId`, `token`, `dateCreated`, `dateUpdated`, `uid`) VALUES ('5', '1', '73133137855614deda19b94126c5b48db6f02854czozNjoiYmQ5Y2NkODctNjE2OC00YTgzLWJjYzAtY2E0YjcwNjZlZGQ4Ijs=', '2013-10-14 01:45:02', '2013-10-14 01:45:02', '0bb9312e-2d13-4548-a72a-8c7bca9d0e85');
INSERT INTO `craft_sessions` (`id`, `userId`, `token`, `dateCreated`, `dateUpdated`, `uid`) VALUES ('6', '38', '2e29d5d2c4fac6cc920f2a564c6e7e3f19458669czozNjoiYWRmOTdjNzUtZGU0ZC00NzBkLThjNWEtNzI3MTdiNTZjZDI3Ijs=', '2013-10-14 04:47:50', '2013-10-14 04:47:50', 'f8b49c92-753a-427d-9651-908f5c0dcc4f');
INSERT INTO `craft_sessions` (`id`, `userId`, `token`, `dateCreated`, `dateUpdated`, `uid`) VALUES ('7', '1', '12954e2b6e78ed21cfdb21f2e5a3e33e4569f8b2czozNjoiODg2YThlMzktNjVkYy00YjIxLThmN2EtZjQzZTFmMTJhMWJlIjs=', '2013-10-14 08:56:19', '2013-10-14 08:56:19', '4e24b32d-82b0-4f9c-8359-e2085dec2be8');
INSERT INTO `craft_sessions` (`id`, `userId`, `token`, `dateCreated`, `dateUpdated`, `uid`) VALUES ('8', '1', 'dde991827a34c8733e4e0e0bece0f1f3835a8df3czozNjoiZTAyMWUyMmYtYjgxYi00NzM2LWFkNjEtNGU5ZTE4N2UyZmY1Ijs=', '2013-10-15 02:19:52', '2013-10-15 02:19:52', '1cff6f52-4ed3-429d-b2a9-73e14451f51e');
INSERT INTO `craft_sessions` (`id`, `userId`, `token`, `dateCreated`, `dateUpdated`, `uid`) VALUES ('9', '1', 'aefda508c5692bd675e958800d094d0dc6376418czozNjoiMDVjMmQ1Y2EtYmYxMy00MWQ0LWJjNjktNmQwZjRlYmIwZGFhIjs=', '2013-10-16 03:27:35', '2013-10-16 03:27:35', 'cba2a2a3-bc6d-4442-8c89-2bcc4f1eebe5');
INSERT INTO `craft_sessions` (`id`, `userId`, `token`, `dateCreated`, `dateUpdated`, `uid`) VALUES ('10', '1', '3140eae9f9362abab3493821a6ec599838dbbc8dczozNjoiNWFjNDA2MDEtOTIxYy00YzgzLTgwMDktZGZkMDJiOTA4YjlkIjs=', '2013-10-21 00:01:51', '2013-10-21 00:01:51', 'a9b8a365-e18c-4610-8743-6efc44a931e9');
INSERT INTO `craft_sessions` (`id`, `userId`, `token`, `dateCreated`, `dateUpdated`, `uid`) VALUES ('13', '7', 'b9d8d57b05b6fee58deb7f1c66f0d65e4eade242czozNjoiNzAyYWZkOGItZWEwNS00YTQ3LWI0ODUtN2UwMzMyM2Y3ZTA1Ijs=', '2013-10-21 10:50:45', '2013-10-21 10:50:45', '58bc731a-31be-4182-9d8c-4f37d764ca88');
INSERT INTO `craft_sessions` (`id`, `userId`, `token`, `dateCreated`, `dateUpdated`, `uid`) VALUES ('14', '1', '100f689e18a22ebbcc022674e02b19e6c5811bcbczozNjoiYjM4NzZmNDktMzk1MC00YjlkLTlhOWQtZjM0YzVjOGQwNmYzIjs=', '2013-10-22 03:28:31', '2013-10-22 03:28:31', '24a687bf-254a-49cd-b545-e87a47bb47db');
INSERT INTO `craft_sessions` (`id`, `userId`, `token`, `dateCreated`, `dateUpdated`, `uid`) VALUES ('15', '1', 'd1c4cffb5ae5014b0c3d25d4f44728f1bc034119czozNjoiNWY3N2U4ZDItMjc4OC00OGNhLTk3MGEtMzkwMWI2YzlhYTc2Ijs=', '2013-10-23 00:33:45', '2013-10-23 00:33:45', '9b100e3b-ac0d-43a7-a82f-270086eb51fa');
INSERT INTO `craft_sessions` (`id`, `userId`, `token`, `dateCreated`, `dateUpdated`, `uid`) VALUES ('16', '1', '11da4a0775ab4bda22707aba559615bf537872baczozNjoiNGNkZTcxOGUtNmFjYy00ZmMzLWI0OGYtYmYzNTk5NjQ3YjQxIjs=', '2013-10-24 03:36:56', '2013-10-24 03:36:56', '471f837c-8124-4be9-b6a2-d69c163f2df6');
INSERT INTO `craft_sessions` (`id`, `userId`, `token`, `dateCreated`, `dateUpdated`, `uid`) VALUES ('17', '58', '8ee5afaeb9ce1ebec16286740e3c0a7fe2be0420czozNjoiN2E0ZDE5OTQtZTU5My00MTY5LWFlNTEtZWUyMWZiZjZmZWM1Ijs=', '2013-10-24 04:15:09', '2013-10-24 04:15:09', 'd360599b-92dc-4481-a74a-d2bcd04f19e0');
INSERT INTO `craft_sessions` (`id`, `userId`, `token`, `dateCreated`, `dateUpdated`, `uid`) VALUES ('18', '1', 'e04a6f3b95e41be542d1b475988b851396122d14czozNjoiMjJlODI1YjItNTI1NC00YjM2LWFlMTAtNWQxZTQ0MzkyOGIxIjs=', '2013-10-29 01:26:54', '2013-10-29 01:26:54', '904767df-cbca-4e19-946d-de164ad9718b');
INSERT INTO `craft_sessions` (`id`, `userId`, `token`, `dateCreated`, `dateUpdated`, `uid`) VALUES ('19', '1', 'f84fa75695584f2986d3aa2b309ad6f1bac67a24czozNjoiOWQzOGVmZTUtMjVhYy00ZTIwLTgyN2EtZmU2YWRhZjc3Yzk3Ijs=', '2013-10-30 01:18:26', '2013-10-30 01:18:26', '4e932dd3-7f8b-42b5-ae50-129720f97a90');



--
-- Schema for table `craft_shunnedmessages`
--

DROP TABLE IF EXISTS `craft_shunnedmessages`;

CREATE TABLE `craft_shunnedmessages` (
  `id` int(11) NOT NULL AUTO_INCREMENT,
  `userId` int(11) NOT NULL,
  `message` varchar(255) COLLATE utf8_unicode_ci NOT NULL,
  `expiryDate` datetime DEFAULT NULL,
  `dateCreated` datetime NOT NULL,
  `dateUpdated` datetime NOT NULL,
  `uid` char(36) COLLATE utf8_unicode_ci NOT NULL DEFAULT '0',
  PRIMARY KEY (`id`),
  UNIQUE KEY `craft_shunnedmessages_userId_message_unq_idx` (`userId`,`message`)
) ENGINE=InnoDB DEFAULT CHARSET=utf8 COLLATE=utf8_unicode_ci;

--
-- Schema for table `craft_systemsettings`
--

DROP TABLE IF EXISTS `craft_systemsettings`;

CREATE TABLE `craft_systemsettings` (
  `id` int(11) NOT NULL AUTO_INCREMENT,
  `category` varchar(15) COLLATE utf8_unicode_ci NOT NULL,
  `settings` text COLLATE utf8_unicode_ci,
  `dateCreated` datetime NOT NULL,
  `dateUpdated` datetime NOT NULL,
  `uid` char(36) COLLATE utf8_unicode_ci NOT NULL DEFAULT '0',
  PRIMARY KEY (`id`),
  UNIQUE KEY `craft_systemsettings_category_unq_idx` (`category`)
) ENGINE=InnoDB AUTO_INCREMENT=2 DEFAULT CHARSET=utf8 COLLATE=utf8_unicode_ci;

--
-- Data for table `craft_systemsettings`
--

INSERT INTO `craft_systemsettings` (`id`, `category`, `settings`, `dateCreated`, `dateUpdated`, `uid`) VALUES ('1', 'email', '{\"protocol\":\"php\",\"emailAddress\":\"ro.brett@gmail.com\",\"senderName\":\"Design Lab\"}', '2013-10-11 04:49:09', '2013-10-11 04:49:09', 'bd677c33-ae16-4094-861a-c60c114f23f1');



--
-- Schema for table `craft_tags`
--

DROP TABLE IF EXISTS `craft_tags`;

CREATE TABLE `craft_tags` (
  `id` int(11) NOT NULL,
  `setId` int(11) NOT NULL,
  `name` varchar(255) COLLATE utf8_unicode_ci NOT NULL,
  `dateCreated` datetime NOT NULL,
  `dateUpdated` datetime NOT NULL,
  `uid` char(36) COLLATE utf8_unicode_ci NOT NULL DEFAULT '0',
  PRIMARY KEY (`id`),
  UNIQUE KEY `craft_tags_setId_name_unq_idx` (`setId`,`name`)
) ENGINE=InnoDB DEFAULT CHARSET=utf8 COLLATE=utf8_unicode_ci;

--
-- Data for table `craft_tags`
--

INSERT INTO `craft_tags` (`id`, `setId`, `name`, `dateCreated`, `dateUpdated`, `uid`) VALUES ('15', '1', '3d Printing', '2013-10-13 07:03:40', '2013-10-13 07:03:40', 'fba2fb06-11ca-4251-beba-cebd48d72f5e');
INSERT INTO `craft_tags` (`id`, `setId`, `name`, `dateCreated`, `dateUpdated`, `uid`) VALUES ('16', '1', 'Film', '2013-10-13 07:03:40', '2013-10-13 07:03:40', '4128fb3d-1cc4-43a6-a8ab-2ac14d66aa2b');
INSERT INTO `craft_tags` (`id`, `setId`, `name`, `dateCreated`, `dateUpdated`, `uid`) VALUES ('18', '1', 'iXD', '2013-10-13 07:50:28', '2013-10-13 07:50:28', '11735846-1007-466c-b40d-81d37bbbb38e');
INSERT INTO `craft_tags` (`id`, `setId`, `name`, `dateCreated`, `dateUpdated`, `uid`) VALUES ('27', '1', 'Heuristic Evaluation', '2013-10-13 11:31:01', '2013-10-13 11:31:01', '2c163753-02f3-4885-af93-e87c9525bdf0');
INSERT INTO `craft_tags` (`id`, `setId`, `name`, `dateCreated`, `dateUpdated`, `uid`) VALUES ('28', '1', 'Usability', '2013-10-13 11:31:01', '2013-10-13 11:31:01', '6bb1f555-f90b-42ba-89c8-705f37f3485f');
INSERT INTO `craft_tags` (`id`, `setId`, `name`, `dateCreated`, `dateUpdated`, `uid`) VALUES ('29', '1', 'User Focus', '2013-10-13 11:31:01', '2013-10-13 11:31:01', 'fde3394e-c390-4b2c-8df5-bcddc7cd2677');
INSERT INTO `craft_tags` (`id`, `setId`, `name`, `dateCreated`, `dateUpdated`, `uid`) VALUES ('33', '1', 'Physical Computing', '2013-10-14 02:42:43', '2013-10-14 02:42:43', 'de4a271d-9133-4163-ac3d-1f35bcbe1c3a');
INSERT INTO `craft_tags` (`id`, `setId`, `name`, `dateCreated`, `dateUpdated`, `uid`) VALUES ('34', '1', 'Time Capsules', '2013-10-14 02:42:43', '2013-10-14 02:42:43', '0e2db079-334c-4ba5-b681-8f8e27b9063e');
INSERT INTO `craft_tags` (`id`, `setId`, `name`, `dateCreated`, `dateUpdated`, `uid`) VALUES ('35', '1', 'Social Networks', '2013-10-14 02:42:43', '2013-10-14 02:42:43', '49035687-e7e4-4ec1-89de-50d3ebf4c732');
INSERT INTO `craft_tags` (`id`, `setId`, `name`, `dateCreated`, `dateUpdated`, `uid`) VALUES ('40', '1', 'news', '2013-10-14 06:04:38', '2013-10-14 06:04:38', 'fb169af1-61c1-491d-9316-5772424b85db');
INSERT INTO `craft_tags` (`id`, `setId`, `name`, `dateCreated`, `dateUpdated`, `uid`) VALUES ('64', '2', 'Computational Design', '2013-10-23 02:35:43', '2013-10-23 02:35:43', '8135a933-b7e7-4643-9c3b-9c47be7e83bb');
INSERT INTO `craft_tags` (`id`, `setId`, `name`, `dateCreated`, `dateUpdated`, `uid`) VALUES ('71', '1', 'Vivid', '2013-10-24 03:48:34', '2013-10-24 03:48:34', 'c158e46e-e94f-4f71-9deb-13264faecf3d');
INSERT INTO `craft_tags` (`id`, `setId`, `name`, `dateCreated`, `dateUpdated`, `uid`) VALUES ('79', '2', 'Interaction Design', '2013-10-29 04:34:51', '2013-10-29 04:34:51', 'fa564170-0c35-4735-897c-f657f46bb563');
INSERT INTO `craft_tags` (`id`, `setId`, `name`, `dateCreated`, `dateUpdated`, `uid`) VALUES ('80', '2', 'User Experience Design', '2013-10-29 04:34:51', '2013-10-29 04:34:51', '062f4e5d-8473-4c77-a488-2421ab72ccc6');



--
-- Schema for table `craft_tagsets`
--

DROP TABLE IF EXISTS `craft_tagsets`;

CREATE TABLE `craft_tagsets` (
  `id` int(11) NOT NULL AUTO_INCREMENT,
  `name` varchar(255) COLLATE utf8_unicode_ci NOT NULL,
  `handle` varchar(255) COLLATE utf8_unicode_ci NOT NULL,
  `fieldLayoutId` int(10) DEFAULT NULL,
  `dateCreated` datetime NOT NULL,
  `dateUpdated` datetime NOT NULL,
  `uid` char(36) COLLATE utf8_unicode_ci NOT NULL DEFAULT '0',
  PRIMARY KEY (`id`),
  UNIQUE KEY `craft_tagsets_name_unq_idx` (`name`),
  UNIQUE KEY `craft_tagsets_handle_unq_idx` (`handle`),
  KEY `craft_tagsets_fieldLayoutId_fk` (`fieldLayoutId`)
) ENGINE=InnoDB AUTO_INCREMENT=3 DEFAULT CHARSET=utf8 COLLATE=utf8_unicode_ci;

--
-- Data for table `craft_tagsets`
--

INSERT INTO `craft_tagsets` (`id`, `name`, `handle`, `fieldLayoutId`, `dateCreated`, `dateUpdated`, `uid`) VALUES ('1', 'Default', 'default', '1', '2013-10-11 04:49:09', '2013-10-11 04:49:09', '2ec26b48-61d9-4853-a0ce-ad18f031e4bc');
INSERT INTO `craft_tagsets` (`id`, `name`, `handle`, `fieldLayoutId`, `dateCreated`, `dateUpdated`, `uid`) VALUES ('2', 'User Tags', 'userTags', '80', '2013-10-23 02:34:03', '2013-10-23 02:34:03', '9ff94120-81c6-4d25-a6ed-0e500b6c7062');



--
-- Schema for table `craft_usergroups`
--

DROP TABLE IF EXISTS `craft_usergroups`;

CREATE TABLE `craft_usergroups` (
  `id` int(11) NOT NULL AUTO_INCREMENT,
  `name` varchar(255) COLLATE utf8_unicode_ci NOT NULL,
  `handle` varchar(255) COLLATE utf8_unicode_ci NOT NULL,
  `dateCreated` datetime NOT NULL,
  `dateUpdated` datetime NOT NULL,
  `uid` char(36) COLLATE utf8_unicode_ci NOT NULL DEFAULT '0',
  PRIMARY KEY (`id`)
) ENGINE=InnoDB AUTO_INCREMENT=5 DEFAULT CHARSET=utf8 COLLATE=utf8_unicode_ci;

--
-- Data for table `craft_usergroups`
--

INSERT INTO `craft_usergroups` (`id`, `name`, `handle`, `dateCreated`, `dateUpdated`, `uid`) VALUES ('1', 'Design Computing 2012', 'designComputing2012', '2013-10-13 05:37:24', '2013-10-13 06:25:49', 'c72dd060-9e38-402f-afc1-7eea4620055f');
INSERT INTO `craft_usergroups` (`id`, `name`, `handle`, `dateCreated`, `dateUpdated`, `uid`) VALUES ('2', 'Interaction Design', 'interactionDesign', '2013-10-13 11:35:35', '2013-10-13 11:35:35', 'e456e9e0-d3bf-41ae-ad09-91e6920f3306');
INSERT INTO `craft_usergroups` (`id`, `name`, `handle`, `dateCreated`, `dateUpdated`, `uid`) VALUES ('3', 'Interaction Design Admin', 'interactionDesignAdmin', '2013-10-14 04:46:23', '2013-10-14 04:46:23', 'baa53af4-977d-49da-be9f-660b5082aac7');
INSERT INTO `craft_usergroups` (`id`, `name`, `handle`, `dateCreated`, `dateUpdated`, `uid`) VALUES ('4', 'Lecturers', 'lecturers', '2013-10-23 01:12:38', '2013-10-23 01:12:38', '5fc867e9-e891-4e45-9153-a21c0e2d202a');



--
-- Schema for table `craft_usergroups_users`
--

DROP TABLE IF EXISTS `craft_usergroups_users`;

CREATE TABLE `craft_usergroups_users` (
  `id` int(11) NOT NULL AUTO_INCREMENT,
  `groupId` int(11) NOT NULL,
  `userId` int(11) NOT NULL,
  `dateCreated` datetime NOT NULL,
  `dateUpdated` datetime NOT NULL,
  `uid` char(36) COLLATE utf8_unicode_ci NOT NULL DEFAULT '0',
  PRIMARY KEY (`id`),
  UNIQUE KEY `craft_usergroups_users_groupId_userId_unq_idx` (`groupId`,`userId`),
  KEY `craft_usergroups_users_userId_fk` (`userId`)
) ENGINE=InnoDB AUTO_INCREMENT=10 DEFAULT CHARSET=utf8 COLLATE=utf8_unicode_ci;

--
-- Data for table `craft_usergroups_users`
--

INSERT INTO `craft_usergroups_users` (`id`, `groupId`, `userId`, `dateCreated`, `dateUpdated`, `uid`) VALUES ('1', '1', '7', '2013-10-13 05:50:05', '2013-10-13 05:50:05', '149b7e78-1c01-49b4-bfb3-1fcb62263f4f');
INSERT INTO `craft_usergroups_users` (`id`, `groupId`, `userId`, `dateCreated`, `dateUpdated`, `uid`) VALUES ('3', '1', '23', '2013-10-13 11:35:55', '2013-10-13 11:35:55', '65ff10d5-39b5-475b-b8ee-3f5999ef6674');
INSERT INTO `craft_usergroups_users` (`id`, `groupId`, `userId`, `dateCreated`, `dateUpdated`, `uid`) VALUES ('4', '2', '23', '2013-10-13 11:35:55', '2013-10-13 11:35:55', '548801bf-3865-4b26-a1a2-a557c2ed11b0');
INSERT INTO `craft_usergroups_users` (`id`, `groupId`, `userId`, `dateCreated`, `dateUpdated`, `uid`) VALUES ('6', '2', '1', '2013-10-21 06:30:29', '2013-10-21 06:30:29', '5761e7e6-41d7-43c3-901e-d590dd3bae65');
INSERT INTO `craft_usergroups_users` (`id`, `groupId`, `userId`, `dateCreated`, `dateUpdated`, `uid`) VALUES ('7', '4', '58', '2013-10-23 02:35:20', '2013-10-23 02:35:20', '8b8dba8a-f002-45da-a893-d5df167a009a');
INSERT INTO `craft_usergroups_users` (`id`, `groupId`, `userId`, `dateCreated`, `dateUpdated`, `uid`) VALUES ('8', '2', '38', '2013-10-29 02:22:33', '2013-10-29 02:22:33', 'a5fc12c8-7b5f-4e70-a098-fcba77f6bf86');
INSERT INTO `craft_usergroups_users` (`id`, `groupId`, `userId`, `dateCreated`, `dateUpdated`, `uid`) VALUES ('9', '3', '38', '2013-10-29 02:22:33', '2013-10-29 02:22:33', '6f0df772-55fd-46da-9340-e8e39ddc0ba8');



--
-- Schema for table `craft_userpermissions`
--

DROP TABLE IF EXISTS `craft_userpermissions`;

CREATE TABLE `craft_userpermissions` (
  `id` int(11) NOT NULL AUTO_INCREMENT,
  `name` varchar(255) COLLATE utf8_unicode_ci NOT NULL,
  `dateCreated` datetime NOT NULL,
  `dateUpdated` datetime NOT NULL,
  `uid` char(36) COLLATE utf8_unicode_ci NOT NULL DEFAULT '0',
  PRIMARY KEY (`id`),
  UNIQUE KEY `craft_userpermissions_name_unq_idx` (`name`)
) ENGINE=InnoDB AUTO_INCREMENT=32 DEFAULT CHARSET=utf8 COLLATE=utf8_unicode_ci;

--
-- Data for table `craft_userpermissions`
--

INSERT INTO `craft_userpermissions` (`id`, `name`, `dateCreated`, `dateUpdated`, `uid`) VALUES ('1', 'editentries:7', '2013-10-13 05:37:24', '2013-10-13 05:37:24', '066c60fc-4890-482a-b3e9-57373a8d4807');
INSERT INTO `craft_userpermissions` (`id`, `name`, `dateCreated`, `dateUpdated`, `uid`) VALUES ('2', 'createentries:7', '2013-10-13 05:37:24', '2013-10-13 05:37:24', 'aa87d626-4443-4d9d-863d-5fc210a0bcea');
INSERT INTO `craft_userpermissions` (`id`, `name`, `dateCreated`, `dateUpdated`, `uid`) VALUES ('3', 'publishentries:7', '2013-10-13 05:37:24', '2013-10-13 05:37:24', '0fe6b488-2074-4935-bc31-4a0364fb5640');
INSERT INTO `craft_userpermissions` (`id`, `name`, `dateCreated`, `dateUpdated`, `uid`) VALUES ('4', 'accesscp', '2013-10-13 05:48:22', '2013-10-13 05:48:22', '694ec8fb-aa20-4bd7-a729-49d853f8382c');
INSERT INTO `craft_userpermissions` (`id`, `name`, `dateCreated`, `dateUpdated`, `uid`) VALUES ('5', 'editentries:8', '2013-10-13 05:48:22', '2013-10-13 05:48:22', 'f9d54ad0-03e7-43e2-878d-bcc39c0b35c1');
INSERT INTO `craft_userpermissions` (`id`, `name`, `dateCreated`, `dateUpdated`, `uid`) VALUES ('6', 'createentries:8', '2013-10-13 05:48:22', '2013-10-13 05:48:22', '85911184-8b0b-4582-b91c-ebc26b201536');
INSERT INTO `craft_userpermissions` (`id`, `name`, `dateCreated`, `dateUpdated`, `uid`) VALUES ('7', 'viewassetsource:1', '2013-10-13 05:53:00', '2013-10-13 05:53:00', 'a9565428-025b-4428-929a-c731c0c7e8c8');
INSERT INTO `craft_userpermissions` (`id`, `name`, `dateCreated`, `dateUpdated`, `uid`) VALUES ('8', 'editentries:9', '2013-10-13 06:25:49', '2013-10-13 06:25:49', '66102b35-0a78-40d0-9b12-52499255116a');
INSERT INTO `craft_userpermissions` (`id`, `name`, `dateCreated`, `dateUpdated`, `uid`) VALUES ('9', 'createentries:9', '2013-10-13 06:25:49', '2013-10-13 06:25:49', '43a692fc-dede-4cb8-a8af-45c341906b10');
INSERT INTO `craft_userpermissions` (`id`, `name`, `dateCreated`, `dateUpdated`, `uid`) VALUES ('10', 'publishentries:9', '2013-10-13 06:25:49', '2013-10-13 06:25:49', 'd3fea0e2-084e-4516-9625-5a5ccdb1425e');
INSERT INTO `craft_userpermissions` (`id`, `name`, `dateCreated`, `dateUpdated`, `uid`) VALUES ('11', 'editpeerentries:9', '2013-10-14 04:46:23', '2013-10-14 04:46:23', 'f0a55971-511d-4908-b5e6-9185adeca16b');
INSERT INTO `craft_userpermissions` (`id`, `name`, `dateCreated`, `dateUpdated`, `uid`) VALUES ('12', 'deletepeerentries:9', '2013-10-14 04:46:23', '2013-10-14 04:46:23', '45197f95-a311-4238-917b-2383950763e2');
INSERT INTO `craft_userpermissions` (`id`, `name`, `dateCreated`, `dateUpdated`, `uid`) VALUES ('13', 'editentries:10', '2013-10-14 04:46:23', '2013-10-14 04:46:23', 'eb1f90e2-9fd0-4ee8-bed2-1dee1b234908');
INSERT INTO `craft_userpermissions` (`id`, `name`, `dateCreated`, `dateUpdated`, `uid`) VALUES ('14', 'createentries:10', '2013-10-14 04:46:23', '2013-10-14 04:46:23', 'a3eaf6dc-225b-439f-9ed4-23e061360cf9');
INSERT INTO `craft_userpermissions` (`id`, `name`, `dateCreated`, `dateUpdated`, `uid`) VALUES ('15', 'publishentries:10', '2013-10-14 04:46:23', '2013-10-14 04:46:23', '55a46620-724a-49a6-8fd3-a9b8cf72277f');
INSERT INTO `craft_userpermissions` (`id`, `name`, `dateCreated`, `dateUpdated`, `uid`) VALUES ('16', 'editpeerentries:10', '2013-10-14 04:46:23', '2013-10-14 04:46:23', 'f34668bb-b29c-48af-8108-7082db3244d7');
INSERT INTO `craft_userpermissions` (`id`, `name`, `dateCreated`, `dateUpdated`, `uid`) VALUES ('17', 'deletepeerentries:10', '2013-10-14 04:46:23', '2013-10-14 04:46:23', 'a04fcc2c-26b1-4157-86df-290a0cca79dc');
INSERT INTO `craft_userpermissions` (`id`, `name`, `dateCreated`, `dateUpdated`, `uid`) VALUES ('18', 'accesssitewhensystemisoff', '2013-10-23 01:12:38', '2013-10-23 01:12:38', 'f7920583-ec57-498a-a960-aad15e4b499f');
INSERT INTO `craft_userpermissions` (`id`, `name`, `dateCreated`, `dateUpdated`, `uid`) VALUES ('19', 'accesscpwhensystemisoff', '2013-10-23 01:12:38', '2013-10-23 01:12:38', 'ccd1d801-a752-4c67-8768-a8ba5f920398');
INSERT INTO `craft_userpermissions` (`id`, `name`, `dateCreated`, `dateUpdated`, `uid`) VALUES ('20', 'performupdates', '2013-10-23 01:12:38', '2013-10-23 01:12:38', '8e34574f-f632-479a-99a7-53fbe6b28fe5');
INSERT INTO `craft_userpermissions` (`id`, `name`, `dateCreated`, `dateUpdated`, `uid`) VALUES ('21', 'editusers', '2013-10-23 01:12:38', '2013-10-23 01:12:38', '7d94202f-86e8-4dd5-adf3-61ea57cbae71');
INSERT INTO `craft_userpermissions` (`id`, `name`, `dateCreated`, `dateUpdated`, `uid`) VALUES ('22', 'registerusers', '2013-10-23 01:12:38', '2013-10-23 01:12:38', 'ad26c64e-5c55-4360-b672-9aa631769103');
INSERT INTO `craft_userpermissions` (`id`, `name`, `dateCreated`, `dateUpdated`, `uid`) VALUES ('23', 'administrateusers', '2013-10-23 01:12:38', '2013-10-23 01:12:38', 'ee60d4fa-1200-43b8-b12b-2dda82f58798');
INSERT INTO `craft_userpermissions` (`id`, `name`, `dateCreated`, `dateUpdated`, `uid`) VALUES ('24', 'editentries:14', '2013-10-23 01:12:38', '2013-10-23 01:12:38', 'd775249f-1f60-4f7b-99db-4135b5253538');
INSERT INTO `craft_userpermissions` (`id`, `name`, `dateCreated`, `dateUpdated`, `uid`) VALUES ('25', 'createentries:14', '2013-10-23 01:12:38', '2013-10-23 01:12:38', '5cea1a74-3646-4de2-a6df-12b5e4f93744');
INSERT INTO `craft_userpermissions` (`id`, `name`, `dateCreated`, `dateUpdated`, `uid`) VALUES ('26', 'publishentries:14', '2013-10-23 01:12:38', '2013-10-23 01:12:38', '32d71357-2d20-41be-ac6e-3f674314ab0b');
INSERT INTO `craft_userpermissions` (`id`, `name`, `dateCreated`, `dateUpdated`, `uid`) VALUES ('27', 'deleteentries:14', '2013-10-23 01:12:38', '2013-10-23 01:12:38', 'd035caa6-0146-4912-92b5-a6ac23e17f9d');
INSERT INTO `craft_userpermissions` (`id`, `name`, `dateCreated`, `dateUpdated`, `uid`) VALUES ('28', 'editentries:13', '2013-10-23 01:12:38', '2013-10-23 01:12:38', '478a28b9-7e6b-44c5-8d80-1f24093a3506');
INSERT INTO `craft_userpermissions` (`id`, `name`, `dateCreated`, `dateUpdated`, `uid`) VALUES ('29', 'createentries:13', '2013-10-23 01:12:38', '2013-10-23 01:12:38', '2e91e402-163d-4d65-ab11-b9d36cb2492b');
INSERT INTO `craft_userpermissions` (`id`, `name`, `dateCreated`, `dateUpdated`, `uid`) VALUES ('30', 'publishentries:13', '2013-10-23 01:12:38', '2013-10-23 01:12:38', '45bff8df-3590-40ca-9144-a9a6a9431358');
INSERT INTO `craft_userpermissions` (`id`, `name`, `dateCreated`, `dateUpdated`, `uid`) VALUES ('31', 'deleteentries:13', '2013-10-23 01:12:38', '2013-10-23 01:12:38', '598ed0d9-7b8c-4a3a-811b-53ec9a8cf6ef');



--
-- Schema for table `craft_userpermissions_usergroups`
--

DROP TABLE IF EXISTS `craft_userpermissions_usergroups`;

CREATE TABLE `craft_userpermissions_usergroups` (
  `id` int(11) NOT NULL AUTO_INCREMENT,
  `permissionId` int(11) NOT NULL,
  `groupId` int(11) NOT NULL,
  `dateCreated` datetime NOT NULL,
  `dateUpdated` datetime NOT NULL,
  `uid` char(36) COLLATE utf8_unicode_ci NOT NULL DEFAULT '0',
  PRIMARY KEY (`id`),
  UNIQUE KEY `craft_userpermissions_usergroups_permissionId_groupId_unq_idx` (`permissionId`,`groupId`),
  KEY `craft_userpermissions_usergroups_groupId_fk` (`groupId`)
) ENGINE=InnoDB AUTO_INCREMENT=57 DEFAULT CHARSET=utf8 COLLATE=utf8_unicode_ci;

--
-- Data for table `craft_userpermissions_usergroups`
--

INSERT INTO `craft_userpermissions_usergroups` (`id`, `permissionId`, `groupId`, `dateCreated`, `dateUpdated`, `uid`) VALUES ('17', '4', '1', '2013-10-13 06:25:49', '2013-10-13 06:25:49', 'b050eac6-7027-4d76-92ce-5b8c7159b6b9');
INSERT INTO `craft_userpermissions_usergroups` (`id`, `permissionId`, `groupId`, `dateCreated`, `dateUpdated`, `uid`) VALUES ('18', '8', '1', '2013-10-13 06:25:49', '2013-10-13 06:25:49', '8f02c39f-0fbb-4cd7-83f8-91acd68dd03f');
INSERT INTO `craft_userpermissions_usergroups` (`id`, `permissionId`, `groupId`, `dateCreated`, `dateUpdated`, `uid`) VALUES ('19', '9', '1', '2013-10-13 06:25:49', '2013-10-13 06:25:49', '8a4ea573-a557-45c6-a953-a48b26cd5f73');
INSERT INTO `craft_userpermissions_usergroups` (`id`, `permissionId`, `groupId`, `dateCreated`, `dateUpdated`, `uid`) VALUES ('20', '10', '1', '2013-10-13 06:25:49', '2013-10-13 06:25:49', '4a5762ab-2260-4f0e-a47d-dd5767f5ebfe');
INSERT INTO `craft_userpermissions_usergroups` (`id`, `permissionId`, `groupId`, `dateCreated`, `dateUpdated`, `uid`) VALUES ('21', '1', '1', '2013-10-13 06:25:49', '2013-10-13 06:25:49', 'fd4f23be-4078-4aff-af13-4c60a85a9be7');
INSERT INTO `craft_userpermissions_usergroups` (`id`, `permissionId`, `groupId`, `dateCreated`, `dateUpdated`, `uid`) VALUES ('22', '2', '1', '2013-10-13 06:25:49', '2013-10-13 06:25:49', 'd9fc3d92-bb03-46dd-afd3-52a5faca6ff5');
INSERT INTO `craft_userpermissions_usergroups` (`id`, `permissionId`, `groupId`, `dateCreated`, `dateUpdated`, `uid`) VALUES ('23', '3', '1', '2013-10-13 06:25:49', '2013-10-13 06:25:49', 'f9b85f1d-ef4d-48c9-ad70-c6c96a0de856');
INSERT INTO `craft_userpermissions_usergroups` (`id`, `permissionId`, `groupId`, `dateCreated`, `dateUpdated`, `uid`) VALUES ('24', '7', '1', '2013-10-13 06:25:49', '2013-10-13 06:25:49', 'bd5bb97a-b9b1-48ba-bbbc-efd93323334c');
INSERT INTO `craft_userpermissions_usergroups` (`id`, `permissionId`, `groupId`, `dateCreated`, `dateUpdated`, `uid`) VALUES ('25', '4', '2', '2013-10-13 11:35:35', '2013-10-13 11:35:35', '0d52d5d0-4f63-434c-bda9-a57a758c9245');
INSERT INTO `craft_userpermissions_usergroups` (`id`, `permissionId`, `groupId`, `dateCreated`, `dateUpdated`, `uid`) VALUES ('26', '8', '2', '2013-10-13 11:35:35', '2013-10-13 11:35:35', '233d17fd-59ed-4458-9985-7a50183d008b');
INSERT INTO `craft_userpermissions_usergroups` (`id`, `permissionId`, `groupId`, `dateCreated`, `dateUpdated`, `uid`) VALUES ('27', '9', '2', '2013-10-13 11:35:35', '2013-10-13 11:35:35', '2377cdb2-b8f3-45e9-8a5f-9c1eb90ca52c');
INSERT INTO `craft_userpermissions_usergroups` (`id`, `permissionId`, `groupId`, `dateCreated`, `dateUpdated`, `uid`) VALUES ('28', '10', '2', '2013-10-13 11:35:35', '2013-10-13 11:35:35', '31c06f33-043d-43cd-acc8-74c0be641a56');
INSERT INTO `craft_userpermissions_usergroups` (`id`, `permissionId`, `groupId`, `dateCreated`, `dateUpdated`, `uid`) VALUES ('29', '7', '2', '2013-10-13 11:35:35', '2013-10-13 11:35:35', '4d708068-0421-4760-8de9-21346c934bd3');
INSERT INTO `craft_userpermissions_usergroups` (`id`, `permissionId`, `groupId`, `dateCreated`, `dateUpdated`, `uid`) VALUES ('30', '4', '3', '2013-10-14 04:46:23', '2013-10-14 04:46:23', '0c0c7526-2ffd-4c47-97ad-07172eca80b4');
INSERT INTO `craft_userpermissions_usergroups` (`id`, `permissionId`, `groupId`, `dateCreated`, `dateUpdated`, `uid`) VALUES ('31', '8', '3', '2013-10-14 04:46:23', '2013-10-14 04:46:23', '95974f1c-5fe4-41c9-ab5f-16e570cfdd7e');
INSERT INTO `craft_userpermissions_usergroups` (`id`, `permissionId`, `groupId`, `dateCreated`, `dateUpdated`, `uid`) VALUES ('32', '9', '3', '2013-10-14 04:46:23', '2013-10-14 04:46:23', '14ad6ba6-0245-4765-a964-1388ca95ae9b');
INSERT INTO `craft_userpermissions_usergroups` (`id`, `permissionId`, `groupId`, `dateCreated`, `dateUpdated`, `uid`) VALUES ('33', '10', '3', '2013-10-14 04:46:23', '2013-10-14 04:46:23', '307bf780-8069-4741-aa54-82f35dd16406');
INSERT INTO `craft_userpermissions_usergroups` (`id`, `permissionId`, `groupId`, `dateCreated`, `dateUpdated`, `uid`) VALUES ('34', '11', '3', '2013-10-14 04:46:23', '2013-10-14 04:46:23', '2acb401f-3f51-4d7b-bb76-8f5ede888e7c');
INSERT INTO `craft_userpermissions_usergroups` (`id`, `permissionId`, `groupId`, `dateCreated`, `dateUpdated`, `uid`) VALUES ('35', '12', '3', '2013-10-14 04:46:23', '2013-10-14 04:46:23', 'e5eed088-ecd2-471b-bd24-febc9241218a');
INSERT INTO `craft_userpermissions_usergroups` (`id`, `permissionId`, `groupId`, `dateCreated`, `dateUpdated`, `uid`) VALUES ('36', '13', '3', '2013-10-14 04:46:23', '2013-10-14 04:46:23', '71374823-a0b3-48f1-a954-a3a877aaebb6');
INSERT INTO `craft_userpermissions_usergroups` (`id`, `permissionId`, `groupId`, `dateCreated`, `dateUpdated`, `uid`) VALUES ('37', '14', '3', '2013-10-14 04:46:23', '2013-10-14 04:46:23', '2575eeda-acfe-45ef-822d-e361bdff3a53');
INSERT INTO `craft_userpermissions_usergroups` (`id`, `permissionId`, `groupId`, `dateCreated`, `dateUpdated`, `uid`) VALUES ('38', '15', '3', '2013-10-14 04:46:23', '2013-10-14 04:46:23', '19ae7486-5399-48d4-a1a5-1dd13de42047');
INSERT INTO `craft_userpermissions_usergroups` (`id`, `permissionId`, `groupId`, `dateCreated`, `dateUpdated`, `uid`) VALUES ('39', '16', '3', '2013-10-14 04:46:23', '2013-10-14 04:46:23', 'bb7147b3-82a0-4056-922b-c3e9d22963aa');
INSERT INTO `craft_userpermissions_usergroups` (`id`, `permissionId`, `groupId`, `dateCreated`, `dateUpdated`, `uid`) VALUES ('40', '17', '3', '2013-10-14 04:46:23', '2013-10-14 04:46:23', '9ffd45a7-9cab-4681-82f5-7013ead073e5');
INSERT INTO `craft_userpermissions_usergroups` (`id`, `permissionId`, `groupId`, `dateCreated`, `dateUpdated`, `uid`) VALUES ('41', '7', '3', '2013-10-14 04:46:23', '2013-10-14 04:46:23', '2a68e2e5-9050-48d2-a09a-a4c7d6392c5f');
INSERT INTO `craft_userpermissions_usergroups` (`id`, `permissionId`, `groupId`, `dateCreated`, `dateUpdated`, `uid`) VALUES ('42', '18', '4', '2013-10-23 01:12:38', '2013-10-23 01:12:38', 'd4954eea-f6f0-497c-bca1-7c3e22deca6e');
INSERT INTO `craft_userpermissions_usergroups` (`id`, `permissionId`, `groupId`, `dateCreated`, `dateUpdated`, `uid`) VALUES ('43', '4', '4', '2013-10-23 01:12:38', '2013-10-23 01:12:38', '3bd9205a-3035-43f4-9bbe-9dd93bbc5f21');
INSERT INTO `craft_userpermissions_usergroups` (`id`, `permissionId`, `groupId`, `dateCreated`, `dateUpdated`, `uid`) VALUES ('44', '19', '4', '2013-10-23 01:12:38', '2013-10-23 01:12:38', 'ec4d1dec-0e5f-40c9-b3cb-d0baeff7495f');
INSERT INTO `craft_userpermissions_usergroups` (`id`, `permissionId`, `groupId`, `dateCreated`, `dateUpdated`, `uid`) VALUES ('45', '20', '4', '2013-10-23 01:12:38', '2013-10-23 01:12:38', 'd949363f-49c6-42da-979d-186ce04e0bf7');
INSERT INTO `craft_userpermissions_usergroups` (`id`, `permissionId`, `groupId`, `dateCreated`, `dateUpdated`, `uid`) VALUES ('46', '21', '4', '2013-10-23 01:12:38', '2013-10-23 01:12:38', 'ce0600bd-b521-4c0c-828c-2cad02353acc');
INSERT INTO `craft_userpermissions_usergroups` (`id`, `permissionId`, `groupId`, `dateCreated`, `dateUpdated`, `uid`) VALUES ('47', '22', '4', '2013-10-23 01:12:38', '2013-10-23 01:12:38', 'bcd81ead-f554-48c7-8b77-782d18c3c623');
INSERT INTO `craft_userpermissions_usergroups` (`id`, `permissionId`, `groupId`, `dateCreated`, `dateUpdated`, `uid`) VALUES ('48', '23', '4', '2013-10-23 01:12:38', '2013-10-23 01:12:38', 'bdcdf2fa-80bf-4f3c-b9b1-10d948015e1c');
INSERT INTO `craft_userpermissions_usergroups` (`id`, `permissionId`, `groupId`, `dateCreated`, `dateUpdated`, `uid`) VALUES ('49', '24', '4', '2013-10-23 01:12:38', '2013-10-23 01:12:38', '669de188-a334-4588-b997-3c9d6917ad83');
INSERT INTO `craft_userpermissions_usergroups` (`id`, `permissionId`, `groupId`, `dateCreated`, `dateUpdated`, `uid`) VALUES ('50', '25', '4', '2013-10-23 01:12:38', '2013-10-23 01:12:38', '0b5eb65f-e9e3-464e-98d1-efe880426511');
INSERT INTO `craft_userpermissions_usergroups` (`id`, `permissionId`, `groupId`, `dateCreated`, `dateUpdated`, `uid`) VALUES ('51', '26', '4', '2013-10-23 01:12:38', '2013-10-23 01:12:38', 'a958424a-9a44-4d9d-8745-0f69bd07f599');
INSERT INTO `craft_userpermissions_usergroups` (`id`, `permissionId`, `groupId`, `dateCreated`, `dateUpdated`, `uid`) VALUES ('52', '27', '4', '2013-10-23 01:12:38', '2013-10-23 01:12:38', '82e3e782-49eb-4ec3-9d16-1fd41d048adf');
INSERT INTO `craft_userpermissions_usergroups` (`id`, `permissionId`, `groupId`, `dateCreated`, `dateUpdated`, `uid`) VALUES ('53', '28', '4', '2013-10-23 01:12:38', '2013-10-23 01:12:38', '29b546ca-d407-44d4-97ea-9d5d0bce83f6');
INSERT INTO `craft_userpermissions_usergroups` (`id`, `permissionId`, `groupId`, `dateCreated`, `dateUpdated`, `uid`) VALUES ('54', '29', '4', '2013-10-23 01:12:38', '2013-10-23 01:12:38', '66429fa4-7e2b-402d-a2d9-8ab67b9531da');
INSERT INTO `craft_userpermissions_usergroups` (`id`, `permissionId`, `groupId`, `dateCreated`, `dateUpdated`, `uid`) VALUES ('55', '30', '4', '2013-10-23 01:12:38', '2013-10-23 01:12:38', '6498e760-05d3-48fe-8d52-b5f2886efc17');
INSERT INTO `craft_userpermissions_usergroups` (`id`, `permissionId`, `groupId`, `dateCreated`, `dateUpdated`, `uid`) VALUES ('56', '31', '4', '2013-10-23 01:12:38', '2013-10-23 01:12:38', 'c5fc4918-c999-49a4-ae79-dd35da9a9022');



--
-- Schema for table `craft_userpermissions_users`
--

DROP TABLE IF EXISTS `craft_userpermissions_users`;

CREATE TABLE `craft_userpermissions_users` (
  `id` int(11) NOT NULL AUTO_INCREMENT,
  `permissionId` int(11) NOT NULL,
  `userId` int(11) NOT NULL,
  `dateCreated` datetime NOT NULL,
  `dateUpdated` datetime NOT NULL,
  `uid` char(36) COLLATE utf8_unicode_ci NOT NULL DEFAULT '0',
  PRIMARY KEY (`id`),
  UNIQUE KEY `craft_userpermissions_users_permissionId_userId_unq_idx` (`permissionId`,`userId`),
  KEY `craft_userpermissions_users_userId_fk` (`userId`)
) ENGINE=InnoDB DEFAULT CHARSET=utf8 COLLATE=utf8_unicode_ci;

--
-- Schema for table `craft_users`
--

DROP TABLE IF EXISTS `craft_users`;

CREATE TABLE `craft_users` (
  `id` int(11) NOT NULL,
  `username` varchar(100) COLLATE utf8_unicode_ci NOT NULL,
  `photo` varchar(50) COLLATE utf8_unicode_ci DEFAULT NULL,
  `firstName` varchar(100) COLLATE utf8_unicode_ci DEFAULT NULL,
  `lastName` varchar(100) COLLATE utf8_unicode_ci DEFAULT NULL,
  `email` varchar(255) COLLATE utf8_unicode_ci NOT NULL,
  `password` char(255) COLLATE utf8_unicode_ci DEFAULT NULL,
  `preferredLocale` char(12) COLLATE utf8_unicode_ci DEFAULT NULL,
  `admin` tinyint(1) unsigned NOT NULL DEFAULT '0',
  `status` enum('locked','suspended','pending','active','archived') COLLATE utf8_unicode_ci DEFAULT 'pending',
  `lastLoginDate` datetime DEFAULT NULL,
  `lastLoginAttemptIPAddress` varchar(45) COLLATE utf8_unicode_ci DEFAULT NULL,
  `invalidLoginWindowStart` datetime DEFAULT NULL,
  `invalidLoginCount` tinyint(4) unsigned DEFAULT NULL,
  `lastInvalidLoginDate` datetime DEFAULT NULL,
  `lockoutDate` datetime DEFAULT NULL,
  `verificationCode` char(100) COLLATE utf8_unicode_ci DEFAULT NULL,
  `verificationCodeIssuedDate` datetime DEFAULT NULL,
  `passwordResetRequired` tinyint(1) unsigned NOT NULL DEFAULT '0',
  `lastPasswordChangeDate` datetime DEFAULT NULL,
  `dateCreated` datetime NOT NULL,
  `dateUpdated` datetime NOT NULL,
  `uid` char(36) COLLATE utf8_unicode_ci NOT NULL DEFAULT '0',
  PRIMARY KEY (`id`),
  UNIQUE KEY `craft_users_username_unq_idx` (`username`),
  UNIQUE KEY `craft_users_email_unq_idx` (`email`),
  KEY `craft_users_verificationCode_idx` (`verificationCode`),
  KEY `craft_users_uid_idx` (`uid`),
  KEY `craft_users_preferredLocale_fk` (`preferredLocale`)
) ENGINE=InnoDB DEFAULT CHARSET=utf8 COLLATE=utf8_unicode_ci;

--
-- Data for table `craft_users`
--

INSERT INTO `craft_users` (`id`, `username`, `photo`, `firstName`, `lastName`, `email`, `password`, `preferredLocale`, `admin`, `status`, `lastLoginDate`, `lastLoginAttemptIPAddress`, `invalidLoginWindowStart`, `invalidLoginCount`, `lastInvalidLoginDate`, `lockoutDate`, `verificationCode`, `verificationCodeIssuedDate`, `passwordResetRequired`, `lastPasswordChangeDate`, `dateCreated`, `dateUpdated`, `uid`) VALUES ('1', 'purplejunkie', NULL, 'Ro', 'Brett', 'ro.brett@gmail.com', '$2a$13$wIA1NPjBxl7Y2UG/nBVYtusPNNfuMm.wD1AasRMYIA.XFu77FGfFG', NULL, '1', 'active', '2013-10-30 01:18:26', '127.0.0.1', NULL, NULL, NULL, NULL, NULL, NULL, '0', '2013-10-11 04:49:08', '2013-10-11 04:49:08', '2013-10-30 01:18:26', 'a5e30b42-54cc-422b-95d2-8b69b6759d01');
INSERT INTO `craft_users` (`id`, `username`, `photo`, `firstName`, `lastName`, `email`, `password`, `preferredLocale`, `admin`, `status`, `lastLoginDate`, `lastLoginAttemptIPAddress`, `invalidLoginWindowStart`, `invalidLoginCount`, `lastInvalidLoginDate`, `lockoutDate`, `verificationCode`, `verificationCodeIssuedDate`, `passwordResetRequired`, `lastPasswordChangeDate`, `dateCreated`, `dateUpdated`, `uid`) VALUES ('7', 'Alice', 'st1.jpg', 'Alice', 'Dennan', 'purplejunkie.com@gmail.com', '$2a$13$O2jQuiZoQNeNcSuKeHFkuewTkdP.Dhl.qzhYAXEa2ymW8..0fz99K', NULL, '0', 'active', '2013-10-21 10:50:45', '127.0.0.1', NULL, NULL, NULL, NULL, NULL, NULL, '0', '2013-10-21 10:50:33', '2013-10-13 05:49:13', '2013-10-21 10:50:45', '9316fa24-ffbd-47ba-8213-a4118018f17f');
INSERT INTO `craft_users` (`id`, `username`, `photo`, `firstName`, `lastName`, `email`, `password`, `preferredLocale`, `admin`, `status`, `lastLoginDate`, `lastLoginAttemptIPAddress`, `invalidLoginWindowStart`, `invalidLoginCount`, `lastInvalidLoginDate`, `lockoutDate`, `verificationCode`, `verificationCodeIssuedDate`, `passwordResetRequired`, `lastPasswordChangeDate`, `dateCreated`, `dateUpdated`, `uid`) VALUES ('23', 'Jany220', NULL, 'Jennifer', 'Loraz', 'r@r.com', '$2a$13$I61QzcWGokBTVqZRBZTZBu0nHB6uNfs6g2oC7HvOX6G/7kW4G0GK.', NULL, '0', 'active', NULL, NULL, NULL, NULL, NULL, NULL, NULL, NULL, '0', '2013-10-13 10:46:05', '2013-10-13 10:45:12', '2013-10-13 10:46:05', '1e868a80-8169-40da-9c3e-9e67beabc52c');
INSERT INTO `craft_users` (`id`, `username`, `photo`, `firstName`, `lastName`, `email`, `password`, `preferredLocale`, `admin`, `status`, `lastLoginDate`, `lastLoginAttemptIPAddress`, `invalidLoginWindowStart`, `invalidLoginCount`, `lastInvalidLoginDate`, `lockoutDate`, `verificationCode`, `verificationCodeIssuedDate`, `passwordResetRequired`, `lastPasswordChangeDate`, `dateCreated`, `dateUpdated`, `uid`) VALUES ('38', 'lecturer', NULL, 'Johnny', 'Wise', 'p@p.com', '$2a$13$.Y4r9D49CXnGNduiT6ywOu7YUmqe4clz8NVxOZjVvQZz8shQIhmXO', NULL, '0', 'active', '2013-10-14 04:47:50', '127.0.0.1', NULL, NULL, NULL, NULL, NULL, NULL, '0', '2013-10-14 04:47:04', '2013-10-14 04:46:50', '2013-10-29 02:22:18', '6d0b00e5-89b1-426f-b422-3e9464d3e4c6');
INSERT INTO `craft_users` (`id`, `username`, `photo`, `firstName`, `lastName`, `email`, `password`, `preferredLocale`, `admin`, `status`, `lastLoginDate`, `lastLoginAttemptIPAddress`, `invalidLoginWindowStart`, `invalidLoginCount`, `lastInvalidLoginDate`, `lockoutDate`, `verificationCode`, `verificationCodeIssuedDate`, `passwordResetRequired`, `lastPasswordChangeDate`, `dateCreated`, `dateUpdated`, `uid`) VALUES ('58', 'mTomitsch', NULL, 'Martin', 'Tomitsch', 'm@m.com', '$2a$13$Vh6CiyKMms.VSBGvNbxxRew36RBjKSk6XuQQJ00BXEP3yxh1K5LY.', NULL, '0', 'active', '2013-10-24 04:15:09', '127.0.0.1', NULL, NULL, NULL, NULL, NULL, NULL, '0', '2013-10-22 04:22:26', '2013-10-22 04:22:12', '2013-10-24 04:15:09', '705d517f-bbf7-4724-89f2-f82cf766dc52');
INSERT INTO `craft_users` (`id`, `username`, `photo`, `firstName`, `lastName`, `email`, `password`, `preferredLocale`, `admin`, `status`, `lastLoginDate`, `lastLoginAttemptIPAddress`, `invalidLoginWindowStart`, `invalidLoginCount`, `lastInvalidLoginDate`, `lockoutDate`, `verificationCode`, `verificationCodeIssuedDate`, `passwordResetRequired`, `lastPasswordChangeDate`, `dateCreated`, `dateUpdated`, `uid`) VALUES ('67', 'oBown', NULL, 'Olliver', 'Bown', 'oB@g.com', '$2a$13$GQBcDcejWvbJ7baCmNs6Guq8KFSEGyFYdYQ38Q1A12V9zl/Yx90Eq', NULL, '0', 'active', NULL, NULL, NULL, NULL, NULL, NULL, NULL, NULL, '0', '2013-10-23 02:57:51', '2013-10-23 02:57:39', '2013-10-23 02:57:51', '2cab8bab-f6b4-4e18-a0e7-434fc4a7ddc2');



--
-- Schema for table `craft_widgets`
--

DROP TABLE IF EXISTS `craft_widgets`;

CREATE TABLE `craft_widgets` (
  `id` int(11) NOT NULL AUTO_INCREMENT,
  `userId` int(11) NOT NULL,
  `type` char(150) COLLATE utf8_unicode_ci NOT NULL,
  `sortOrder` tinyint(4) DEFAULT NULL,
  `settings` text COLLATE utf8_unicode_ci,
  `enabled` tinyint(1) unsigned NOT NULL DEFAULT '1',
  `dateCreated` datetime NOT NULL,
  `dateUpdated` datetime NOT NULL,
  `uid` char(36) COLLATE utf8_unicode_ci NOT NULL DEFAULT '0',
  PRIMARY KEY (`id`),
  KEY `craft_widgets_userId_fk` (`userId`)
) ENGINE=InnoDB AUTO_INCREMENT=19 DEFAULT CHARSET=utf8 COLLATE=utf8_unicode_ci;

--
-- Data for table `craft_widgets`
--

INSERT INTO `craft_widgets` (`id`, `userId`, `type`, `sortOrder`, `settings`, `enabled`, `dateCreated`, `dateUpdated`, `uid`) VALUES ('1', '1', 'QuickPost', '1', '{\"section\":\"2\"}', '1', '2013-10-11 04:49:12', '2013-10-11 04:49:12', '91d3a358-3ee2-4902-bca3-e50167a9a6ce');
INSERT INTO `craft_widgets` (`id`, `userId`, `type`, `sortOrder`, `settings`, `enabled`, `dateCreated`, `dateUpdated`, `uid`) VALUES ('2', '1', 'RecentEntries', '2', NULL, '1', '2013-10-11 04:49:12', '2013-10-11 04:49:12', '288024c7-0750-4a8e-a29f-06089abdc11a');
INSERT INTO `craft_widgets` (`id`, `userId`, `type`, `sortOrder`, `settings`, `enabled`, `dateCreated`, `dateUpdated`, `uid`) VALUES ('3', '1', 'GetHelp', '3', NULL, '1', '2013-10-11 04:49:12', '2013-10-11 04:49:12', '33698296-f18a-4e8e-b447-763e2457a3a4');
INSERT INTO `craft_widgets` (`id`, `userId`, `type`, `sortOrder`, `settings`, `enabled`, `dateCreated`, `dateUpdated`, `uid`) VALUES ('4', '1', 'Updates', '4', NULL, '1', '2013-10-11 04:49:12', '2013-10-11 04:49:12', 'de41c52f-ef7a-4d1a-84ef-e64093aa0083');
INSERT INTO `craft_widgets` (`id`, `userId`, `type`, `sortOrder`, `settings`, `enabled`, `dateCreated`, `dateUpdated`, `uid`) VALUES ('5', '1', 'Feed', '5', '{\"url\":\"http:\\/\\/feeds.feedburner.com\\/blogandtonic\",\"title\":\"Blog & Tonic\"}', '1', '2013-10-11 04:49:12', '2013-10-11 04:49:12', '8c65e8b2-4937-48ac-a121-e779700c3bc2');
INSERT INTO `craft_widgets` (`id`, `userId`, `type`, `sortOrder`, `settings`, `enabled`, `dateCreated`, `dateUpdated`, `uid`) VALUES ('6', '7', 'QuickPost', '6', '{\"section\":\"8\"}', '1', '2013-10-13 05:50:21', '2013-10-13 05:50:21', '9da02933-75e4-4901-beee-577db70217a2');
INSERT INTO `craft_widgets` (`id`, `userId`, `type`, `sortOrder`, `settings`, `enabled`, `dateCreated`, `dateUpdated`, `uid`) VALUES ('7', '7', 'QuickPost', '7', '{\"section\":\"7\"}', '1', '2013-10-13 05:50:21', '2013-10-13 05:50:21', '09e0e0da-f0f7-4bd4-8909-9ad80a12e6d4');
INSERT INTO `craft_widgets` (`id`, `userId`, `type`, `sortOrder`, `settings`, `enabled`, `dateCreated`, `dateUpdated`, `uid`) VALUES ('8', '7', 'RecentEntries', '8', NULL, '1', '2013-10-13 05:50:21', '2013-10-13 05:50:21', '492b48e2-027c-4617-84e6-a6886ed713da');
INSERT INTO `craft_widgets` (`id`, `userId`, `type`, `sortOrder`, `settings`, `enabled`, `dateCreated`, `dateUpdated`, `uid`) VALUES ('9', '7', 'Feed', '9', '{\"url\":\"http:\\/\\/feeds.feedburner.com\\/blogandtonic\",\"title\":\"Blog & Tonic\"}', '1', '2013-10-13 05:50:21', '2013-10-13 05:50:21', 'fe858ca0-b461-4be8-bb24-c8c10c881177');
INSERT INTO `craft_widgets` (`id`, `userId`, `type`, `sortOrder`, `settings`, `enabled`, `dateCreated`, `dateUpdated`, `uid`) VALUES ('10', '38', 'QuickPost', '10', '{\"section\":\"9\"}', '1', '2013-10-14 04:47:50', '2013-10-14 04:47:50', 'be091aa5-3345-4ddd-878e-f011ac7ca72e');
INSERT INTO `craft_widgets` (`id`, `userId`, `type`, `sortOrder`, `settings`, `enabled`, `dateCreated`, `dateUpdated`, `uid`) VALUES ('11', '38', 'QuickPost', '11', '{\"section\":\"10\"}', '1', '2013-10-14 04:47:50', '2013-10-14 04:47:50', 'fb202074-bff2-499a-9a4e-afda8f84943d');
INSERT INTO `craft_widgets` (`id`, `userId`, `type`, `sortOrder`, `settings`, `enabled`, `dateCreated`, `dateUpdated`, `uid`) VALUES ('12', '38', 'RecentEntries', '12', NULL, '1', '2013-10-14 04:47:50', '2013-10-14 04:47:50', '07405291-e931-41db-a8e9-3c5dddf7172b');
INSERT INTO `craft_widgets` (`id`, `userId`, `type`, `sortOrder`, `settings`, `enabled`, `dateCreated`, `dateUpdated`, `uid`) VALUES ('13', '38', 'Feed', '13', '{\"url\":\"http:\\/\\/feeds.feedburner.com\\/blogandtonic\",\"title\":\"Blog & Tonic\"}', '1', '2013-10-14 04:47:50', '2013-10-14 04:47:50', '09ef1c4e-cf39-4f6e-bf3d-cf5b55bbd4ea');
INSERT INTO `craft_widgets` (`id`, `userId`, `type`, `sortOrder`, `settings`, `enabled`, `dateCreated`, `dateUpdated`, `uid`) VALUES ('14', '58', 'QuickPost', '14', '{\"section\":\"14\"}', '1', '2013-10-24 04:15:10', '2013-10-24 04:15:10', '306c5b85-890c-4c4f-aa51-da6f05dab256');
INSERT INTO `craft_widgets` (`id`, `userId`, `type`, `sortOrder`, `settings`, `enabled`, `dateCreated`, `dateUpdated`, `uid`) VALUES ('15', '58', 'QuickPost', '15', '{\"section\":\"13\"}', '1', '2013-10-24 04:15:10', '2013-10-24 04:15:10', 'd3cca0f0-101a-487c-ad29-9e1645cfed55');
INSERT INTO `craft_widgets` (`id`, `userId`, `type`, `sortOrder`, `settings`, `enabled`, `dateCreated`, `dateUpdated`, `uid`) VALUES ('16', '58', 'RecentEntries', '16', NULL, '1', '2013-10-24 04:15:10', '2013-10-24 04:15:10', '689062e8-d9f0-4c46-ab29-529dab6b51d1');
INSERT INTO `craft_widgets` (`id`, `userId`, `type`, `sortOrder`, `settings`, `enabled`, `dateCreated`, `dateUpdated`, `uid`) VALUES ('17', '58', 'Updates', '17', NULL, '1', '2013-10-24 04:15:10', '2013-10-24 04:15:10', '12005194-32a1-482d-9d75-c51948b1a19c');
INSERT INTO `craft_widgets` (`id`, `userId`, `type`, `sortOrder`, `settings`, `enabled`, `dateCreated`, `dateUpdated`, `uid`) VALUES ('18', '58', 'Feed', '18', '{\"url\":\"http:\\/\\/feeds.feedburner.com\\/blogandtonic\",\"title\":\"Blog & Tonic\"}', '1', '2013-10-24 04:15:10', '2013-10-24 04:15:10', '9eeb84ef-92fa-44e4-b457-42ee1d614a03');


--
-- Constraints for tables
--


--
-- Constraints for table `craft_assetfiles`
--
ALTER TABLE `craft_assetfiles`
	ADD CONSTRAINT `craft_assetfiles_folderId_fk` FOREIGN KEY (`folderId`) REFERENCES `craft_assetfolders` (`id`) ON DELETE CASCADE,
	ADD CONSTRAINT `craft_assetfiles_id_fk` FOREIGN KEY (`id`) REFERENCES `craft_elements` (`id`) ON DELETE CASCADE,
	ADD CONSTRAINT `craft_assetfiles_sourceId_fk` FOREIGN KEY (`sourceId`) REFERENCES `craft_assetsources` (`id`) ON DELETE CASCADE;

--
-- Constraints for table `craft_assetfolders`
--
ALTER TABLE `craft_assetfolders`
	ADD CONSTRAINT `craft_assetfolders_parentId_fk` FOREIGN KEY (`parentId`) REFERENCES `craft_assetfolders` (`id`) ON DELETE CASCADE,
	ADD CONSTRAINT `craft_assetfolders_sourceId_fk` FOREIGN KEY (`sourceId`) REFERENCES `craft_assetsources` (`id`) ON DELETE CASCADE;

--
-- Constraints for table `craft_assetindexdata`
--
ALTER TABLE `craft_assetindexdata`
	ADD CONSTRAINT `craft_assetindexdata_sourceId_fk` FOREIGN KEY (`sourceId`) REFERENCES `craft_assetsources` (`id`) ON DELETE CASCADE;

--
-- Constraints for table `craft_content`
--
ALTER TABLE `craft_content`
	ADD CONSTRAINT `craft_content_elementId_fk` FOREIGN KEY (`elementId`) REFERENCES `craft_elements` (`id`) ON DELETE CASCADE,
	ADD CONSTRAINT `craft_content_locale_fk` FOREIGN KEY (`locale`) REFERENCES `craft_locales` (`locale`) ON DELETE CASCADE ON UPDATE CASCADE;

--
-- Constraints for table `craft_elements_i18n`
--
ALTER TABLE `craft_elements_i18n`
	ADD CONSTRAINT `craft_elements_i18n_elementId_fk` FOREIGN KEY (`elementId`) REFERENCES `craft_elements` (`id`) ON DELETE CASCADE,
	ADD CONSTRAINT `craft_elements_i18n_locale_fk` FOREIGN KEY (`locale`) REFERENCES `craft_locales` (`locale`) ON DELETE CASCADE ON UPDATE CASCADE;

--
-- Constraints for table `craft_entries`
--
ALTER TABLE `craft_entries`
	ADD CONSTRAINT `craft_entries_authorId_fk` FOREIGN KEY (`authorId`) REFERENCES `craft_users` (`id`) ON DELETE CASCADE,
	ADD CONSTRAINT `craft_entries_id_fk` FOREIGN KEY (`id`) REFERENCES `craft_elements` (`id`) ON DELETE CASCADE,
	ADD CONSTRAINT `craft_entries_sectionId_fk` FOREIGN KEY (`sectionId`) REFERENCES `craft_sections` (`id`) ON DELETE CASCADE,
	ADD CONSTRAINT `craft_entries_typeId_fk` FOREIGN KEY (`typeId`) REFERENCES `craft_entrytypes` (`id`) ON DELETE CASCADE;

--
-- Constraints for table `craft_entries_i18n`
--
ALTER TABLE `craft_entries_i18n`
	ADD CONSTRAINT `craft_entries_i18n_entryId_fk` FOREIGN KEY (`entryId`) REFERENCES `craft_entries` (`id`) ON DELETE CASCADE,
	ADD CONSTRAINT `craft_entries_i18n_locale_fk` FOREIGN KEY (`locale`) REFERENCES `craft_locales` (`locale`) ON DELETE CASCADE ON UPDATE CASCADE,
	ADD CONSTRAINT `craft_entries_i18n_sectionId_fk` FOREIGN KEY (`sectionId`) REFERENCES `craft_sections` (`id`) ON DELETE CASCADE;

--
-- Constraints for table `craft_entrydrafts`
--
ALTER TABLE `craft_entrydrafts`
	ADD CONSTRAINT `craft_entrydrafts_creatorId_fk` FOREIGN KEY (`creatorId`) REFERENCES `craft_users` (`id`) ON DELETE CASCADE,
	ADD CONSTRAINT `craft_entrydrafts_entryId_fk` FOREIGN KEY (`entryId`) REFERENCES `craft_entries` (`id`) ON DELETE CASCADE,
	ADD CONSTRAINT `craft_entrydrafts_locale_fk` FOREIGN KEY (`locale`) REFERENCES `craft_locales` (`locale`) ON DELETE CASCADE ON UPDATE CASCADE,
	ADD CONSTRAINT `craft_entrydrafts_sectionId_fk` FOREIGN KEY (`sectionId`) REFERENCES `craft_sections` (`id`) ON DELETE CASCADE;

--
-- Constraints for table `craft_entrytypes`
--
ALTER TABLE `craft_entrytypes`
	ADD CONSTRAINT `craft_entrytypes_fieldLayoutId_fk` FOREIGN KEY (`fieldLayoutId`) REFERENCES `craft_fieldlayouts` (`id`) ON DELETE SET NULL,
	ADD CONSTRAINT `craft_entrytypes_sectionId_fk` FOREIGN KEY (`sectionId`) REFERENCES `craft_sections` (`id`) ON DELETE CASCADE;

--
-- Constraints for table `craft_entryversions`
--
ALTER TABLE `craft_entryversions`
	ADD CONSTRAINT `craft_entryversions_creatorId_fk` FOREIGN KEY (`creatorId`) REFERENCES `craft_users` (`id`) ON DELETE SET NULL,
	ADD CONSTRAINT `craft_entryversions_entryId_fk` FOREIGN KEY (`entryId`) REFERENCES `craft_entries` (`id`) ON DELETE CASCADE,
	ADD CONSTRAINT `craft_entryversions_locale_fk` FOREIGN KEY (`locale`) REFERENCES `craft_locales` (`locale`) ON DELETE CASCADE ON UPDATE CASCADE,
	ADD CONSTRAINT `craft_entryversions_sectionId_fk` FOREIGN KEY (`sectionId`) REFERENCES `craft_sections` (`id`) ON DELETE CASCADE;

--
-- Constraints for table `craft_fieldlayoutfields`
--
ALTER TABLE `craft_fieldlayoutfields`
	ADD CONSTRAINT `craft_fieldlayoutfields_fieldId_fk` FOREIGN KEY (`fieldId`) REFERENCES `craft_fields` (`id`) ON DELETE CASCADE,
	ADD CONSTRAINT `craft_fieldlayoutfields_layoutId_fk` FOREIGN KEY (`layoutId`) REFERENCES `craft_fieldlayouts` (`id`) ON DELETE CASCADE,
	ADD CONSTRAINT `craft_fieldlayoutfields_tabId_fk` FOREIGN KEY (`tabId`) REFERENCES `craft_fieldlayouttabs` (`id`) ON DELETE CASCADE;

--
-- Constraints for table `craft_fieldlayouttabs`
--
ALTER TABLE `craft_fieldlayouttabs`
	ADD CONSTRAINT `craft_fieldlayouttabs_layoutId_fk` FOREIGN KEY (`layoutId`) REFERENCES `craft_fieldlayouts` (`id`) ON DELETE CASCADE;

--
-- Constraints for table `craft_fields`
--
ALTER TABLE `craft_fields`
	ADD CONSTRAINT `craft_fields_groupId_fk` FOREIGN KEY (`groupId`) REFERENCES `craft_fieldgroups` (`id`) ON DELETE CASCADE;

--
-- Constraints for table `craft_globalsets`
--
ALTER TABLE `craft_globalsets`
	ADD CONSTRAINT `craft_globalsets_fieldLayoutId_fk` FOREIGN KEY (`fieldLayoutId`) REFERENCES `craft_fieldlayouts` (`id`) ON DELETE SET NULL,
	ADD CONSTRAINT `craft_globalsets_id_fk` FOREIGN KEY (`id`) REFERENCES `craft_elements` (`id`) ON DELETE CASCADE;

--
-- Constraints for table `craft_migrations`
--
ALTER TABLE `craft_migrations`
	ADD CONSTRAINT `craft_migrations_pluginId_fk` FOREIGN KEY (`pluginId`) REFERENCES `craft_plugins` (`id`) ON DELETE CASCADE;

--
-- Constraints for table `craft_relations`
--
ALTER TABLE `craft_relations`
	ADD CONSTRAINT `craft_relations_childId_fk` FOREIGN KEY (`childId`) REFERENCES `craft_elements` (`id`) ON DELETE CASCADE,
	ADD CONSTRAINT `craft_relations_fieldId_fk` FOREIGN KEY (`fieldId`) REFERENCES `craft_fields` (`id`) ON DELETE CASCADE,
	ADD CONSTRAINT `craft_relations_parentId_fk` FOREIGN KEY (`parentId`) REFERENCES `craft_elements` (`id`) ON DELETE CASCADE;

--
-- Constraints for table `craft_sections_i18n`
--
ALTER TABLE `craft_sections_i18n`
	ADD CONSTRAINT `craft_sections_i18n_locale_fk` FOREIGN KEY (`locale`) REFERENCES `craft_locales` (`locale`) ON DELETE CASCADE ON UPDATE CASCADE,
	ADD CONSTRAINT `craft_sections_i18n_sectionId_fk` FOREIGN KEY (`sectionId`) REFERENCES `craft_sections` (`id`) ON DELETE CASCADE;

--
-- Constraints for table `craft_sessions`
--
ALTER TABLE `craft_sessions`
	ADD CONSTRAINT `craft_sessions_userId_fk` FOREIGN KEY (`userId`) REFERENCES `craft_users` (`id`) ON DELETE CASCADE;

--
-- Constraints for table `craft_shunnedmessages`
--
ALTER TABLE `craft_shunnedmessages`
	ADD CONSTRAINT `craft_shunnedmessages_userId_fk` FOREIGN KEY (`userId`) REFERENCES `craft_users` (`id`) ON DELETE CASCADE;

--
-- Constraints for table `craft_tags`
--
ALTER TABLE `craft_tags`
	ADD CONSTRAINT `craft_tags_id_fk` FOREIGN KEY (`id`) REFERENCES `craft_elements` (`id`) ON DELETE CASCADE,
	ADD CONSTRAINT `craft_tags_setId_fk` FOREIGN KEY (`setId`) REFERENCES `craft_tagsets` (`id`) ON DELETE CASCADE;

--
-- Constraints for table `craft_tagsets`
--
ALTER TABLE `craft_tagsets`
	ADD CONSTRAINT `craft_tagsets_fieldLayoutId_fk` FOREIGN KEY (`fieldLayoutId`) REFERENCES `craft_fieldlayouts` (`id`) ON DELETE SET NULL;

--
-- Constraints for table `craft_usergroups_users`
--
ALTER TABLE `craft_usergroups_users`
	ADD CONSTRAINT `craft_usergroups_users_groupId_fk` FOREIGN KEY (`groupId`) REFERENCES `craft_usergroups` (`id`) ON DELETE CASCADE,
	ADD CONSTRAINT `craft_usergroups_users_userId_fk` FOREIGN KEY (`userId`) REFERENCES `craft_users` (`id`) ON DELETE CASCADE;

--
-- Constraints for table `craft_userpermissions_usergroups`
--
ALTER TABLE `craft_userpermissions_usergroups`
	ADD CONSTRAINT `craft_userpermissions_usergroups_groupId_fk` FOREIGN KEY (`groupId`) REFERENCES `craft_usergroups` (`id`) ON DELETE CASCADE,
	ADD CONSTRAINT `craft_userpermissions_usergroups_permissionId_fk` FOREIGN KEY (`permissionId`) REFERENCES `craft_userpermissions` (`id`) ON DELETE CASCADE;

--
-- Constraints for table `craft_userpermissions_users`
--
ALTER TABLE `craft_userpermissions_users`
	ADD CONSTRAINT `craft_userpermissions_users_permissionId_fk` FOREIGN KEY (`permissionId`) REFERENCES `craft_userpermissions` (`id`) ON DELETE CASCADE,
	ADD CONSTRAINT `craft_userpermissions_users_userId_fk` FOREIGN KEY (`userId`) REFERENCES `craft_users` (`id`) ON DELETE CASCADE;

--
-- Constraints for table `craft_users`
--
ALTER TABLE `craft_users`
	ADD CONSTRAINT `craft_users_id_fk` FOREIGN KEY (`id`) REFERENCES `craft_elements` (`id`) ON DELETE CASCADE,
	ADD CONSTRAINT `craft_users_preferredLocale_fk` FOREIGN KEY (`preferredLocale`) REFERENCES `craft_locales` (`locale`) ON DELETE SET NULL ON UPDATE CASCADE;

--
-- Constraints for table `craft_widgets`
--
ALTER TABLE `craft_widgets`
	ADD CONSTRAINT `craft_widgets_userId_fk` FOREIGN KEY (`userId`) REFERENCES `craft_users` (`id`) ON DELETE CASCADE;

SET FOREIGN_KEY_CHECKS = 1;
