-- Generated by Craft v1.2.2367 on Oct 21, 2013 4:26:00 AM.

--
-- Disable foreign key checks and autocommit and start a transaction.
--

SET FOREIGN_KEY_CHECKS = 0;
SET SQL_MODE = "NO_AUTO_VALUE_ON_ZERO";
SET AUTOCOMMIT = 0;
SET NAMES utf8;
START TRANSACTION;

/*!40101 SET @OLD_CHARACTER_SET_CLIENT=@@CHARACTER_SET_CLIENT */;
/*!40101 SET @OLD_CHARACTER_SET_RESULTS=@@CHARACTER_SET_RESULTS */;
/*!40101 SET @OLD_COLLATION_CONNECTION=@@COLLATION_CONNECTION */;
/*!40101 SET NAMES utf8 */;

--
-- Schema for table `craft_assetfiles`
--

DROP TABLE IF EXISTS `craft_assetfiles`;

CREATE TABLE `craft_assetfiles` (
  `id` int(11) NOT NULL,
  `sourceId` int(11) NOT NULL,
  `folderId` int(11) NOT NULL,
  `filename` varchar(255) COLLATE utf8_unicode_ci NOT NULL,
  `kind` char(10) COLLATE utf8_unicode_ci DEFAULT NULL,
  `width` smallint(6) unsigned DEFAULT NULL,
  `height` smallint(6) unsigned DEFAULT NULL,
  `size` int(11) unsigned DEFAULT NULL,
  `dateModified` datetime DEFAULT NULL,
  `dateCreated` datetime NOT NULL,
  `dateUpdated` datetime NOT NULL,
  `uid` char(36) COLLATE utf8_unicode_ci NOT NULL DEFAULT '0',
  PRIMARY KEY (`id`),
  UNIQUE KEY `craft_assetfiles_filename_folderId_unq_idx` (`filename`,`folderId`),
  KEY `craft_assetfiles_sourceId_fk` (`sourceId`),
  KEY `craft_assetfiles_folderId_fk` (`folderId`)
) ENGINE=InnoDB DEFAULT CHARSET=utf8 COLLATE=utf8_unicode_ci;

--
-- Data for table `craft_assetfiles`
--

BEGIN;
INSERT INTO `craft_assetfiles` (`id`, `sourceId`, `folderId`, `filename`, `kind`, `width`, `height`, `size`, `dateModified`, `dateCreated`, `dateUpdated`, `uid`) VALUES
 ('42', '1', '1', 'translens2.jpg', 'image', '2016', '1513', '1826637', '2013-10-16 03:56:26', '2013-10-16 03:56:27', '2013-10-16 03:56:27', '7ed5b04f-0e60-493f-9781-2e6cef37e106'),
 ('43', '1', '1', 'dark_satanic_mills_by_peteamachree-d350rz8__1_.jpg', 'image', '2500', '1171', '877944', '2013-10-16 03:57:24', '2013-10-16 03:57:25', '2013-10-16 03:57:25', '24cd8b01-0a04-48b6-93ee-977a01659596'),
 ('44', '1', '1', 'DSC_0072.JPG', 'image', '4288', '2848', '4806530', '2013-10-16 04:05:29', '2013-10-16 04:05:34', '2013-10-16 04:05:34', '5d6981ee-b709-40ea-9d58-25eec4f46c25'),
 ('45', '1', '1', '0fcdf4d0.littleboxes.jpg', 'image', '1280', '852', '762280', '2013-10-16 04:06:12', '2013-10-16 04:06:12', '2013-10-16 04:06:12', '4995c150-2634-40a0-94be-bc540ec5c373'),
 ('46', '2', '2', '3b88a1f0.st3.jpg', 'image', '420', '315', '17032', '2013-10-16 04:43:34', '2013-10-16 04:43:34', '2013-10-16 04:43:34', 'bdc2ac8b-e826-42e9-9f24-8b8a9aaeb300'),
 ('47', '2', '2', 'b42242d1.st2.jpg', 'image', '420', '315', '14406', '2013-10-16 04:43:58', '2013-10-16 04:43:58', '2013-10-16 04:43:58', '48f58723-1c46-4446-af07-4cca31e41374'),
 ('49', '2', '2', 'Wearable_Architecture.jpg', 'image', '300', '243', '109745', '2013-10-21 02:11:05', '2013-10-21 02:11:05', '2013-10-21 02:11:05', '028affe6-da82-46b3-ad5c-0d28f7056b7e'),
 ('51', '2', '2', 'ECOLOGIESBANNER.jpg', 'image', '978', '350', '228202', '2013-10-21 03:04:48', '2013-10-21 03:04:48', '2013-10-21 03:04:48', 'e68432ff-a422-43e0-abdb-e178805b492d'),
 ('53', '2', '2', 'Shop_2.06_crowd-3.jpg', 'image', '1280', '852', '348738', '2013-10-21 03:09:55', '2013-10-21 03:09:56', '2013-10-21 03:09:56', '03e746d4-3c0c-4dee-80ee-ad070c2c445a');
COMMIT;


--
-- Schema for table `craft_assetfolders`
--

DROP TABLE IF EXISTS `craft_assetfolders`;

CREATE TABLE `craft_assetfolders` (
  `id` int(11) NOT NULL AUTO_INCREMENT,
  `parentId` int(11) DEFAULT NULL,
  `sourceId` int(11) NOT NULL,
  `name` varchar(255) COLLATE utf8_unicode_ci NOT NULL,
  `fullPath` varchar(255) COLLATE utf8_unicode_ci DEFAULT NULL,
  `dateCreated` datetime NOT NULL,
  `dateUpdated` datetime NOT NULL,
  `uid` char(36) COLLATE utf8_unicode_ci NOT NULL DEFAULT '0',
  PRIMARY KEY (`id`),
  UNIQUE KEY `craft_assetfolders_name_parentId_sourceId_unq_idx` (`name`,`parentId`,`sourceId`),
  KEY `craft_assetfolders_parentId_fk` (`parentId`),
  KEY `craft_assetfolders_sourceId_fk` (`sourceId`)
) ENGINE=InnoDB AUTO_INCREMENT=3 DEFAULT CHARSET=utf8 COLLATE=utf8_unicode_ci;

--
-- Data for table `craft_assetfolders`
--

BEGIN;
INSERT INTO `craft_assetfolders` (`id`, `parentId`, `sourceId`, `name`, `fullPath`, `dateCreated`, `dateUpdated`, `uid`) VALUES
 ('1', NULL, '1', 'Interaction Design Assets', '', '2013-10-13 05:52:17', '2013-10-13 05:52:17', 'da086569-83ad-4fec-a7da-805779aef859'),
 ('2', NULL, '2', 'News', '', '2013-10-13 06:48:46', '2013-10-13 06:48:46', 'cf822044-cf1e-41ba-9774-c90a2e8e50bc');
COMMIT;


--
-- Schema for table `craft_assetindexdata`
--

DROP TABLE IF EXISTS `craft_assetindexdata`;

CREATE TABLE `craft_assetindexdata` (
  `id` int(11) NOT NULL AUTO_INCREMENT,
  `sessionId` varchar(36) COLLATE utf8_unicode_ci NOT NULL DEFAULT '',
  `sourceId` int(10) NOT NULL,
  `offset` int(10) NOT NULL,
  `uri` varchar(255) COLLATE utf8_unicode_ci DEFAULT NULL,
  `size` int(10) DEFAULT NULL,
  `recordId` int(10) DEFAULT NULL,
  `dateCreated` datetime NOT NULL,
  `dateUpdated` datetime NOT NULL,
  `uid` char(36) COLLATE utf8_unicode_ci NOT NULL DEFAULT '0',
  PRIMARY KEY (`id`),
  UNIQUE KEY `craft_assetindexdata_sessionId_sourceId_offset_unq_idx` (`sessionId`,`sourceId`,`offset`),
  KEY `craft_assetindexdata_sourceId_fk` (`sourceId`)
) ENGINE=InnoDB DEFAULT CHARSET=utf8 COLLATE=utf8_unicode_ci;

--
-- Schema for table `craft_assetsources`
--

DROP TABLE IF EXISTS `craft_assetsources`;

CREATE TABLE `craft_assetsources` (
  `id` int(11) NOT NULL AUTO_INCREMENT,
  `name` varchar(255) COLLATE utf8_unicode_ci NOT NULL,
  `type` char(150) COLLATE utf8_unicode_ci NOT NULL,
  `settings` text COLLATE utf8_unicode_ci,
  `sortOrder` tinyint(4) DEFAULT NULL,
  `dateCreated` datetime NOT NULL,
  `dateUpdated` datetime NOT NULL,
  `uid` char(36) COLLATE utf8_unicode_ci NOT NULL DEFAULT '0',
  PRIMARY KEY (`id`),
  UNIQUE KEY `craft_assetsources_name_unq_idx` (`name`)
) ENGINE=InnoDB AUTO_INCREMENT=3 DEFAULT CHARSET=utf8 COLLATE=utf8_unicode_ci;

--
-- Data for table `craft_assetsources`
--

BEGIN;
INSERT INTO `craft_assetsources` (`id`, `name`, `type`, `settings`, `sortOrder`, `dateCreated`, `dateUpdated`, `uid`) VALUES
 ('1', 'Interaction Design Assets', 'Local', '{\"path\":\"images\\/interactionDesign\\/\",\"url\":\"http:\\/\\/craft.dev\\/images\\/interactionDesign\\/\"}', '1', '2013-10-13 05:52:17', '2013-10-13 05:52:30', '1784910b-7e59-405a-9237-1c83885c7684'),
 ('2', 'News', 'Local', '{\"path\":\"images\\/news\\/\",\"url\":\"http:\\/\\/craft.dev\\/images\\/news\\/\"}', '2', '2013-10-13 06:48:46', '2013-10-13 06:49:07', 'acf67658-3c0a-475b-a4a7-63aff130527e');
COMMIT;


--
-- Schema for table `craft_assettransformindex`
--

DROP TABLE IF EXISTS `craft_assettransformindex`;

CREATE TABLE `craft_assettransformindex` (
  `id` int(11) NOT NULL AUTO_INCREMENT,
  `fileId` int(11) NOT NULL,
  `location` varchar(255) COLLATE utf8_unicode_ci NOT NULL,
  `sourceId` int(11) NOT NULL,
  `fileExists` tinyint(1) DEFAULT NULL,
  `inProgress` tinyint(1) DEFAULT NULL,
  `dateIndexed` datetime DEFAULT NULL,
  `dateCreated` datetime NOT NULL,
  `dateUpdated` datetime NOT NULL,
  `uid` char(36) COLLATE utf8_unicode_ci NOT NULL DEFAULT '0',
  PRIMARY KEY (`id`),
  KEY `craft_assettransformindex_sourceId_fileId_location_idx` (`sourceId`,`fileId`,`location`)
) ENGINE=InnoDB AUTO_INCREMENT=21 DEFAULT CHARSET=utf8 COLLATE=utf8_unicode_ci;

--
-- Data for table `craft_assettransformindex`
--

BEGIN;
INSERT INTO `craft_assettransformindex` (`id`, `fileId`, `location`, `sourceId`, `fileExists`, `inProgress`, `dateIndexed`, `dateCreated`, `dateUpdated`, `uid`) VALUES
 ('9', '42', '_frontPageTransform', '1', '1', '0', '2013-10-16 03:57:01', '2013-10-16 03:57:02', '2013-10-16 03:57:03', '2d1ee03d-34a2-4e91-a5da-d8d2df69a946'),
 ('10', '45', '_frontPageTransform', '1', '1', '0', '2013-10-16 04:06:19', '2013-10-16 04:06:19', '2013-10-16 04:06:20', '739f4423-2d51-4282-8d88-fc214622dcce'),
 ('11', '43', '_frontPageTransform', '1', '1', '0', '2013-10-16 04:27:40', '2013-10-16 04:27:40', '2013-10-16 04:27:41', '9effb3fa-0280-497e-a35c-99f036d90318'),
 ('12', '42', '_blogImageTransform', '1', '1', '0', '2013-10-16 05:01:52', '2013-10-16 05:01:52', '2013-10-16 05:01:54', '3ffb7004-d5cf-4fce-b5bf-a6bc1b9eac48'),
 ('13', '43', '_blogImageTransform', '1', '1', '0', '2013-10-21 01:16:07', '2013-10-21 01:16:07', '2013-10-21 01:16:09', '80bb32f0-65bb-40c0-8e2a-d858f118266b'),
 ('14', '45', '_blogImageTransform', '1', '1', '0', '2013-10-21 01:20:51', '2013-10-21 01:20:51', '2013-10-21 01:20:53', '42ccc0c7-cf02-45af-b0a3-4e01c2098fa5'),
 ('15', '49', '_blogImageTransform', '2', '1', '0', '2013-10-21 02:12:30', '2013-10-21 02:12:30', '2013-10-21 02:12:33', 'c0def88a-f1ab-40fa-84a8-ba2b3e773da3'),
 ('16', '49', '_frontPageTransform', '2', '1', '0', '2013-10-21 02:12:59', '2013-10-21 02:12:59', '2013-10-21 02:13:01', 'f8f34b4b-1c1a-4691-ac53-218a0116f690'),
 ('17', '51', '_frontPageTransform', '2', '1', '0', '2013-10-21 03:05:34', '2013-10-21 03:05:34', '2013-10-21 03:05:36', '24414911-2918-4400-8ac2-2b5db34604b8'),
 ('18', '51', '_blogImageTransform', '2', '1', '0', '2013-10-21 03:05:40', '2013-10-21 03:05:40', '2013-10-21 03:05:42', '4439b084-2b87-4260-bb6c-23264413394f'),
 ('19', '53', '_frontPageTransform', '2', '1', '0', '2013-10-21 03:10:05', '2013-10-21 03:10:05', '2013-10-21 03:10:07', '4ebfad3d-febe-49cc-8ef4-a29e6094b698'),
 ('20', '53', '_blogImageTransform', '2', '1', '0', '2013-10-21 03:35:13', '2013-10-21 03:35:13', '2013-10-21 03:35:15', '24eea08b-9309-45bf-8d65-f9bec4f3fa6d');
COMMIT;


--
-- Schema for table `craft_assettransforms`
--

DROP TABLE IF EXISTS `craft_assettransforms`;

CREATE TABLE `craft_assettransforms` (
  `id` int(11) NOT NULL AUTO_INCREMENT,
  `name` varchar(255) COLLATE utf8_unicode_ci NOT NULL,
  `handle` varchar(255) COLLATE utf8_unicode_ci NOT NULL,
  `mode` enum('stretch','fit','crop') COLLATE utf8_unicode_ci NOT NULL DEFAULT 'crop',
  `position` enum('top-left','top-center','top-right','center-left','center-center','center-right','bottom-left','bottom-center','bottom-right') COLLATE utf8_unicode_ci NOT NULL DEFAULT 'center-center',
  `height` int(10) DEFAULT NULL,
  `width` int(10) DEFAULT NULL,
  `dimensionChangeTime` datetime DEFAULT NULL,
  `dateCreated` datetime NOT NULL,
  `dateUpdated` datetime NOT NULL,
  `uid` char(36) COLLATE utf8_unicode_ci NOT NULL DEFAULT '0',
  PRIMARY KEY (`id`),
  UNIQUE KEY `craft_assettransforms_name_unq_idx` (`name`),
  UNIQUE KEY `craft_assettransforms_handle_unq_idx` (`handle`)
) ENGINE=InnoDB AUTO_INCREMENT=3 DEFAULT CHARSET=utf8 COLLATE=utf8_unicode_ci;

--
-- Data for table `craft_assettransforms`
--

BEGIN;
INSERT INTO `craft_assettransforms` (`id`, `name`, `handle`, `mode`, `position`, `height`, `width`, `dimensionChangeTime`, `dateCreated`, `dateUpdated`, `uid`) VALUES
 ('1', 'Front Page Transform', 'frontPageTransform', 'crop', 'center-center', '400', '900', '2013-10-13 10:15:44', '2013-10-13 10:15:44', '2013-10-13 10:15:44', '5722f5ad-d226-4820-acff-a1296a09a445'),
 ('2', 'Blog Image Transform', 'blogImageTransform', 'crop', 'center-center', '450', '1200', '2013-10-13 10:40:05', '2013-10-13 10:40:05', '2013-10-13 10:40:05', '9ffb6299-7e61-476a-9bbc-e6c1b9ac1a1f');
COMMIT;


--
-- Schema for table `craft_content`
--

DROP TABLE IF EXISTS `craft_content`;

CREATE TABLE `craft_content` (
  `id` int(11) NOT NULL AUTO_INCREMENT,
  `elementId` int(11) NOT NULL,
  `locale` char(12) COLLATE utf8_unicode_ci NOT NULL,
  `title` varchar(255) COLLATE utf8_unicode_ci DEFAULT NULL,
  `heading` text COLLATE utf8_unicode_ci,
  `body` text COLLATE utf8_unicode_ci,
  `course` varchar(255) COLLATE utf8_unicode_ci DEFAULT NULL,
  `unit` varchar(255) COLLATE utf8_unicode_ci DEFAULT NULL,
  `yearFinishing` varchar(255) COLLATE utf8_unicode_ci DEFAULT NULL,
  `userProfile` text COLLATE utf8_unicode_ci,
  `evaluation` text COLLATE utf8_unicode_ci,
  `grounding` text COLLATE utf8_unicode_ci,
  `mockups` text COLLATE utf8_unicode_ci,
  `prototypes` text COLLATE utf8_unicode_ci,
  `sketching` text COLLATE utf8_unicode_ci,
  `presentation` text COLLATE utf8_unicode_ci,
  `projectDescription` text COLLATE utf8_unicode_ci,
  `schedule` text COLLATE utf8_unicode_ci,
  `dateCreated` datetime NOT NULL,
  `dateUpdated` datetime NOT NULL,
  `uid` char(36) COLLATE utf8_unicode_ci NOT NULL DEFAULT '0',
  PRIMARY KEY (`id`),
  UNIQUE KEY `craft_content_elementId_locale_unq_idx` (`elementId`,`locale`),
  KEY `craft_content_title_idx` (`title`),
  KEY `craft_content_locale_fk` (`locale`)
) ENGINE=InnoDB AUTO_INCREMENT=43 DEFAULT CHARSET=utf8 COLLATE=utf8_unicode_ci;

--
-- Data for table `craft_content`
--

BEGIN;
INSERT INTO `craft_content` (`id`, `elementId`, `locale`, `title`, `heading`, `body`, `course`, `unit`, `yearFinishing`, `userProfile`, `evaluation`, `grounding`, `mockups`, `prototypes`, `sketching`, `presentation`, `projectDescription`, `schedule`, `dateCreated`, `dateUpdated`, `uid`) VALUES
 ('1', '2', 'en_us', 'Homepage', 'Welcome to Localhost!', '<p>It’s true, this site doesn’t have a whole lot of content yet, but don’t worry. Our web developers have just installed the CMS, and they’re setting things up for the content editors this very moment. Soon Localhost will be an oasis of fresh perspectives, sharp analyses, and astute opinions that will keep you coming back again and again.</p>', NULL, NULL, NULL, NULL, NULL, NULL, NULL, NULL, NULL, NULL, NULL, NULL, '2013-10-11 04:49:09', '2013-10-11 04:49:09', '8585dea1-f151-479f-90f2-5c16b44e7c95'),
 ('3', '4', 'en_us', 'Design Lab Featured Content', NULL, '', NULL, NULL, NULL, '', '', '', '', '', '', '', '', NULL, '2013-10-13 05:14:22', '2013-10-14 06:05:57', '82f0680f-c390-472e-918f-92253f056e6e'),
 ('11', '17', 'en_us', 'Making your BB10 app high resolution', 'Some people have run into an issue with their BB10 app looking oversized when they tested on the actual device. ', '<p>Some people have run into an issue with their BB10 app looking oversized when they tested on the actual device. This is because the BB10 has a high pixel density ratio and web content seems to be rendered by default at a low dpi. The effect is that all of the elements in your app look enlarged. <em>Note that this only happens when you explicitly set the width and height css elements on the &lt;body&gt; to 768px and 1280px respectively.</em></p><p>For most people who have not set the width and height of their &lt;body&gt; or any elements it contains to a certain pixel value and have instead set them to either 100% or just let the elements fill the space, this enlargement issue won’t happen. What will happen is that your app will render at about 160 pixels per inch. The BB10 however is capable of a resolution of <a href=\"https://developer.blackberry.com/devzone/design/devices_and_screen_sizes.html\">356 ppi</a>. That means you are missing out on utilising the full resolution of the device and making a really great looking app.</p><p>The solution is to adjust the “viewport” meta tag slightly. Usually we have had an attribute called “initial-scale” that we set to 1.0 meaning that the app is neither zoomed in or out. To adjust for the higher pixel density in the BB10 we want to zoom out slightly. This means setting the “initial-scale” to about 0.446.</p><p>So your “viewport” meta tag should now look like this:</p><p>&lt;meta name=”viewport” content=”width=device-width,initial-scale=0.446,user-scalable=no”&gt;</p><p>You may have to adjust your html elements to suit the new resolution of your app. However it will be worth the effort when you end up with a much better looking app.</p><p><strong>Reference:</strong> <a href=\"http://supportforums.blackberry.com/t5/Web-and-WebWorks-Development/How-to-set-up-the-viewport-for-a-BlackBerry-WebWorks-application/ta-p/1943807\">How to set up the viewport for a BlackBerry WebWorks application for BlackBerry 10</a></p>', 'Design Computing', 'Interaction Design', NULL, '', '', '', '', '', '', '', NULL, NULL, '2013-10-13 07:50:28', '2013-10-21 02:28:21', 'df01e585-0247-40c5-aeac-8f2af033ddab'),
 ('14', '7', 'en_us', NULL, NULL, '', 'Design Computing', NULL, '2014', '<p>Lorem ipsum dolor sit amet, consectetur adipisicing elit. Alias, saepe, sequi, quod aliquid architecto sint quasi vero quos in voluptatibus tempora perferendis ut quaerat. A, eos veniam nam laboriosam vel distinctio ducimus non at rem repellendus ipsam id tenetur quae debitis repudiandae maxime reiciendis quibusdam amet consectetur dolorem iure velit sequi unde temporibus obcaecati. Voluptas, assumenda, repellendus, numquam, quasi iure provident dicta deserunt maiores sit placeat unde aspernatur suscipit earum aliquam laboriosam amet quod blanditiis nemo enim dolore quibusdam ratione tempore debitis nam impedit ea adipisci sunt. Qui, totam quo numquam rem perspiciatis quos eligendi veritatis quas obcaecati vero ipsam corrupti eum reiciendis quae debitis molestiae maiores. Velit, dolorem, saepe voluptatem veniam quod nostrum est incidunt facilis ex ipsum. Repudiandae, ducimus, deserunt, saepe doloribus laborum dolore iure ea eligendi et cumque molestiae fugit reprehenderit! Quae, perspiciatis, consequuntur beatae officia eum in ex possimus neque vitae cum inventore non aut vero!</p><nav></nav>', '', '', '', '', '', '', NULL, NULL, '2013-10-13 09:01:19', '2013-10-16 04:43:39', 'fb2d0fd1-725f-41d7-a17d-301e468e047b'),
 ('18', '23', 'en_us', NULL, NULL, '', 'Design Computing', NULL, '2014', '<p>Lorem ipsum dolor sit amet, consectetur adipisicing elit. Alias, saepe, sequi, quod aliquid architecto sint quasi vero quos in voluptatibus tempora perferendis ut quaerat. A, eos veniam nam laboriosam vel distinctio ducimus non at rem repellendus ipsam id tenetur quae debitis repudiandae maxime reiciendis quibusdam amet consectetur dolorem iure velit sequi unde temporibus obcaecati. Voluptas, assumenda, repellendus, numquam, quasi iure provident dicta deserunt maiores sit placeat unde aspernatur suscipit earum aliquam laboriosam amet quod blanditiis nemo enim dolore quibusdam ratione tempore debitis nam impedit ea adipisci sunt. Qui, totam quo numquam rem perspiciatis quos eligendi veritatis quas obcaecati vero ipsam corrupti eum reiciendis quae debitis molestiae maiores. Velit, dolorem, saepe voluptatem veniam quod nostrum est incidunt facilis ex ipsum. Repudiandae, ducimus, deserunt, saepe doloribus laborum dolore iure ea eligendi et cumque molestiae fugit reprehenderit! Quae, perspiciatis, consequuntur beatae officia eum in ex possimus neque vitae cum inventore non aut vero!</p><nav></nav>', '', '', '', '', '', '', NULL, NULL, '2013-10-13 10:45:43', '2013-10-16 04:44:01', '953fa62b-112c-44a5-9583-64dc03b25276'),
 ('19', '25', 'en_us', 'Interaction Design Assignment Submission', 'Hello', '<p>Set</p>', NULL, NULL, NULL, '', NULL, NULL, NULL, NULL, NULL, NULL, NULL, NULL, '2013-10-13 11:14:44', '2013-10-13 11:14:44', '2a8e335e-8314-4a51-8c38-fd3e6e2fdcc2'),
 ('20', '26', 'en_us', 'Assignment 1', NULL, '<p>Each group member to evaluate the mockups from Task 1c using one of the following methods:</p><ul>\r\n<li>Usability test (with at least 2 users)</li><li>Heuristic analysis (with at least 2 experts) using the <a href=\"http://www.useit.com/papers/heuristic/heuristic_list.html\">10 usability heuristics</a> or the <a href=\"http://designingwebinterfaces.com/6-tips-for-a-great-flex-ux-part-5\">web application heuristics</a>.</li><li>Controlled experiment (with at least 2 users)</li></ul><p>To evaluate the mockups, you need to:</p><ul>\r\n<li>Print your mockups</li><li>Prepare your mockups for the evaluation if necessary, such as interactive elements like radio buttons, pop-up boxes, etc.</li><li>Prepare any additional material needed for the study, such as task lists</li><li>Recruit participants (NB: People from your class qualify as experts, but not as users</li></ul><p>Additionally you should conduct a short post-evaluation interview with your users or experts to find out about their general attitude towards your application concept, what things they liked about, what they didn’t, whether they were missing any features, etc.</p><p>The minimum requirement is to evaluate the desktop version of your application, but you might want to include the mobile version as well to get early feedback from users/experts on this part as well.</p><p><strong>Submission</strong><br>Individual or group blog post describing, including the following:</p><ul>\r\n<li>Short description of method</li><li>Description of evaluation procedure, including the number of people tested and what their demographics are, such as age, profession, etc.</li><li>One or more photos of your evaluation session. To respect the privacy of your participants take the photos from an angle in which their face isn’t visible.</li><li>Findings: what were the main results of the evaluation as well as the post-evaluation interview</li><li>Suggestions for improvements to the interface based on the findings</li></ul><p>The blog post submission is due on <del>Thursday 13 September</del> Sunday 16 September, 8pm. (There is no Blackboard submission.)</p><p>The next task — to develop the interactive prototype — is due 11 October.</p><p><strong>Resources</strong><br><a href=\"http://web.arch.usyd.edu.au/~mtomitsch/teaching/2012/deco2200/material/Designbrief.pdf\">Design brief</a> (pdf)<br><a href=\"http://www.useit.com/papers/heuristic/heuristic_evaluation.html\">How to conduct a heuristic evaluation</a><br><a href=\"http://designingwebinterfaces.com/6-tips-for-a-great-flex-ux-part-5\">10 heuristics in web applications</a><br><a href=\"http://www.useit.com/papers/heuristic/heuristic_list.html\">Nielsen’s 10 usability heuristics</a><br><a href=\"http://www.useit.com/alertbox/20000319.html\">Why you only need to test with 5 users</a><br><a href=\"http://dschool.stanford.edu/wp-content/uploads/2011/03/BootcampBootleg2010v2SLIM.pdf\">d.school bootcamp bootleg </a> (pdf) — see pages 34 and 35<br><a href=\"http://www.ok-cancel.com/\">OK/Cancel</a> — comics on usability and human computer interaction</p><p><a href=\"http://www.userfocus.co.uk/articles/index.html\" style=\"font-family: Arial, Helvetica, Verdana, Tahoma, sans-serif;\">User Focus</a> — articles and resources  for further reading</p>', NULL, NULL, NULL, '', NULL, NULL, NULL, NULL, NULL, NULL, NULL, NULL, '2013-10-13 11:31:01', '2013-10-13 11:31:01', '67dbd1af-b12f-474a-87b3-1a738ce50015'),
 ('22', '1', 'en_us', NULL, NULL, '', 'Design Computing', NULL, '2014', '<p>Lorem ipsum dolor sit amet, consectetur adipisicing elit. Alias, saepe, sequi, quod aliquid architecto sint quasi vero quos in voluptatibus tempora perferendis ut quaerat. A, eos veniam nam laboriosam vel distinctio ducimus non at rem repellendus ipsam id tenetur quae debitis repudiandae maxime reiciendis quibusdam amet consectetur dolorem iure velit sequi unde temporibus obcaecati. Voluptas, assumenda, repellendus, numquam, quasi iure provident dicta deserunt maiores sit placeat unde aspernatur suscipit earum aliquam laboriosam amet quod blanditiis nemo enim dolore quibusdam ratione tempore debitis nam impedit ea adipisci sunt. Qui, totam quo numquam rem perspiciatis quos eligendi veritatis quas obcaecati vero ipsam corrupti eum reiciendis quae debitis molestiae maiores. Velit, dolorem, saepe voluptatem veniam quod nostrum est incidunt facilis ex ipsum. Repudiandae, ducimus, deserunt, saepe doloribus laborum dolore iure ea eligendi et cumque molestiae fugit reprehenderit! Quae, perspiciatis, consequuntur beatae officia eum in ex possimus neque vitae cum inventore non aut vero!</p><nav></nav>', '', '', '', '', '', '', NULL, NULL, '2013-10-13 13:31:39', '2013-10-14 04:53:57', 'c195c714-2804-436f-be30-aaeb39fac594'),
 ('24', '32', 'en_us', 'Little Boxes', NULL, '', 'Design Computing', 'Interaction Design', NULL, '', '', '<p>Our concept, while still developing is centred around the idea of creating a room in which the user can login to and revisit both their online lives in the present or reverse the room to a time in their past. The goal is to immerse the user in their present and past as seamlessly as possible, while exhibiting their digital lives in an ordinary room, we want to use as many online sources of personal information as we can get, but realise the most ubiquitous source is more than likely Facebook, as it has the largest user base. We want to achieve this with a combination of images, audio, personal information and video, taken directly from Facebook using a mobile to login, with content both from the users profile and content relevant to when the user is choosing to view.</p>', '', '', '<p>Idea of the room</p><p><img src=\"{asset:37:url}\"></p><p>Individual Boxes</p><p><img src=\"{asset:36:url}\"></p>', '', 'Little Boxes is an interactive, digital time-capsule that allows viewers not only to become a part of the piece directly but also to explore digital information in an interesting way. Various wooden boxes of different sizes, shapes and designs are scattered around the space, each with their own screen stored inside. On entering the space, visitors are prompted to do two things; log into their Facebook account and choose a month and year they wish to view.', NULL, '2013-10-14 02:42:43', '2013-10-16 04:06:17', 'd187baf2-deee-4873-88a1-6765b269cf6a'),
 ('27', '39', 'en_us', 'Design Lab News', 'The News you want today.', '<p>Hey Hey Hey</p>', NULL, NULL, NULL, '', '', '', '', '', '', '', NULL, NULL, '2013-10-14 06:04:38', '2013-10-16 03:56:31', 'f5805976-6e59-4abc-a755-167a3c25ecd5'),
 ('28', '41', 'en_us', 'This is Design Computing News', 'Design Computing News', '<p>Design Computing News</p>', NULL, NULL, NULL, '', '', '', '', '', '', '', NULL, NULL, '2013-10-14 06:14:08', '2013-10-16 03:57:30', '7cbb4271-01d0-40f0-b9dc-87992f9fa57c'),
 ('29', '42', 'en_us', 'translens2', NULL, '', NULL, NULL, NULL, '', '', '', '', '', '', '', NULL, NULL, '2013-10-16 03:56:27', '2013-10-16 03:56:27', 'ba99ade2-fa92-498e-bcc2-69c2543d4732'),
 ('30', '43', 'en_us', 'dark satanic mills by peteamachree-d350rz8  1 ', NULL, '', NULL, NULL, NULL, '', '', '', '', '', '', '', NULL, NULL, '2013-10-16 03:57:25', '2013-10-16 03:57:25', '88fe9e1a-2ab9-41c8-ace2-4bf1f9553231'),
 ('31', '44', 'en_us', 'DSC 0072', NULL, '', NULL, NULL, NULL, '', '', '', '', '', '', '', NULL, NULL, '2013-10-16 04:05:34', '2013-10-16 04:05:34', '54ba8d8a-708f-4a5d-a084-1d5383f4e641'),
 ('32', '45', 'en_us', '0fcdf4d0.littleboxes', NULL, '', NULL, NULL, NULL, '', '', '', '', '', '', '', NULL, NULL, '2013-10-16 04:06:12', '2013-10-16 04:06:12', 'e5b4f2a4-56ff-452a-a593-f1508bc24376'),
 ('33', '46', 'en_us', '3b88a1f0.st3', NULL, '', NULL, NULL, NULL, '', '', '', '', '', '', '', NULL, NULL, '2013-10-16 04:43:34', '2013-10-16 04:43:34', 'f6af1f25-b8cf-4654-86e6-36e23a6d2560'),
 ('34', '47', 'en_us', 'b42242d1.st2', NULL, '', NULL, NULL, NULL, '', '', '', '', '', '', '', NULL, NULL, '2013-10-16 04:43:58', '2013-10-16 04:43:58', 'd3ab4a4a-7523-4ebb-ac4e-47e011aed77c'),
 ('35', '48', 'en_us', 'Featured Projects', NULL, '', NULL, NULL, NULL, '', '', '', '', '', '', '', NULL, NULL, '2013-10-21 01:40:47', '2013-10-21 01:40:47', '96f9ab84-d84d-4d36-a641-8ab0adcb46de'),
 ('36', '49', 'en_us', 'Wearable Architecture', NULL, '', NULL, NULL, NULL, '', '', '', '', '', '', '', NULL, NULL, '2013-10-21 02:11:05', '2013-10-21 02:11:05', 'c8e0f150-3865-433e-85c3-5f2f9959c77f'),
 ('37', '50', 'en_us', 'Digital Innovation Prize Winners', 'Faculty students awarded Prize for Digital Innovation', '<p>The Faculty of Architecture, Design and Planning is pleased to announce two of its Master of Architecture students have won the Prize for Digital Innovation in the 2013 Australian Institute of Architects Student Awards.</p><p>Jonathan Fernandes and James Ye-Won Lee\'s digital project presented the temporary structure and interior of a moveable theatre space. Able to be assembled and disassembled in 72 hours, the theatre is designed to appear alongside Sydney Festival\'s iconic Spiegeltent.</p><p>\"You can pack it away, put it in a truck, move it somewhere else in a different location and put it up,\" says James</p><p>\"It can be placed in different sites,\" says Jonathan</p><p>The design allows the theatre\'s sounds and lights to guide audiences\' movements in and around the space. Audiences find themselves plunged deep in the immersive environment of the theatre.</p><p>Their model\'s exceptional interactive ceiling was what set them apart.</p><p>\"The ceiling can adapt depending on the type of theatre performance, \" says Jonathan.</p><p>\"If you need the theatre to be more open, the ceiling could raise up if more people need to be accommodated, and it could lower to create a more intimate space.\"</p><p>Entrants from three other universities offering architecture in NSW were in the running for the Digital Innovation Prize. This achievement for Faculty of Architecture, Design and Planning students Jonathan and James is \"great exposure,\" says Jonathan.</p><p>The Faculty of Architecture, Design and Planning congratulates James and Jonathan on their outstanding success.</p>', NULL, NULL, NULL, '', '', '', '', '', '', '', NULL, NULL, '2013-10-21 02:11:10', '2013-10-21 02:11:10', '3db6ebfc-9ae1-4095-ba06-193c1b3073d1'),
 ('38', '51', 'en_us', 'ECOLOGIESBANNER', NULL, '', NULL, NULL, NULL, '', '', '', '', '', '', '', NULL, NULL, '2013-10-21 03:04:48', '2013-10-21 03:04:48', '8268fa11-1716-4978-a1a2-8dec2849399c'),
 ('39', '52', 'en_us', 'Ecologies of invention', 'Ecologies of Invention is the first collection of essays that brings together writers and scholars of international standing from the University of Sydney and beyond to examine the assumptions underlying notions of inventiveness.', '<p>Imagine the walls of a building letting in and circulating air - not the windows, the walls. This is what architect Doris Kim Sung has achieved in her work through the use of thermo-biometals - metals that curl and shift in response to sunlight and the weather - in the construction of buildings. With a background in biology, Doris based the idea of a \'breathing\' wall on the unique way in which a grasshopper takes in air through its sides and uses the air to cool its body. (You can find more information about Doris Kim Sung and her designs through the TED website: blog.tedx.com/post/64111337047/what-if-building-materials-were-more-like-skin.)</p><p>What kind of person thinks to make this creative connection, from a grasshopper to a building material? How can people across various disciplines be encouraged and trained to make connections such as these; to work more inventively? Traditionally, invention has been seen as isolated to the realm of scientific discovery. But are artists, designers and musicians also inventors? The contributors to Ecologies of invention, (ed. Andy Dong, John Conomos and Brad Buckley) attempt to answer these questions - and ask and answer even more.</p><p>Ecologies of Invention is the first collection of essays that brings together writers and scholars of international standing from the University of Sydney and beyond to examine the assumptions underlying notions of inventiveness. In doing so, an important distinction is made between \'inventiveness\' and \'creativity\'. Significantly, the contributors look at origins, approaches and attitudes towards inventiveness across the disciplines, including art, architecture, design, history, engineering, science, law and economics. As Marc Newson, designer of the famous Lockheed Lounge, points out in the Foreword, Ecologies of invention \'makes an important contribution to our understanding of that \"light bulb\" moment of realisation or invention that takes place across all disciplines\'. As well as sharing similarities across disciplines, the contributors demonstrate how invention on all different scales, from personal capacities to the social, spatial and network configurations, share similar processes and production.</p><p>Edited by Andy Dong, Professor and ARC Future Fellow at the University of Sydney and holder of the Warren Centre Chair for Engineering Innovation; Brad Buckley, artist, activist, urbanist and Professor of Contemporary Art and Culture at Sydney College of the Arts; and John Conomos, artist, critic and theorist at Sydney College of the Arts, the concept of invention as explored in Ecologies of invention moves beyond the individual chapters and contributions by Faculty of Architecture Academics Lian Loke, Dagmar Reinhardt, Chris Smith and Rob Saunders, to the design of the book itself.</p><p>The book poses new questions for scholars, artists, architects, designers, historians, engineers, scientists, lawyers and economists about the nature, origins and processes of invention.</p><p>If you would like more information about the book, editors or contributors, please contact Sydney University Press at sup.info@sydney.edu.au.</p>', NULL, NULL, NULL, '', '', '', '', '', '', '', NULL, NULL, '2013-10-21 03:05:23', '2013-10-21 03:05:23', '57e2ddb3-47ac-468d-adbc-e2e5eeffe25e'),
 ('40', '53', 'en_us', 'Shop 2.06 crowd-3', NULL, '', NULL, NULL, NULL, '', '', '', '', '', '', '', NULL, NULL, '2013-10-21 03:09:56', '2013-10-21 03:09:56', '06449238-e715-48a5-8455-e5d55b47a857'),
 ('41', '54', 'en_us', 'Design Lab Research presented at OzChi Conference', '​Cutting-edge research in human-computer interaction is the topic of discussion at the annual OzCHI Conference in Melbourne this year.', '<p>Cutting-edge research in human-computer interaction is the topic of discussion at the annual OzCHI Conference in Melbourne this year.</p><p>OzCHI brings together researchers from across Australia to build networks, find collaborators and stay abreast of the latest knowledge of the way humans interact with computers.</p><p>Design Lab lecturer and program director of the University\'s <a href=\"http://sydney.edu.au/architecture/programs_of_study/postgraduate/IDEA.shtml\">Master of Interaction Design and Electronic Arts (IDEA)</a>, Lian Loke, says that OzChi is one of the best ways to present research and gain inspiration from others\' works.</p><p>\"The conference does the equivalent of research speed dating. It gets everyone acquainted with everyone else\'s research,\" Loke said.</p><p>\"We have also been constructing research trees that show the relationships between areas of research. Understanding these degrees of separation between active research projects lets us easily see where the field is headed.\"</p><p>Yesterday, Loke and UTS collaborator Professor Toni Robertson ran a workshop, \'The Body in Design\'. The workshop involved designing for bodily experience and understanding bodily engagement in the design process.</p><p><br><img id=\"processed\" src=\"http://www.arch.usyd.edu.au/images/news_events/2012/eloquentrobes.jpg\" align=\"right\" border=\"\">\r\n</p><p>Design Lab PhD candidate, Ingrid Pohl, will present today a short paper, \'Engaging the sense of touch in interactive architecture\'. The paper explores the ideas manifest in her prototype sensitive surfaces, on display at the Design Lab\'s end of year festival, <a href=\"http://sydney.edu.au/architecture/events/organisedCacophony.shtml\">Organised Cacophony</a>.</p><p>IDEA research student, Claudia Nunez-Pacheco has also presented a poster, \'Eloquent Robes\' that explains the work currently exhibited at Organised Cacophony.</p>', NULL, NULL, NULL, '', '', '', '', '', '', '', NULL, NULL, '2013-10-21 03:10:00', '2013-10-21 03:10:00', '8944a64f-f31b-4362-9ec7-ffb5dd45a114'),
 ('42', '55', 'en_us', 'Schedule 2012', NULL, '', NULL, NULL, NULL, '', '', '', '', '', '', '', NULL, '[{\"col1\":\"1\",\"col2\":\"3 Aug\",\"col3\":\"Introduction <a href=\\\"http:\\/\\/google.com\\\"<\\/a>Slides<\\/a>\",\"col4\":\"Design project intro (slides), design exercise\\t\",\"col6\":\"No Class\",\"col5\":\"\"},{\"col1\":\"2\",\"col2\":\"10 Aug\",\"col3\":\"Learning from everyday interfaces (slides)\\t\",\"col4\":\"Everyday interfaces activity (slides); User-centred design (slides)\\t\",\"col6\":\"Design activity; introduction of design brief; grounding research (slides)\\t\",\"col5\":\"Task (slides)\\r\\n\"},{\"col1\":\"3\",\"col2\":\"17 Aug\",\"col3\":\"Sketching ideas (slides)\\t\",\"col4\":\"Brainstorming (slides)\\t\",\"col6\":\"Responsive design (slides); Wireframing + activity (slides); work on scenarios, user stories, wireframes\\t\",\"col5\":\"Blog post: Grounding research \\u2013 find two related websites and discuss them\\r\\n\"},{\"col1\":\"\",\"col2\":\"\",\"col3\":\"\",\"col4\":\"\",\"col6\":\"\",\"col5\":\"\"}]', '2013-10-21 03:48:28', '2013-10-21 04:06:27', '33d7bc46-83eb-44af-8f6f-f4cc642bb6f8');
COMMIT;


--
-- Schema for table `craft_elements`
--

DROP TABLE IF EXISTS `craft_elements`;

CREATE TABLE `craft_elements` (
  `id` int(11) NOT NULL AUTO_INCREMENT,
  `type` char(150) COLLATE utf8_unicode_ci NOT NULL,
  `enabled` tinyint(1) unsigned NOT NULL DEFAULT '1',
  `archived` tinyint(1) unsigned NOT NULL DEFAULT '0',
  `dateCreated` datetime NOT NULL,
  `dateUpdated` datetime NOT NULL,
  `uid` char(36) COLLATE utf8_unicode_ci NOT NULL DEFAULT '0',
  PRIMARY KEY (`id`),
  KEY `craft_elements_type_idx` (`type`),
  KEY `craft_elements_enabled_idx` (`enabled`),
  KEY `craft_elements_archived_idx` (`archived`)
) ENGINE=InnoDB AUTO_INCREMENT=56 DEFAULT CHARSET=utf8 COLLATE=utf8_unicode_ci;

--
-- Data for table `craft_elements`
--

BEGIN;
INSERT INTO `craft_elements` (`id`, `type`, `enabled`, `archived`, `dateCreated`, `dateUpdated`, `uid`) VALUES
 ('1', 'User', '1', '0', '2013-10-11 04:49:08', '2013-10-11 04:49:08', '3e2db410-796d-457b-b5eb-4749464fe79b'),
 ('2', 'Entry', '1', '0', '2013-10-11 04:49:09', '2013-10-11 04:49:09', '3029738b-cc32-42af-9781-7000170ba7cf'),
 ('4', 'Entry', '1', '0', '2013-10-13 05:14:22', '2013-10-14 06:05:57', '1071610a-2ec5-4f37-bc68-ed1f7b27a1ec'),
 ('7', 'User', '1', '0', '2013-10-13 05:49:13', '2013-10-13 05:49:13', '137935e9-dccd-4314-9047-81779978bb9a'),
 ('15', 'Tag', '1', '0', '2013-10-13 07:03:40', '2013-10-13 07:03:40', '9bfc8d25-6ffe-4c78-b299-d9d4cd7026cc'),
 ('16', 'Tag', '1', '0', '2013-10-13 07:03:40', '2013-10-13 07:03:40', '15268882-a6bb-40c4-bb1c-949c4e3310cc'),
 ('17', 'Entry', '1', '0', '2013-10-13 07:50:28', '2013-10-21 02:28:21', '91655080-77c2-4942-9d6a-02025eadbf8b'),
 ('18', 'Tag', '1', '0', '2013-10-13 07:50:28', '2013-10-13 07:50:28', 'a80e6224-0fbc-4114-b65b-9e91d73c1b44'),
 ('23', 'User', '1', '0', '2013-10-13 10:45:12', '2013-10-13 10:45:12', '8c4b643e-02cb-441c-aa06-00f3f6f70d88'),
 ('25', 'Entry', '1', '0', '2013-10-13 11:14:44', '2013-10-13 11:14:44', '4aa604fc-d7b7-431e-8ee8-e614ebf0d14a'),
 ('26', 'Entry', '1', '0', '2013-10-13 11:31:01', '2013-10-13 11:31:01', '422cab0f-f419-4979-877c-eb72de9dfe0a'),
 ('27', 'Tag', '1', '0', '2013-10-13 11:31:01', '2013-10-13 11:31:01', '94b9fb6b-93df-4f45-b326-1a97179d4fdc'),
 ('28', 'Tag', '1', '0', '2013-10-13 11:31:01', '2013-10-13 11:31:01', '527131ac-e163-4f33-9149-c24ab05afa78'),
 ('29', 'Tag', '1', '0', '2013-10-13 11:31:01', '2013-10-13 11:31:01', '774a2a00-9bfc-4f5f-a45a-d4e127c648bb'),
 ('32', 'Entry', '1', '0', '2013-10-14 02:42:43', '2013-10-16 04:06:17', '43c6df03-6c0e-47a6-893d-c75c59449598'),
 ('33', 'Tag', '1', '0', '2013-10-14 02:42:43', '2013-10-14 02:42:43', 'b82c49b3-f1b8-4e43-9665-6512cc4afbc1'),
 ('34', 'Tag', '1', '0', '2013-10-14 02:42:43', '2013-10-14 02:42:43', '3f70189e-edd0-4978-bd88-c28efe67cda2'),
 ('35', 'Tag', '1', '0', '2013-10-14 02:42:43', '2013-10-14 02:42:43', '5f508156-3eeb-460b-b5f2-7af2f1a49c57'),
 ('38', 'User', '1', '0', '2013-10-14 04:46:50', '2013-10-14 04:46:50', 'd9b155f6-15a6-4a6a-aa8e-f1b3f0c10edb'),
 ('39', 'Entry', '1', '0', '2013-10-14 06:04:38', '2013-10-16 03:56:31', 'f50a19f8-d76e-4887-b700-6e61d28067b1'),
 ('40', 'Tag', '1', '0', '2013-10-14 06:04:38', '2013-10-14 06:04:38', 'dd1298e2-9322-4ca4-b79b-a0a27b7ae60e'),
 ('41', 'Entry', '1', '0', '2013-10-14 06:14:08', '2013-10-16 03:57:30', '710329d1-387d-455a-baac-3160db7ef6c4'),
 ('42', 'Asset', '1', '0', '2013-10-16 03:56:27', '2013-10-16 03:56:27', '4cbc72b5-e8ba-4af5-ba58-0899f9d8536e'),
 ('43', 'Asset', '1', '0', '2013-10-16 03:57:25', '2013-10-16 03:57:25', '737ee503-af2e-4dea-a724-3a0d945a2deb'),
 ('44', 'Asset', '1', '0', '2013-10-16 04:05:33', '2013-10-16 04:05:33', '47b872b8-11dd-4fa5-b308-44f9c1f9192b'),
 ('45', 'Asset', '1', '0', '2013-10-16 04:06:12', '2013-10-16 04:06:12', 'cb7cd961-f5dd-454d-915a-21e80dd4ecab'),
 ('46', 'Asset', '1', '0', '2013-10-16 04:43:34', '2013-10-16 04:43:34', 'a247a5b1-d3f4-4615-b24c-353cd3bbdcd3'),
 ('47', 'Asset', '1', '0', '2013-10-16 04:43:58', '2013-10-16 04:43:58', '4253ec17-a12d-44bb-a4ed-c58d3073a0bd'),
 ('48', 'Entry', '1', '0', '2013-10-21 01:40:47', '2013-10-21 01:40:47', 'd676a063-78cc-49f1-83cc-cea362ae5257'),
 ('49', 'Asset', '1', '0', '2013-10-21 02:11:05', '2013-10-21 02:11:05', 'a4bad3d5-5d45-4616-8d7b-d45812b50a01'),
 ('50', 'Entry', '1', '0', '2013-10-21 02:11:10', '2013-10-21 02:11:10', 'd0bb9a2a-ca2c-4b0e-8053-9b1bb577f8ce'),
 ('51', 'Asset', '1', '0', '2013-10-21 03:04:48', '2013-10-21 03:04:48', '59e6b376-9b65-4bc2-92cf-06e3dd27725e'),
 ('52', 'Entry', '1', '0', '2013-10-21 03:05:23', '2013-10-21 03:05:23', '6232117e-bc9a-43ce-8859-71c16cb1a996'),
 ('53', 'Asset', '1', '0', '2013-10-21 03:09:56', '2013-10-21 03:09:56', 'cf0281b5-4902-4aae-b16e-ebfff74f1129'),
 ('54', 'Entry', '1', '0', '2013-10-21 03:10:00', '2013-10-21 03:10:00', '5fb8e8e5-797b-4fa4-8ad7-1ca460fe24fd'),
 ('55', 'Entry', '1', '0', '2013-10-21 03:48:28', '2013-10-21 04:06:27', 'a87afaab-e0d1-4a48-b196-374907fe90be');
COMMIT;


--
-- Schema for table `craft_elements_i18n`
--

DROP TABLE IF EXISTS `craft_elements_i18n`;

CREATE TABLE `craft_elements_i18n` (
  `id` int(11) NOT NULL AUTO_INCREMENT,
  `elementId` int(11) NOT NULL,
  `locale` char(12) COLLATE utf8_unicode_ci NOT NULL,
  `uri` varchar(255) COLLATE utf8_unicode_ci DEFAULT NULL,
  `dateCreated` datetime NOT NULL,
  `dateUpdated` datetime NOT NULL,
  `uid` char(36) COLLATE utf8_unicode_ci NOT NULL DEFAULT '0',
  PRIMARY KEY (`id`),
  UNIQUE KEY `craft_elements_i18n_elementId_locale_unq_idx` (`elementId`,`locale`),
  UNIQUE KEY `craft_elements_i18n_uri_locale_unq_idx` (`uri`,`locale`),
  KEY `craft_elements_i18n_locale_fk` (`locale`)
) ENGINE=InnoDB AUTO_INCREMENT=20 DEFAULT CHARSET=utf8 COLLATE=utf8_unicode_ci;

--
-- Data for table `craft_elements_i18n`
--

BEGIN;
INSERT INTO `craft_elements_i18n` (`id`, `elementId`, `locale`, `uri`, `dateCreated`, `dateUpdated`, `uid`) VALUES
 ('1', '2', 'en_us', '__home__', '2013-10-11 04:49:09', '2013-10-11 04:49:09', '7ee9b0c0-c507-4854-acc0-3e819c81b021'),
 ('3', '4', 'en_us', 'design-lab/2013/design-lab-featured-content', '2013-10-13 05:14:22', '2013-10-14 06:05:57', 'eead9cfb-4de4-4271-ad17-41578ec69924'),
 ('8', '17', 'en_us', 'interaction-design/news/interaction-design-item', '2013-10-13 07:50:28', '2013-10-21 02:28:21', '3e456ffd-9ddf-4725-b90b-f25feb289bd6'),
 ('10', '25', 'en_us', 'interaction-design/assignment/interaction-design-assignment-submission', '2013-10-13 11:14:44', '2013-10-13 11:14:44', '04633353-6f64-4090-9fbe-c3110fe9a566'),
 ('11', '26', 'en_us', 'interaction-design/assignments/assignment-1', '2013-10-13 11:31:01', '2013-10-13 12:28:48', 'ac5ef9d5-8101-426f-bef2-a109348e2acf'),
 ('12', '32', 'en_us', 'project/2013/little-boxes', '2013-10-14 02:42:43', '2013-10-16 04:06:17', 'b7cc9bd0-3e18-4301-a2f6-ae03cfc5238c'),
 ('13', '39', 'en_us', 'design-lab/2013/design-lab-news', '2013-10-14 06:04:38', '2013-10-16 03:56:31', '92fcf556-7f8c-44ce-9f2d-90c6d8276ea8'),
 ('14', '41', 'en_us', 'design-computing/2013/hello', '2013-10-14 06:14:08', '2013-10-16 03:57:30', '869725ab-cfee-432f-becd-20ede0455a45'),
 ('15', '48', 'en_us', 'design-computing/2013/featured-projects', '2013-10-21 01:40:47', '2013-10-21 01:40:47', '4724d952-fec0-4215-ac24-f4e3ef396249'),
 ('16', '50', 'en_us', 'design-computing/2013/digital-innovation-prize-winners', '2013-10-21 02:11:10', '2013-10-21 02:11:10', 'ed64ae65-0e81-4ae8-8ed6-c3bc865023b4'),
 ('17', '52', 'en_us', 'design-computing/2013/ecologies-of-invention', '2013-10-21 03:05:23', '2013-10-21 03:05:23', '9ae05e41-ab19-4b5b-8fd3-d770fbab7643'),
 ('18', '54', 'en_us', 'design-computing/2013/design-lab-research-presented-at-ozchi-conference', '2013-10-21 03:10:00', '2013-10-21 03:10:00', '628bc19b-cc25-45e5-abe4-7cf64a00506d'),
 ('19', '55', 'en_us', 'interaction-design/schedule/schedule-2012', '2013-10-21 03:48:28', '2013-10-21 04:06:27', '8d2d9b15-db77-4ee6-b95c-9122cb7da24f');
COMMIT;


--
-- Schema for table `craft_emailmessages`
--

DROP TABLE IF EXISTS `craft_emailmessages`;

CREATE TABLE `craft_emailmessages` (
  `id` int(11) NOT NULL AUTO_INCREMENT,
  `key` char(150) COLLATE utf8_unicode_ci NOT NULL,
  `locale` char(12) COLLATE utf8_unicode_ci NOT NULL,
  `subject` varchar(1000) COLLATE utf8_unicode_ci NOT NULL,
  `body` text COLLATE utf8_unicode_ci NOT NULL,
  `dateCreated` datetime NOT NULL,
  `dateUpdated` datetime NOT NULL,
  `uid` char(36) COLLATE utf8_unicode_ci NOT NULL DEFAULT '0',
  PRIMARY KEY (`id`),
  UNIQUE KEY `craft_emailmessages_key_locale_unq_idx` (`key`,`locale`)
) ENGINE=InnoDB DEFAULT CHARSET=utf8 COLLATE=utf8_unicode_ci;

--
-- Schema for table `craft_entries`
--

DROP TABLE IF EXISTS `craft_entries`;

CREATE TABLE `craft_entries` (
  `id` int(11) NOT NULL,
  `sectionId` int(11) NOT NULL,
  `typeId` int(11) DEFAULT NULL,
  `authorId` int(11) DEFAULT NULL,
  `root` int(10) DEFAULT NULL,
  `lft` int(10) unsigned DEFAULT NULL,
  `rgt` int(10) unsigned DEFAULT NULL,
  `depth` smallint(6) unsigned DEFAULT NULL,
  `postDate` datetime DEFAULT NULL,
  `expiryDate` datetime DEFAULT NULL,
  `dateCreated` datetime NOT NULL,
  `dateUpdated` datetime NOT NULL,
  `uid` char(36) COLLATE utf8_unicode_ci NOT NULL DEFAULT '0',
  PRIMARY KEY (`id`),
  KEY `craft_entries_sectionId_idx` (`sectionId`),
  KEY `craft_entries_typeId_idx` (`typeId`),
  KEY `craft_entries_root_idx` (`root`),
  KEY `craft_entries_lft_idx` (`lft`),
  KEY `craft_entries_rgt_idx` (`rgt`),
  KEY `craft_entries_depth_idx` (`depth`),
  KEY `craft_entries_postDate_idx` (`postDate`),
  KEY `craft_entries_expiryDate_idx` (`expiryDate`),
  KEY `craft_entries_authorId_fk` (`authorId`)
) ENGINE=InnoDB DEFAULT CHARSET=utf8 COLLATE=utf8_unicode_ci;

--
-- Data for table `craft_entries`
--

BEGIN;
INSERT INTO `craft_entries` (`id`, `sectionId`, `typeId`, `authorId`, `root`, `lft`, `rgt`, `depth`, `postDate`, `expiryDate`, `dateCreated`, `dateUpdated`, `uid`) VALUES
 ('2', '1', '1', NULL, NULL, NULL, NULL, NULL, '2013-10-11 04:49:09', NULL, '2013-10-11 04:49:09', '2013-10-11 04:49:09', 'ace71699-87cf-4534-abf4-6dcca7bc976f'),
 ('4', '3', '24', '1', NULL, NULL, NULL, NULL, '2013-10-13 05:14:00', NULL, '2013-10-13 05:14:22', '2013-10-14 06:05:57', '12c84e3d-6f5e-4c6d-8f6e-fcea7d59d5d3'),
 ('17', '10', '18', '1', NULL, NULL, NULL, NULL, '2013-10-13 07:50:00', NULL, '2013-10-13 07:50:28', '2013-10-21 02:28:21', '89077a84-7e09-4428-bc53-c2ffcc32ee64'),
 ('25', '9', '17', '1', NULL, NULL, NULL, NULL, '2013-10-13 11:14:44', NULL, '2013-10-13 11:14:44', '2013-10-13 11:14:44', '396053d5-025c-49b6-81c3-fc1a36d066ac'),
 ('26', '10', '19', '1', NULL, NULL, NULL, NULL, '2013-10-13 11:31:01', NULL, '2013-10-13 11:31:01', '2013-10-13 11:31:01', 'a0de48db-cc7c-4914-a53f-a178d2ca85c6'),
 ('32', '7', '12', '1', NULL, NULL, NULL, NULL, '2013-10-14 02:42:00', NULL, '2013-10-14 02:42:43', '2013-10-16 04:06:17', '798953b2-6541-4cdc-b89d-7cc6741e1ab2'),
 ('39', '3', '3', '1', NULL, NULL, NULL, NULL, '2013-10-14 06:04:00', NULL, '2013-10-14 06:04:38', '2013-10-16 03:56:31', 'cd7ab23e-44e3-4d12-ae81-09082453346f'),
 ('41', '11', '25', '1', NULL, NULL, NULL, NULL, '2013-10-14 06:14:00', NULL, '2013-10-14 06:14:08', '2013-10-16 03:57:30', '8ede4e05-bd51-45e9-bb66-3ceedc608648'),
 ('48', '11', '23', '1', NULL, NULL, NULL, NULL, '2013-10-21 01:40:47', NULL, '2013-10-21 01:40:47', '2013-10-21 01:40:47', 'e480037b-dd82-43eb-a36f-284b8b5f14d7'),
 ('50', '11', '25', '1', NULL, NULL, NULL, NULL, '2013-10-21 02:11:10', NULL, '2013-10-21 02:11:10', '2013-10-21 02:11:10', '0eea81a3-054e-4f10-9938-2000172d6375'),
 ('52', '11', '25', '1', NULL, NULL, NULL, NULL, '2013-10-21 03:05:23', NULL, '2013-10-21 03:05:23', '2013-10-21 03:05:23', '17c89bc8-123d-495f-b474-5fc3c70cc6d7'),
 ('54', '11', '25', '1', NULL, NULL, NULL, NULL, '2013-10-21 03:10:00', NULL, '2013-10-21 03:10:00', '2013-10-21 03:10:00', '70d8fea3-1de3-4f71-9adb-6c822ecbf371'),
 ('55', '10', '26', '1', NULL, NULL, NULL, NULL, '2013-10-21 03:48:00', NULL, '2013-10-21 03:48:28', '2013-10-21 04:06:27', '6eb9eb95-2fe1-4a2e-ab62-d9951beefe7a');
COMMIT;


--
-- Schema for table `craft_entries_i18n`
--

DROP TABLE IF EXISTS `craft_entries_i18n`;

CREATE TABLE `craft_entries_i18n` (
  `id` int(11) NOT NULL AUTO_INCREMENT,
  `entryId` int(11) NOT NULL,
  `sectionId` int(11) NOT NULL,
  `locale` char(12) COLLATE utf8_unicode_ci NOT NULL,
  `slug` varchar(255) COLLATE utf8_unicode_ci NOT NULL,
  `dateCreated` datetime NOT NULL,
  `dateUpdated` datetime NOT NULL,
  `uid` char(36) COLLATE utf8_unicode_ci NOT NULL DEFAULT '0',
  PRIMARY KEY (`id`),
  UNIQUE KEY `craft_entries_i18n_entryId_locale_unq_idx` (`entryId`,`locale`),
  UNIQUE KEY `craft_entries_i18n_slug_sectionId_locale_unq_idx` (`slug`,`sectionId`,`locale`),
  KEY `craft_entries_i18n_sectionId_fk` (`sectionId`),
  KEY `craft_entries_i18n_locale_fk` (`locale`)
) ENGINE=InnoDB AUTO_INCREMENT=20 DEFAULT CHARSET=utf8 COLLATE=utf8_unicode_ci;

--
-- Data for table `craft_entries_i18n`
--

BEGIN;
INSERT INTO `craft_entries_i18n` (`id`, `entryId`, `sectionId`, `locale`, `slug`, `dateCreated`, `dateUpdated`, `uid`) VALUES
 ('1', '2', '1', 'en_us', 'homepage', '2013-10-11 04:49:09', '2013-10-11 04:49:09', 'f3c366d8-10e3-41ad-a720-cd378d81104a'),
 ('3', '4', '3', 'en_us', 'design-lab-featured-content', '2013-10-13 05:14:22', '2013-10-14 06:05:57', '229b8b0d-7fb4-40c6-8f3c-c1d58a045d55'),
 ('8', '17', '10', 'en_us', 'interaction-design-item', '2013-10-13 07:50:28', '2013-10-21 02:28:21', '22e98267-db3f-4b4c-aee1-5cfcbab929e7'),
 ('10', '25', '9', 'en_us', 'interaction-design-assignment-submission', '2013-10-13 11:14:44', '2013-10-13 11:14:44', 'd5f37686-8149-4437-9fbf-75614c1d6278'),
 ('11', '26', '10', 'en_us', 'assignment-1', '2013-10-13 11:31:01', '2013-10-13 11:31:01', '1a71e081-5b20-475c-96d5-72b55794f25f'),
 ('12', '32', '7', 'en_us', 'little-boxes', '2013-10-14 02:42:43', '2013-10-16 04:06:17', 'd387caf6-2269-4247-9a24-5a06e30ae4a2'),
 ('13', '39', '3', 'en_us', 'design-lab-news', '2013-10-14 06:04:38', '2013-10-16 03:56:31', '09b14aca-012b-41cb-b281-fd8622e2256b'),
 ('14', '41', '11', 'en_us', 'hello', '2013-10-14 06:14:08', '2013-10-16 03:57:30', '31508d00-42cd-4f2a-b34c-c7c0c40ec68f'),
 ('15', '48', '11', 'en_us', 'featured-projects', '2013-10-21 01:40:47', '2013-10-21 01:40:47', '62777eba-5379-4a86-8c0c-6a1eb03a7573'),
 ('16', '50', '11', 'en_us', 'digital-innovation-prize-winners', '2013-10-21 02:11:10', '2013-10-21 02:11:10', '276eb977-eff3-4bee-882c-bfe3ebdfbd87'),
 ('17', '52', '11', 'en_us', 'ecologies-of-invention', '2013-10-21 03:05:23', '2013-10-21 03:05:23', 'e065db79-2b58-4f2b-9b0c-f242aeb454bc'),
 ('18', '54', '11', 'en_us', 'design-lab-research-presented-at-ozchi-conference', '2013-10-21 03:10:00', '2013-10-21 03:10:00', '932b74d0-60e5-4cda-a95c-c649ffbbb988'),
 ('19', '55', '10', 'en_us', 'schedule-2012', '2013-10-21 03:48:28', '2013-10-21 04:06:27', '6d7f8478-4240-4c59-8105-75943c6ce274');
COMMIT;


--
-- Schema for table `craft_entrydrafts`
--

DROP TABLE IF EXISTS `craft_entrydrafts`;

CREATE TABLE `craft_entrydrafts` (
  `id` int(11) NOT NULL AUTO_INCREMENT,
  `entryId` int(11) NOT NULL,
  `sectionId` int(11) NOT NULL,
  `creatorId` int(11) NOT NULL,
  `locale` char(12) COLLATE utf8_unicode_ci NOT NULL,
  `name` varchar(255) COLLATE utf8_unicode_ci DEFAULT NULL,
  `data` mediumtext COLLATE utf8_unicode_ci NOT NULL,
  `dateCreated` datetime NOT NULL,
  `dateUpdated` datetime NOT NULL,
  `uid` char(36) COLLATE utf8_unicode_ci NOT NULL DEFAULT '0',
  PRIMARY KEY (`id`),
  KEY `craft_entrydrafts_entryId_locale_idx` (`entryId`,`locale`),
  KEY `craft_entrydrafts_sectionId_fk` (`sectionId`),
  KEY `craft_entrydrafts_creatorId_fk` (`creatorId`),
  KEY `craft_entrydrafts_locale_fk` (`locale`)
) ENGINE=InnoDB DEFAULT CHARSET=utf8 COLLATE=utf8_unicode_ci;

--
-- Schema for table `craft_entrytypes`
--

DROP TABLE IF EXISTS `craft_entrytypes`;

CREATE TABLE `craft_entrytypes` (
  `id` int(11) NOT NULL AUTO_INCREMENT,
  `sectionId` int(11) NOT NULL,
  `fieldLayoutId` int(11) DEFAULT NULL,
  `name` varchar(255) COLLATE utf8_unicode_ci NOT NULL,
  `handle` varchar(255) COLLATE utf8_unicode_ci NOT NULL,
  `titleLabel` varchar(255) COLLATE utf8_unicode_ci DEFAULT 'Title',
  `sortOrder` tinyint(4) DEFAULT NULL,
  `dateCreated` datetime NOT NULL,
  `dateUpdated` datetime NOT NULL,
  `uid` char(36) COLLATE utf8_unicode_ci NOT NULL DEFAULT '0',
  PRIMARY KEY (`id`),
  UNIQUE KEY `craft_entrytypes_name_sectionId_unq_idx` (`name`,`sectionId`),
  UNIQUE KEY `craft_entrytypes_handle_sectionId_unq_idx` (`handle`,`sectionId`),
  KEY `craft_entrytypes_sectionId_fk` (`sectionId`),
  KEY `craft_entrytypes_fieldLayoutId_fk` (`fieldLayoutId`)
) ENGINE=InnoDB AUTO_INCREMENT=27 DEFAULT CHARSET=utf8 COLLATE=utf8_unicode_ci;

--
-- Data for table `craft_entrytypes`
--

BEGIN;
INSERT INTO `craft_entrytypes` (`id`, `sectionId`, `fieldLayoutId`, `name`, `handle`, `titleLabel`, `sortOrder`, `dateCreated`, `dateUpdated`, `uid`) VALUES
 ('1', '1', '3', 'Homepage', 'homepage', 'Title', NULL, '2013-10-11 04:49:09', '2013-10-11 04:49:09', '63063231-f12b-4462-a7e2-44ca32658db0'),
 ('3', '3', '61', 'Design Lab News', 'designLabNews', 'Title', NULL, '2013-10-13 05:12:40', '2013-10-14 06:02:53', '7b9089bf-2a9c-4b64-ab79-e3b06791a2bd'),
 ('10', '7', '17', 'Generic Projects', 'genericProjects', 'Title', NULL, '2013-10-13 05:29:59', '2013-10-13 05:30:22', 'eba98cb4-adb9-4a8d-a53e-9bd4b94bbb75'),
 ('11', '7', '18', 'Digital Design Studio Project', 'digitalDesignStudioProject', 'Title', NULL, '2013-10-13 05:30:35', '2013-10-13 05:30:35', '4043b68c-bf7d-42f8-a5dd-2c5e9f78b7da'),
 ('12', '7', '58', 'Interaction Design Project', 'interactionDesignProject', 'Title', NULL, '2013-10-13 05:31:32', '2013-10-14 02:39:58', '6735fd47-88dc-4e1b-9df2-78095fd13624'),
 ('16', '9', '36', 'Blog', 'blog', 'Title', NULL, '2013-10-13 06:12:34', '2013-10-13 06:27:34', 'aefa839a-a3f3-4907-9e38-66c5afc7b180'),
 ('17', '9', '37', 'Assignment', 'assignment', 'Title', NULL, '2013-10-13 06:22:05', '2013-10-13 06:28:40', 'b73dc5a6-26d9-4748-ab17-eb87b03d9136'),
 ('18', '10', '56', 'News', 'news', 'Title', NULL, '2013-10-13 06:22:43', '2013-10-13 13:39:17', 'c977f0df-269f-4b58-9047-aa7afac60a22'),
 ('19', '10', '48', 'Assignments', 'assignments', 'Title', NULL, '2013-10-13 06:23:05', '2013-10-13 11:30:00', 'a5606138-ae1a-4d14-bcc7-b159d93b6dfd'),
 ('22', '3', '52', 'Featured Projects', 'featuredProjects', 'Title', NULL, '2013-10-13 11:52:45', '2013-10-13 11:55:01', 'fc546881-4fb8-4200-ac76-0b64e755a8f8'),
 ('23', '11', '55', 'Design Computing', 'designComputing', 'Title', '2', '2013-10-13 12:06:40', '2013-10-21 03:02:46', '93fadb6e-da54-41b3-a201-2adcfbb51a9e'),
 ('24', '3', '60', 'Design Lab (Included News)', 'designLabIncludedNews', 'Title', NULL, '2013-10-14 06:02:32', '2013-10-14 06:02:32', 'a4f1c4f3-1a80-4f43-bffa-c4f8cb3e9b2c'),
 ('25', '11', '63', 'Design Computing News', 'designComputingNews', 'Title', '1', '2013-10-14 06:13:13', '2013-10-21 03:02:46', '7fe4a9e8-0748-47e7-a5ba-a2ef35744e90'),
 ('26', '10', '64', 'Schedule', 'schedule', 'Title', NULL, '2013-10-21 03:47:05', '2013-10-21 03:47:05', '6bad677a-e701-4ae4-b74c-bc732cdeb1ae');
COMMIT;


--
-- Schema for table `craft_entryversions`
--

DROP TABLE IF EXISTS `craft_entryversions`;

CREATE TABLE `craft_entryversions` (
  `id` int(11) NOT NULL AUTO_INCREMENT,
  `entryId` int(11) NOT NULL,
  `sectionId` int(11) NOT NULL,
  `creatorId` int(11) DEFAULT NULL,
  `locale` char(12) COLLATE utf8_unicode_ci NOT NULL,
  `notes` tinytext COLLATE utf8_unicode_ci,
  `data` mediumtext COLLATE utf8_unicode_ci NOT NULL,
  `dateCreated` datetime NOT NULL,
  `dateUpdated` datetime NOT NULL,
  `uid` char(36) COLLATE utf8_unicode_ci NOT NULL DEFAULT '0',
  PRIMARY KEY (`id`),
  KEY `craft_entryversions_entryId_locale_idx` (`entryId`,`locale`),
  KEY `craft_entryversions_sectionId_fk` (`sectionId`),
  KEY `craft_entryversions_creatorId_fk` (`creatorId`),
  KEY `craft_entryversions_locale_fk` (`locale`)
) ENGINE=InnoDB AUTO_INCREMENT=46 DEFAULT CHARSET=utf8 COLLATE=utf8_unicode_ci;

--
-- Data for table `craft_entryversions`
--

BEGIN;
INSERT INTO `craft_entryversions` (`id`, `entryId`, `sectionId`, `creatorId`, `locale`, `notes`, `data`, `dateCreated`, `dateUpdated`, `uid`) VALUES
 ('1', '4', '3', '1', 'en_us', NULL, '{\"authorId\":\"1\",\"title\":\"Design Lab Featured Content\",\"slug\":\"design-lab-featured-content\",\"postDate\":1381641262,\"expiryDate\":null,\"enabled\":1,\"fields\":{\"2\":\"\",\"4\":\"\"}}', '2013-10-13 05:14:22', '2013-10-13 05:14:22', '4a1b78ea-235b-4e8a-bff5-edd7397d7527'),
 ('2', '4', '3', '1', 'en_us', NULL, '{\"authorId\":\"1\",\"title\":\"Design Lab Featured Content\",\"slug\":\"design-lab-featured-content\",\"postDate\":1381641240,\"expiryDate\":null,\"enabled\":1,\"fields\":{\"2\":\"\",\"4\":[\"3\"]}}', '2013-10-13 05:15:14', '2013-10-13 05:15:14', 'c71faa54-f43c-44c0-b6c2-bbcdabfa6dae'),
 ('9', '17', '10', '1', 'en_us', NULL, '{\"authorId\":\"1\",\"title\":\"Interaction Design Item\",\"slug\":\"interaction-design-item\",\"postDate\":1381650628,\"expiryDate\":null,\"enabled\":1,\"fields\":{\"2\":\"<p>Hello<\\/p>\",\"5\":[\"Design Computing\"],\"3\":[\"new:iXD\"],\"8\":[\"Interaction Design\"]}}', '2013-10-13 07:50:28', '2013-10-13 07:50:28', '974defa7-c6dd-4ebc-bab7-3ff0d48bdb11'),
 ('10', '4', '3', '1', 'en_us', NULL, '{\"authorId\":\"1\",\"title\":\"Design Lab Featured Content\",\"slug\":\"design-lab-featured-content\",\"postDate\":1381641240,\"expiryDate\":null,\"enabled\":1,\"fields\":{\"2\":\"\",\"4\":[\"17\"]}}', '2013-10-13 07:55:41', '2013-10-13 07:55:41', 'de20a5e2-af55-41dc-8f51-62bf57016bf5'),
 ('11', '17', '10', '1', 'en_us', NULL, '{\"authorId\":\"1\",\"title\":\"Interaction Design Item\",\"slug\":\"interaction-design-item\",\"postDate\":1381650600,\"expiryDate\":null,\"enabled\":1,\"fields\":{\"2\":\"<p>Hello<\\/p>\",\"5\":\"Design Computing\",\"7\":\"\",\"3\":[\"18\"],\"8\":[\"Interaction Design\"]}}', '2013-10-13 08:10:21', '2013-10-13 08:10:21', '6a1f3ebe-702f-4074-8d4c-1df17758fe9b'),
 ('14', '17', '10', '1', 'en_us', NULL, '{\"authorId\":\"1\",\"title\":\"Interaction Design Item\",\"slug\":\"interaction-design-item\",\"postDate\":1381650600,\"expiryDate\":null,\"enabled\":1,\"fields\":{\"2\":\"<p>Hello<\\/p>\",\"5\":\"Design Computing\",\"7\":[\"22\"],\"3\":[\"18\"],\"8\":[\"Interaction Design\"]}}', '2013-10-13 10:42:43', '2013-10-13 10:42:43', '8a6bf780-ec40-472f-8fc4-f8d48c09c89d'),
 ('15', '4', '3', '1', 'en_us', NULL, '{\"authorId\":\"1\",\"title\":\"Design Lab Featured Content\",\"slug\":\"design-lab-featured-content\",\"postDate\":1381641240,\"expiryDate\":null,\"enabled\":1,\"fields\":{\"2\":\"\",\"4\":[\"17\",\"20\"]}}', '2013-10-13 10:44:13', '2013-10-13 10:44:13', '6116cb59-2fbd-4058-bf30-94b1a1397b0c'),
 ('16', '25', '9', '1', 'en_us', NULL, '{\"authorId\":\"1\",\"title\":\"Interaction Design Assignment Submission\",\"slug\":\"interaction-design-assignment-submission\",\"postDate\":1381662884,\"expiryDate\":null,\"enabled\":1,\"fields\":{\"2\":\"<p>Set<\\/p>\",\"1\":\"Hello\",\"6\":[\"7\"],\"3\":\"\",\"10\":\"\"}}', '2013-10-13 11:14:44', '2013-10-13 11:14:44', '0e8e5860-69d2-45a4-9262-cdd5b52bc7c1'),
 ('17', '26', '10', '1', 'en_us', NULL, '{\"authorId\":\"1\",\"title\":\"Assignment 1\",\"slug\":\"assignment-1\",\"postDate\":1381663861,\"expiryDate\":null,\"enabled\":1,\"fields\":{\"2\":\"<p>Each group member to evaluate the mockups from Task 1c using one of the following methods:<\\/p><ul>\\r\\n<li>Usability test (with at least 2 users)<\\/li><li>Heuristic analysis (with at least 2 experts) using the <a href=\\\"http:\\/\\/www.useit.com\\/papers\\/heuristic\\/heuristic_list.html\\\">10 usability heuristics<\\/a> or the <a href=\\\"http:\\/\\/designingwebinterfaces.com\\/6-tips-for-a-great-flex-ux-part-5\\\">web application heuristics<\\/a>.<\\/li><li>Controlled experiment (with at least 2 users)<\\/li><\\/ul><p>To evaluate the mockups, you need to:<\\/p><ul>\\r\\n<li>Print your mockups<\\/li><li>Prepare your mockups for the evaluation if necessary, such as interactive elements like radio buttons, pop-up boxes, etc.<\\/li><li>Prepare any additional material needed for the study, such as task lists<\\/li><li>Recruit participants (NB: People from your class qualify as experts, but not as users<\\/li><\\/ul><p>Additionally you should conduct a short post-evaluation interview with your users or experts to find out about their general attitude towards your application concept, what things they liked about, what they didn\\u2019t, whether they were missing any features, etc.<\\/p><p>The minimum requirement is to evaluate the desktop version of your application, but you might want to include the mobile version as well to get early feedback from users\\/experts on this part as well.<\\/p><p><strong>Submission<\\/strong><br>Individual or group blog post describing, including the following:<\\/p><ul>\\r\\n<li>Short description of method<\\/li><li>Description of evaluation procedure, including the number of people tested and what their demographics are, such as age, profession, etc.<\\/li><li>One or more photos of your evaluation session. To respect the privacy of your participants take the photos from an angle in which their face isn\\u2019t visible.<\\/li><li>Findings: what were the main results of the evaluation as well as the post-evaluation interview<\\/li><li>Suggestions for improvements to the interface based on the findings<\\/li><\\/ul><p>The blog post submission is due on <del>Thursday 13 September<\\/del> Sunday 16 September, 8pm. (There is no Blackboard submission.)<\\/p><p>The next task \\u2014 to develop the interactive prototype \\u2014 is due 11 October.<\\/p><p><strong>Resources<\\/strong><br><a href=\\\"http:\\/\\/web.arch.usyd.edu.au\\/~mtomitsch\\/teaching\\/2012\\/deco2200\\/material\\/Designbrief.pdf\\\">Design brief<\\/a> (pdf)<br><a href=\\\"http:\\/\\/www.useit.com\\/papers\\/heuristic\\/heuristic_evaluation.html\\\">How to conduct a heuristic evaluation<\\/a><br><a href=\\\"http:\\/\\/designingwebinterfaces.com\\/6-tips-for-a-great-flex-ux-part-5\\\">10 heuristics in web applications<\\/a><br><a href=\\\"http:\\/\\/www.useit.com\\/papers\\/heuristic\\/heuristic_list.html\\\">Nielsen\\u2019s 10 usability heuristics<\\/a><br><a href=\\\"http:\\/\\/www.useit.com\\/alertbox\\/20000319.html\\\">Why you only need to test with 5 users<\\/a><br><a href=\\\"http:\\/\\/dschool.stanford.edu\\/wp-content\\/uploads\\/2011\\/03\\/BootcampBootleg2010v2SLIM.pdf\\\">d.school bootcamp bootleg\\u2028<\\/a> (pdf) \\u2014 see pages 34 and 35<br><a href=\\\"http:\\/\\/www.ok-cancel.com\\/\\\">OK\\/Cancel<\\/a> \\u2014 comics on usability and human computer interaction<\\/p><p><a href=\\\"http:\\/\\/www.userfocus.co.uk\\/articles\\/index.html\\\" style=\\\"font-family: Arial, Helvetica, Verdana, Tahoma, sans-serif;\\\">User Focus<\\/a> \\u2014 articles and resources\\u2028 for further reading<\\/p>\",\"11\":\"\",\"3\":[\"new:Heuristic Evaluation\",\"new:Usability\",\"new:User Focus\"],\"10\":\"\"}}', '2013-10-13 11:31:01', '2013-10-13 11:31:01', '704f6a9b-107f-4dfd-9e81-d3ba99384ce0'),
 ('18', '4', '3', '1', 'en_us', NULL, '{\"authorId\":\"1\",\"title\":\"Design Lab Featured Content\",\"slug\":\"design-lab-featured-content\",\"postDate\":1381641240,\"expiryDate\":null,\"enabled\":1,\"fields\":{\"2\":\"\",\"12\":[\"10\"],\"10\":\"\"}}', '2013-10-13 11:55:15', '2013-10-13 11:55:15', 'b1679821-998d-4811-871f-c1253622f2fa'),
 ('19', '4', '3', '1', 'en_us', NULL, '{\"authorId\":\"1\",\"title\":\"Design Lab Featured Content\",\"slug\":\"design-lab-featured-content\",\"postDate\":1381641240,\"expiryDate\":null,\"enabled\":1,\"fields\":{\"2\":\"\",\"4\":[\"17\",\"20\"],\"10\":\"\"}}', '2013-10-13 12:05:45', '2013-10-13 12:05:45', 'bee2ac4e-8447-4212-b290-52c0a604ae91'),
 ('20', '17', '10', '1', 'en_us', NULL, '{\"authorId\":\"1\",\"title\":\"Interaction Design Item\",\"slug\":\"interaction-design-item\",\"postDate\":1381650600,\"expiryDate\":null,\"enabled\":1,\"fields\":{\"2\":\"<p>Some people have run into an issue with their BB10 app looking oversized when they tested on the actual device. This is because the BB10 has a high pixel density ratio and web content seems to be rendered by default at a low dpi. The effect is that all of the elements in your app look enlarged. <em>Note that this only happens when you explicitly set the width and height css elements on the &lt;body&gt; to 768px and 1280px respectively.<\\/em><\\/p><p>For most people who have not set the width and height of their &lt;body&gt; or any elements it contains to a certain pixel value and have instead set them to either 100% or just let the elements fill the space, this enlargement issue won\\u2019t happen. What will happen is that your app will render at about 160 pixels per inch. The BB10 however is capable of a resolution of <a href=\\\"https:\\/\\/developer.blackberry.com\\/devzone\\/design\\/devices_and_screen_sizes.html\\\">356 ppi<\\/a>. That means you are missing out on utilising the full resolution of the device and making a really great looking app.<\\/p><p>The solution is to adjust the \\u201cviewport\\u201d meta tag slightly. Usually we have had an attribute called \\u201cinitial-scale\\u201d that we set to 1.0 meaning that the app is neither zoomed in or out. To adjust for the higher pixel density in the BB10 we want to zoom out slightly. This means setting the \\u201cinitial-scale\\u201d to about 0.446.<\\/p><p>So your \\u201cviewport\\u201d meta tag should now look like this:<\\/p><p>&lt;meta name=\\u201dviewport\\u201d content=\\u201dwidth=device-width,initial-scale=0.446,user-scalable=no\\u201d&gt;<\\/p><p>You may have to adjust your html elements to suit the new resolution of your app. However it will be worth the effort when you end up with a much better looking app.<\\/p><p><strong>Reference:<\\/strong> <a href=\\\"http:\\/\\/supportforums.blackberry.com\\/t5\\/Web-and-WebWorks-Development\\/How-to-set-up-the-viewport-for-a-BlackBerry-WebWorks-application\\/ta-p\\/1943807\\\">How to set up the viewport for a BlackBerry WebWorks application for BlackBerry 10<\\/a><\\/p>\",\"5\":\"Design Computing\",\"7\":[\"22\"],\"3\":[\"18\"],\"8\":[\"Interaction Design\"],\"10\":\"\"}}', '2013-10-13 13:28:04', '2013-10-13 13:28:04', '6ee713c4-d8d2-4a4a-91b8-ea69ab79c01c'),
 ('21', '17', '10', '1', 'en_us', NULL, '{\"authorId\":\"1\",\"title\":\"Making your BB10 app high resolution\",\"slug\":\"interaction-design-item\",\"postDate\":1381650600,\"expiryDate\":null,\"enabled\":1,\"fields\":{\"2\":\"<p>Some people have run into an issue with their BB10 app looking oversized when they tested on the actual device. This is because the BB10 has a high pixel density ratio and web content seems to be rendered by default at a low dpi. The effect is that all of the elements in your app look enlarged. <em>Note that this only happens when you explicitly set the width and height css elements on the &lt;body&gt; to 768px and 1280px respectively.<\\/em><\\/p><p>For most people who have not set the width and height of their &lt;body&gt; or any elements it contains to a certain pixel value and have instead set them to either 100% or just let the elements fill the space, this enlargement issue won\\u2019t happen. What will happen is that your app will render at about 160 pixels per inch. The BB10 however is capable of a resolution of <a href=\\\"https:\\/\\/developer.blackberry.com\\/devzone\\/design\\/devices_and_screen_sizes.html\\\">356 ppi<\\/a>. That means you are missing out on utilising the full resolution of the device and making a really great looking app.<\\/p><p>The solution is to adjust the \\u201cviewport\\u201d meta tag slightly. Usually we have had an attribute called \\u201cinitial-scale\\u201d that we set to 1.0 meaning that the app is neither zoomed in or out. To adjust for the higher pixel density in the BB10 we want to zoom out slightly. This means setting the \\u201cinitial-scale\\u201d to about 0.446.<\\/p><p>So your \\u201cviewport\\u201d meta tag should now look like this:<\\/p><p>&lt;meta name=\\u201dviewport\\u201d content=\\u201dwidth=device-width,initial-scale=0.446,user-scalable=no\\u201d&gt;<\\/p><p>You may have to adjust your html elements to suit the new resolution of your app. However it will be worth the effort when you end up with a much better looking app.<\\/p><p><strong>Reference:<\\/strong> <a href=\\\"http:\\/\\/supportforums.blackberry.com\\/t5\\/Web-and-WebWorks-Development\\/How-to-set-up-the-viewport-for-a-BlackBerry-WebWorks-application\\/ta-p\\/1943807\\\">How to set up the viewport for a BlackBerry WebWorks application for BlackBerry 10<\\/a><\\/p>\",\"5\":\"Design Computing\",\"7\":[\"22\"],\"3\":[\"18\"],\"8\":[\"Interaction Design\"],\"10\":\"\"}}', '2013-10-13 13:28:27', '2013-10-13 13:28:27', '6fa3992c-366d-4ab2-9b3f-f584ed3d1749'),
 ('22', '17', '10', '1', 'en_us', NULL, '{\"authorId\":\"1\",\"title\":\"Making your BB10 app high resolution\",\"slug\":\"interaction-design-item\",\"postDate\":1381650600,\"expiryDate\":null,\"enabled\":1,\"fields\":{\"2\":\"<p>Some people have run into an issue with their BB10 app looking oversized when they tested on the actual device. This is because the BB10 has a high pixel density ratio and web content seems to be rendered by default at a low dpi. The effect is that all of the elements in your app look enlarged. <em>Note that this only happens when you explicitly set the width and height css elements on the &lt;body&gt; to 768px and 1280px respectively.<\\/em><\\/p><p>For most people who have not set the width and height of their &lt;body&gt; or any elements it contains to a certain pixel value and have instead set them to either 100% or just let the elements fill the space, this enlargement issue won\\u2019t happen. What will happen is that your app will render at about 160 pixels per inch. The BB10 however is capable of a resolution of <a href=\\\"https:\\/\\/developer.blackberry.com\\/devzone\\/design\\/devices_and_screen_sizes.html\\\">356 ppi<\\/a>. That means you are missing out on utilising the full resolution of the device and making a really great looking app.<\\/p><p>The solution is to adjust the \\u201cviewport\\u201d meta tag slightly. Usually we have had an attribute called \\u201cinitial-scale\\u201d that we set to 1.0 meaning that the app is neither zoomed in or out. To adjust for the higher pixel density in the BB10 we want to zoom out slightly. This means setting the \\u201cinitial-scale\\u201d to about 0.446.<\\/p><p>So your \\u201cviewport\\u201d meta tag should now look like this:<\\/p><p>&lt;meta name=\\u201dviewport\\u201d content=\\u201dwidth=device-width,initial-scale=0.446,user-scalable=no\\u201d&gt;<\\/p><p>You may have to adjust your html elements to suit the new resolution of your app. However it will be worth the effort when you end up with a much better looking app.<\\/p><p><strong>Reference:<\\/strong> <a href=\\\"http:\\/\\/supportforums.blackberry.com\\/t5\\/Web-and-WebWorks-Development\\/How-to-set-up-the-viewport-for-a-BlackBerry-WebWorks-application\\/ta-p\\/1943807\\\">How to set up the viewport for a BlackBerry WebWorks application for BlackBerry 10<\\/a><\\/p>\",\"5\":\"Design Computing\",\"7\":[\"22\"],\"1\":\"Some people have run into an issue with their BB10 app looking oversized when they tested on the actual device. \",\"3\":[\"18\"],\"8\":[\"Interaction Design\"],\"10\":\"\"}}', '2013-10-13 13:39:58', '2013-10-13 13:39:58', 'a3d54fb9-4b77-4688-bd39-42e9b37e0501'),
 ('23', '32', '7', '1', 'en_us', NULL, '{\"authorId\":\"1\",\"title\":\"Little Boxes\",\"slug\":\"little-boxes\",\"postDate\":1381718563,\"expiryDate\":null,\"enabled\":1,\"fields\":{\"2\":\"\",\"5\":\"Design Computing\",\"13\":\"\",\"7\":[\"31\"],\"14\":\"<p>Our concept, while still developing is centred around the idea of creating a room in which the user can login to and revisit both their online lives in the present or reverse the room to a time in their past. The goal is to immerse the user in their present and past as seamlessly as possible, while exhibiting their digital lives in an ordinary room, we want to use as many online sources of personal information as we can get, but realise the most ubiquitous source is more than likely Facebook, as it has the largest user base. We want to achieve this with a combination of images, audio, personal information and video, taken directly from Facebook using a mobile to login, with content both from the users profile and content relevant to when the user is choosing to view.<\\/p>\",\"20\":\"\",\"15\":\"\",\"6\":[\"1\"],\"18\":\"\",\"19\":\"<p>Little Boxes is an interactive, digital time-capsule that allows viewers not only to become a part of the piece directly but also to explore digital information in an interesting way. Various wooden boxes of different sizes, shapes and designs are scattered around the space, each with their own screen stored inside. On entering the space, visitors are prompted to do two things; log into their Facebook account and choose a month and year they wish to view.<\\/p>\",\"16\":\"\",\"17\":\"\",\"3\":[\"new:Physical Computing\",\"new:Time Capsules\",\"new:Social Networks\"],\"8\":\"Interaction Design\",\"10\":\"\"}}', '2013-10-14 02:42:43', '2013-10-14 02:42:43', '0acb111c-144d-44bc-9b3d-b8437fb8a93d'),
 ('24', '32', '7', '1', 'en_us', NULL, '{\"authorId\":\"1\",\"title\":\"Little Boxes\",\"slug\":\"little-boxes\",\"postDate\":1381718520,\"expiryDate\":null,\"enabled\":1,\"fields\":{\"2\":\"\",\"5\":\"Design Computing\",\"13\":\"\",\"7\":[\"31\"],\"14\":\"<p>Our concept, while still developing is centred around the idea of creating a room in which the user can login to and revisit both their online lives in the present or reverse the room to a time in their past. The goal is to immerse the user in their present and past as seamlessly as possible, while exhibiting their digital lives in an ordinary room, we want to use as many online sources of personal information as we can get, but realise the most ubiquitous source is more than likely Facebook, as it has the largest user base. We want to achieve this with a combination of images, audio, personal information and video, taken directly from Facebook using a mobile to login, with content both from the users profile and content relevant to when the user is choosing to view.<\\/p>\",\"20\":\"\",\"15\":\"\",\"6\":[\"1\"],\"18\":\"\",\"19\":\"<p>Little Boxes is an interactive, digital time-capsule that allows viewers not only to become a part of the piece directly but also to explore digital information in an interesting way. Various wooden boxes of different sizes, shapes and designs are scattered around the space, each with their own screen stored inside. On entering the space, visitors are prompted to do two things; log into their Facebook account and choose a month and year they wish to view.<\\/p>\",\"16\":\"\",\"17\":\"<p>Idea of the room<\\/p><p><img src=\\\"{asset:37:url}\\\"><\\/p><p>Individual Boxes<\\/p><p><img src=\\\"{asset:36:url}\\\"><\\/p>\",\"3\":[\"33\",\"34\",\"35\"],\"8\":\"Interaction Design\",\"10\":\"\"}}', '2013-10-14 02:58:02', '2013-10-14 02:58:02', '14ba7f32-b3c8-46cb-8994-41a1318e061e'),
 ('25', '4', '3', '1', 'en_us', NULL, '{\"authorId\":\"1\",\"title\":\"Design Lab Featured Content\",\"slug\":\"design-lab-featured-content\",\"postDate\":1381641240,\"expiryDate\":null,\"enabled\":1,\"fields\":{\"2\":\"\",\"4\":[\"17\",\"20\",\"32\"],\"13\":\"\",\"14\":\"\",\"15\":\"\",\"18\":\"\",\"19\":\"\",\"16\":\"\",\"17\":\"\",\"10\":\"\"}}', '2013-10-14 03:21:24', '2013-10-14 03:21:24', '897cdcf3-76ba-4a79-8215-e1b0c1dd9e51'),
 ('26', '32', '7', '1', 'en_us', NULL, '{\"authorId\":\"1\",\"title\":\"Little Boxes\",\"slug\":\"little-boxes\",\"postDate\":1381718520,\"expiryDate\":null,\"enabled\":1,\"fields\":{\"2\":\"\",\"5\":\"Design Computing\",\"13\":\"\",\"7\":[\"31\"],\"14\":\"<p>Our concept, while still developing is centred around the idea of creating a room in which the user can login to and revisit both their online lives in the present or reverse the room to a time in their past. The goal is to immerse the user in their present and past as seamlessly as possible, while exhibiting their digital lives in an ordinary room, we want to use as many online sources of personal information as we can get, but realise the most ubiquitous source is more than likely Facebook, as it has the largest user base. We want to achieve this with a combination of images, audio, personal information and video, taken directly from Facebook using a mobile to login, with content both from the users profile and content relevant to when the user is choosing to view.<\\/p>\",\"20\":\"\",\"15\":\"\",\"6\":[\"1\"],\"18\":\"\",\"19\":\"Little Boxes is an interactive, digital time-capsule that allows viewers not only to become a part of the piece directly but also to explore digital information in an interesting way. Various wooden boxes of different sizes, shapes and designs are scattered around the space, each with their own screen stored inside. On entering the space, visitors are prompted to do two things; log into their Facebook account and choose a month and year they wish to view.\",\"16\":\"\",\"17\":\"<p>Idea of the room<\\/p><p><img src=\\\"{asset:37:url}\\\"><\\/p><p>Individual Boxes<\\/p><p><img src=\\\"{asset:36:url}\\\"><\\/p>\",\"3\":[\"33\",\"34\",\"35\"],\"8\":\"Interaction Design\",\"10\":\"\"}}', '2013-10-14 04:11:11', '2013-10-14 04:11:11', 'e326058d-98f4-4fbe-be3d-4fefeda16da3'),
 ('28', '4', '3', '1', 'en_us', NULL, '{\"authorId\":\"1\",\"title\":\"Design Lab Featured Content\",\"slug\":\"design-lab-featured-content\",\"postDate\":1381641240,\"expiryDate\":null,\"enabled\":1,\"fields\":{\"2\":\"\",\"4\":[\"20\",\"32\"],\"13\":\"\",\"14\":\"\",\"15\":\"\",\"18\":\"\",\"19\":\"\",\"16\":\"\",\"17\":\"\",\"10\":\"\"}}', '2013-10-14 04:27:14', '2013-10-14 04:27:14', 'be96559a-6d3b-4d4d-9b42-2281e93a5497'),
 ('29', '39', '3', '1', 'en_us', NULL, '{\"authorId\":\"1\",\"title\":\"Design Lab News\",\"slug\":\"design-lab-news\",\"postDate\":1381730678,\"expiryDate\":null,\"enabled\":1,\"fields\":{\"2\":\"<p>Hey Hey Hey<\\/p>\",\"13\":\"\",\"7\":[\"22\"],\"14\":\"\",\"1\":\"The News you want today.\",\"15\":\"\",\"18\":\"\",\"16\":\"\",\"17\":\"\",\"3\":[\"new:news\"],\"10\":\"\"}}', '2013-10-14 06:04:38', '2013-10-14 06:04:38', '8c60c59e-2274-4ba2-950e-3e333358c931'),
 ('30', '4', '3', '1', 'en_us', NULL, '{\"authorId\":\"1\",\"title\":\"Design Lab Featured Content\",\"slug\":\"design-lab-featured-content\",\"postDate\":1381641240,\"expiryDate\":null,\"enabled\":1,\"fields\":{\"2\":\"\",\"12\":[\"32\"],\"13\":\"\",\"14\":\"\",\"15\":\"\",\"18\":\"\",\"19\":\"\",\"16\":\"\",\"17\":\"\",\"10\":\"\"}}', '2013-10-14 06:05:49', '2013-10-14 06:05:49', '5e8ab7d3-f0d5-4b3c-a155-2f72745403af'),
 ('31', '4', '3', '1', 'en_us', NULL, '{\"authorId\":\"1\",\"title\":\"Design Lab Featured Content\",\"slug\":\"design-lab-featured-content\",\"postDate\":1381641240,\"expiryDate\":null,\"enabled\":1,\"fields\":{\"2\":\"\",\"4\":[\"32\"],\"13\":\"\",\"14\":\"\",\"15\":\"\",\"18\":\"\",\"19\":\"\",\"16\":\"\",\"17\":\"\",\"10\":\"\"}}', '2013-10-14 06:05:57', '2013-10-14 06:05:57', '304c0752-dc76-4518-a422-cfb77555d8bc'),
 ('32', '41', '11', '1', 'en_us', NULL, '{\"authorId\":\"1\",\"title\":\"This is Design Computing News\",\"slug\":\"hello\",\"postDate\":1381731248,\"expiryDate\":null,\"enabled\":1,\"fields\":{\"2\":\"\",\"13\":\"\",\"14\":\"\",\"15\":\"\",\"18\":\"\",\"16\":\"\",\"17\":\"\",\"10\":\"\"}}', '2013-10-14 06:14:08', '2013-10-14 06:14:08', '22fbca79-c090-4538-bc43-b7d36c0fda54'),
 ('33', '41', '11', '1', 'en_us', NULL, '{\"authorId\":\"1\",\"title\":\"This is Design Computing News\",\"slug\":\"hello\",\"postDate\":1381731240,\"expiryDate\":null,\"enabled\":1,\"fields\":{\"2\":\"<p>Design Computing News<\\/p>\",\"13\":\"\",\"7\":[\"31\"],\"14\":\"\",\"1\":\"Design Computing News\",\"15\":\"\",\"18\":\"\",\"16\":\"\",\"17\":\"\",\"3\":[\"40\"],\"10\":\"\"}}', '2013-10-14 06:15:04', '2013-10-14 06:15:04', 'e71ff80a-95e9-4955-a864-e0ae6b718e92'),
 ('34', '39', '3', '1', 'en_us', NULL, '{\"authorId\":\"1\",\"title\":\"Design Lab News\",\"slug\":\"design-lab-news\",\"postDate\":1381730640,\"expiryDate\":null,\"enabled\":1,\"fields\":{\"2\":\"<p>Hey Hey Hey<\\/p>\",\"13\":\"\",\"7\":[\"42\"],\"14\":\"\",\"1\":\"The News you want today.\",\"15\":\"\",\"18\":\"\",\"16\":\"\",\"17\":\"\",\"3\":[\"40\"],\"10\":\"\"}}', '2013-10-16 03:56:31', '2013-10-16 03:56:31', '6f1714db-5dbd-43df-a93e-f71a15304ecd'),
 ('35', '41', '11', '1', 'en_us', NULL, '{\"authorId\":\"1\",\"title\":\"This is Design Computing News\",\"slug\":\"hello\",\"postDate\":1381731240,\"expiryDate\":null,\"enabled\":1,\"fields\":{\"2\":\"<p>Design Computing News<\\/p>\",\"13\":\"\",\"7\":[\"43\"],\"14\":\"\",\"1\":\"Design Computing News\",\"15\":\"\",\"18\":\"\",\"16\":\"\",\"17\":\"\",\"3\":[\"40\"],\"10\":\"\"}}', '2013-10-16 03:57:30', '2013-10-16 03:57:30', 'ed9a9185-f6d8-4225-8ab0-18d131d4be8b'),
 ('36', '32', '7', '1', 'en_us', NULL, '{\"authorId\":\"1\",\"title\":\"Little Boxes\",\"slug\":\"little-boxes\",\"postDate\":1381718520,\"expiryDate\":null,\"enabled\":1,\"fields\":{\"2\":\"\",\"5\":\"Design Computing\",\"13\":\"\",\"7\":[\"45\"],\"14\":\"<p>Our concept, while still developing is centred around the idea of creating a room in which the user can login to and revisit both their online lives in the present or reverse the room to a time in their past. The goal is to immerse the user in their present and past as seamlessly as possible, while exhibiting their digital lives in an ordinary room, we want to use as many online sources of personal information as we can get, but realise the most ubiquitous source is more than likely Facebook, as it has the largest user base. We want to achieve this with a combination of images, audio, personal information and video, taken directly from Facebook using a mobile to login, with content both from the users profile and content relevant to when the user is choosing to view.<\\/p>\",\"20\":\"\",\"15\":\"\",\"6\":[\"1\"],\"18\":\"\",\"19\":\"Little Boxes is an interactive, digital time-capsule that allows viewers not only to become a part of the piece directly but also to explore digital information in an interesting way. Various wooden boxes of different sizes, shapes and designs are scattered around the space, each with their own screen stored inside. On entering the space, visitors are prompted to do two things; log into their Facebook account and choose a month and year they wish to view.\",\"16\":\"\",\"17\":\"<p>Idea of the room<\\/p><p><img src=\\\"{asset:37:url}\\\"><\\/p><p>Individual Boxes<\\/p><p><img src=\\\"{asset:36:url}\\\"><\\/p>\",\"3\":[\"33\",\"34\",\"35\"],\"8\":\"Interaction Design\",\"10\":\"\"}}', '2013-10-16 04:06:17', '2013-10-16 04:06:17', '52d036a6-5177-402f-9671-5470b2836164'),
 ('37', '48', '11', '1', 'en_us', NULL, '{\"authorId\":\"1\",\"title\":\"Featured Projects\",\"slug\":\"featured-projects\",\"postDate\":1382319647,\"expiryDate\":null,\"enabled\":1,\"fields\":{\"2\":\"\",\"12\":[\"32\"],\"13\":\"\",\"14\":\"\",\"15\":\"\",\"18\":\"\",\"16\":\"\",\"17\":\"\",\"10\":\"\"}}', '2013-10-21 01:40:47', '2013-10-21 01:40:47', '9a14f7e6-d159-4b88-9f48-3cb54a343f20'),
 ('38', '50', '11', '1', 'en_us', NULL, '{\"authorId\":\"1\",\"title\":\"Digital Innovation Prize Winners\",\"slug\":\"digital-innovation-prize-winners\",\"postDate\":1382321470,\"expiryDate\":null,\"enabled\":1,\"fields\":{\"2\":\"<p>The Faculty of Architecture, Design and Planning is pleased to announce two of its Master of Architecture students have won the Prize for Digital Innovation in the 2013 Australian Institute of Architects Student Awards.<\\/p><p>Jonathan Fernandes and James Ye-Won Lee\'s digital project presented the temporary structure and interior of a moveable theatre space. Able to be assembled and disassembled in 72 hours, the theatre is designed to appear alongside Sydney Festival\'s iconic Spiegeltent.<\\/p><p>\\\"You can pack it away, put it in a truck, move it somewhere else in a different location and put it up,\\\" says James<\\/p><p>\\\"It can be placed in different sites,\\\" says Jonathan<\\/p><p>The design allows the theatre\'s sounds and lights to guide audiences\' movements in and around the space. Audiences find themselves plunged deep in the immersive environment of the theatre.<\\/p><p>Their model\'s exceptional interactive ceiling was what set them apart.<\\/p><p>\\\"The ceiling can adapt depending on the type of theatre performance, \\\" says Jonathan.<\\/p><p>\\\"If you need the theatre to be more open, the ceiling could raise up if more people need to be accommodated, and it could lower to create a more intimate space.\\\"<\\/p><p>Entrants from three other universities offering architecture in NSW were in the running for the Digital Innovation Prize. This achievement for Faculty of Architecture, Design and Planning students Jonathan and James is \\\"great exposure,\\\" says Jonathan.<\\/p><p>The Faculty of Architecture, Design and Planning congratulates James and Jonathan on their outstanding success.<\\/p>\",\"13\":\"\",\"7\":[\"49\"],\"14\":\"\",\"1\":\"Faculty students awarded Prize for Digital Innovation\",\"15\":\"\",\"18\":\"\",\"16\":\"\",\"17\":\"\",\"3\":\"\",\"10\":\"\"}}', '2013-10-21 02:11:10', '2013-10-21 02:11:10', 'bc192a12-571e-420c-9a66-353d77f9a2b0'),
 ('39', '17', '10', '1', 'en_us', NULL, '{\"authorId\":\"1\",\"title\":\"Making your BB10 app high resolution\",\"slug\":\"interaction-design-item\",\"postDate\":1381650600,\"expiryDate\":null,\"enabled\":1,\"fields\":{\"2\":\"<p>Some people have run into an issue with their BB10 app looking oversized when they tested on the actual device. This is because the BB10 has a high pixel density ratio and web content seems to be rendered by default at a low dpi. The effect is that all of the elements in your app look enlarged. <em>Note that this only happens when you explicitly set the width and height css elements on the &lt;body&gt; to 768px and 1280px respectively.<\\/em><\\/p><p>For most people who have not set the width and height of their &lt;body&gt; or any elements it contains to a certain pixel value and have instead set them to either 100% or just let the elements fill the space, this enlargement issue won\\u2019t happen. What will happen is that your app will render at about 160 pixels per inch. The BB10 however is capable of a resolution of <a href=\\\"https:\\/\\/developer.blackberry.com\\/devzone\\/design\\/devices_and_screen_sizes.html\\\">356 ppi<\\/a>. That means you are missing out on utilising the full resolution of the device and making a really great looking app.<\\/p><p>The solution is to adjust the \\u201cviewport\\u201d meta tag slightly. Usually we have had an attribute called \\u201cinitial-scale\\u201d that we set to 1.0 meaning that the app is neither zoomed in or out. To adjust for the higher pixel density in the BB10 we want to zoom out slightly. This means setting the \\u201cinitial-scale\\u201d to about 0.446.<\\/p><p>So your \\u201cviewport\\u201d meta tag should now look like this:<\\/p><p>&lt;meta name=\\u201dviewport\\u201d content=\\u201dwidth=device-width,initial-scale=0.446,user-scalable=no\\u201d&gt;<\\/p><p>You may have to adjust your html elements to suit the new resolution of your app. However it will be worth the effort when you end up with a much better looking app.<\\/p><p><strong>Reference:<\\/strong> <a href=\\\"http:\\/\\/supportforums.blackberry.com\\/t5\\/Web-and-WebWorks-Development\\/How-to-set-up-the-viewport-for-a-BlackBerry-WebWorks-application\\/ta-p\\/1943807\\\">How to set up the viewport for a BlackBerry WebWorks application for BlackBerry 10<\\/a><\\/p>\",\"5\":\"Design Computing\",\"13\":\"\",\"7\":[\"42\"],\"14\":\"\",\"1\":\"Some people have run into an issue with their BB10 app looking oversized when they tested on the actual device. \",\"15\":\"\",\"18\":\"\",\"16\":\"\",\"17\":\"\",\"3\":[\"18\"],\"8\":\"Interaction Design\",\"10\":\"\"}}', '2013-10-21 02:28:21', '2013-10-21 02:28:21', '26aa17ae-3e5f-4c87-90d6-7132f7d2ac02'),
 ('40', '52', '11', '1', 'en_us', NULL, '{\"authorId\":\"1\",\"title\":\"Ecologies of invention\",\"slug\":\"ecologies-of-invention\",\"postDate\":1382324723,\"expiryDate\":null,\"enabled\":1,\"fields\":{\"2\":\"<p>Imagine the walls of a building letting in and circulating air - not the windows, the walls. This is what architect Doris Kim Sung has achieved in her work through the use of thermo-biometals - metals that curl and shift in response to sunlight and the weather - in the construction of buildings. With a background in biology, Doris based the idea of a \'breathing\' wall on the unique way in which a grasshopper takes in air through its sides and uses the air to cool its body. (You can find more information about Doris Kim Sung and her designs through the TED website: blog.tedx.com\\/post\\/64111337047\\/what-if-building-materials-were-more-like-skin.)<\\/p><p>What kind of person thinks to make this creative connection, from a grasshopper to a building material? How can people across various disciplines be encouraged and trained to make connections such as these; to work more inventively? Traditionally, invention has been seen as isolated to the realm of scientific discovery. But are artists, designers and musicians also inventors? The contributors to Ecologies of invention, (ed. Andy Dong, John Conomos and Brad Buckley) attempt to answer these questions - and ask and answer even more.<\\/p><p>Ecologies of Invention is the first collection of essays that brings together writers and scholars of international standing from the University of Sydney and beyond to examine the assumptions underlying notions of inventiveness. In doing so, an important distinction is made between \'inventiveness\' and \'creativity\'. Significantly, the contributors look at origins, approaches and attitudes towards inventiveness across the disciplines, including art, architecture, design, history, engineering, science, law and economics. As Marc Newson, designer of the famous Lockheed Lounge, points out in the Foreword, Ecologies of invention \'makes an important contribution to our understanding of that \\\"light bulb\\\" moment of realisation or invention that takes place across all disciplines\'. As well as sharing similarities across disciplines, the contributors demonstrate how invention on all different scales, from personal capacities to the social, spatial and network configurations, share similar processes and production.<\\/p><p>Edited by Andy Dong, Professor and ARC Future Fellow at the University of Sydney and holder of the Warren Centre Chair for Engineering Innovation; Brad Buckley, artist, activist, urbanist and Professor of Contemporary Art and Culture at Sydney College of the Arts; and John Conomos, artist, critic and theorist at Sydney College of the Arts, the concept of invention as explored in Ecologies of invention moves beyond the individual chapters and contributions by Faculty of Architecture Academics Lian Loke, Dagmar Reinhardt, Chris Smith and Rob Saunders, to the design of the book itself.<\\/p><p>The book poses new questions for scholars, artists, architects, designers, historians, engineers, scientists, lawyers and economists about the nature, origins and processes of invention.<\\/p><p>If you would like more information about the book, editors or contributors, please contact Sydney University Press at sup.info@sydney.edu.au.<\\/p>\",\"13\":\"\",\"7\":[\"51\"],\"14\":\"\",\"1\":\"Ecologies of Invention is the first collection of essays that brings together writers and scholars of international standing from the University of Sydney and beyond to examine the assumptions underlying notions of inventiveness.\",\"15\":\"\",\"18\":\"\",\"16\":\"\",\"17\":\"\",\"3\":\"\",\"10\":\"\"}}', '2013-10-21 03:05:23', '2013-10-21 03:05:23', '147598a5-b174-4497-bf46-19610932cf4b'),
 ('41', '54', '11', '1', 'en_us', NULL, '{\"authorId\":\"1\",\"title\":\"Design Lab Research presented at OzChi Conference\",\"slug\":\"design-lab-research-presented-at-ozchi-conference\",\"postDate\":1382325000,\"expiryDate\":null,\"enabled\":1,\"fields\":{\"2\":\"<p>Cutting-edge research in human-computer interaction is the topic of discussion at the annual OzCHI Conference in Melbourne this year.<\\/p><p>OzCHI brings together researchers from across Australia to build networks, find collaborators and stay abreast of the latest knowledge of the way humans interact with computers.<\\/p><p>Design Lab lecturer and program director of the University\'s <a href=\\\"http:\\/\\/sydney.edu.au\\/architecture\\/programs_of_study\\/postgraduate\\/IDEA.shtml\\\">Master of Interaction Design and Electronic Arts (IDEA)<\\/a>, Lian Loke, says that OzChi is one of the best ways to present research and gain inspiration from others\' works.<\\/p><p>\\\"The conference does the equivalent of research speed dating. It gets everyone acquainted with everyone else\'s research,\\\" Loke said.<\\/p><p>\\\"We have also been constructing research trees that show the relationships between areas of research. Understanding these degrees of separation between active research projects lets us easily see where the field is headed.\\\"<\\/p><p>Yesterday, Loke and UTS collaborator Professor Toni Robertson ran a workshop, \'The Body in Design\'. The workshop involved designing for bodily experience and understanding bodily engagement in the design process.<\\/p><p><br><img id=\\\"processed\\\" src=\\\"http:\\/\\/www.arch.usyd.edu.au\\/images\\/news_events\\/2012\\/eloquentrobes.jpg\\\" align=\\\"right\\\" border=\\\"\\\">\\r\\n<\\/p><p>Design Lab PhD candidate, Ingrid Pohl, will present today a short paper, \'Engaging the sense of touch in interactive architecture\'. The paper explores the ideas manifest in her prototype sensitive surfaces, on display at the Design Lab\'s end of year festival, <a href=\\\"http:\\/\\/sydney.edu.au\\/architecture\\/events\\/organisedCacophony.shtml\\\">Organised Cacophony<\\/a>.<\\/p><p>IDEA research student, Claudia Nunez-Pacheco has also presented a poster, \'Eloquent Robes\' that explains the work currently exhibited at Organised Cacophony.<\\/p>\",\"13\":\"\",\"7\":[\"53\"],\"14\":\"\",\"1\":\"\\u200bCutting-edge research in human-computer interaction is the topic of discussion at the annual OzCHI Conference in Melbourne this year.\",\"15\":\"\",\"18\":\"\",\"16\":\"\",\"17\":\"\",\"3\":\"\",\"10\":\"\"}}', '2013-10-21 03:10:00', '2013-10-21 03:10:00', '90318ee0-55ed-4fd1-a768-f543e6534c81'),
 ('42', '55', '10', '1', 'en_us', NULL, '{\"authorId\":\"1\",\"title\":\"Schedule 2012\",\"slug\":\"schedule-2012\",\"postDate\":1382327308,\"expiryDate\":null,\"enabled\":1,\"fields\":{\"2\":\"\",\"13\":\"\",\"14\":\"\",\"15\":\"\",\"18\":\"\",\"16\":\"\",\"21\":[{\"col1\":\"1\",\"col2\":\"3 Aug\",\"col3\":\"Introduction <a href=\\\"http:\\/\\/google.com<\\/a>Slides<\\/a>\",\"col4\":\"\",\"col5\":\"\"}],\"17\":\"\",\"10\":\"\"}}', '2013-10-21 03:48:28', '2013-10-21 03:48:28', '6b8cacd1-92cb-41c3-aaab-65d82ef6aad4'),
 ('43', '55', '10', '1', 'en_us', NULL, '{\"authorId\":\"1\",\"title\":\"Schedule 2012\",\"slug\":\"schedule-2012\",\"postDate\":1382327280,\"expiryDate\":null,\"enabled\":1,\"fields\":{\"2\":\"\",\"13\":\"\",\"14\":\"\",\"15\":\"\",\"18\":\"\",\"16\":\"\",\"21\":[{\"col1\":\"1\",\"col2\":\"3 Aug\",\"col3\":\"Introduction <a href=\\\"http:\\/\\/google.com\\\"<\\/a>Slides<\\/a>\",\"col4\":\"\",\"col5\":\"\"}],\"17\":\"\",\"10\":\"\"}}', '2013-10-21 03:55:32', '2013-10-21 03:55:32', '0e5fb1f2-738e-4e4a-b622-fe0ac22211ad'),
 ('44', '55', '10', '1', 'en_us', NULL, '{\"authorId\":\"1\",\"title\":\"Schedule 2012\",\"slug\":\"schedule-2012\",\"postDate\":1382327280,\"expiryDate\":null,\"enabled\":1,\"fields\":{\"2\":\"\",\"13\":\"\",\"14\":\"\",\"15\":\"\",\"18\":\"\",\"16\":\"\",\"21\":[{\"col1\":\"1\",\"col2\":\"3 Aug\",\"col3\":\"Introduction <a href=\\\"http:\\/\\/google.com\\\"<\\/a>Slides<\\/a>\",\"col4\":\"Design project intro (slides), design exercise\\t\",\"col6\":\"No Class\",\"col5\":\"\"},{\"col1\":\"2\",\"col2\":\"10 Aug\",\"col3\":\"Learning from everyday interfaces (slides)\\t\",\"col4\":\"Everyday interfaces activity (slides); User-centred design (slides)\\t\",\"col6\":\"Design activity; introduction of design brief; grounding research (slides)\\t\",\"col5\":\"Task (slides)\\r\\n\"}],\"17\":\"\",\"10\":\"\"}}', '2013-10-21 04:05:25', '2013-10-21 04:05:25', '65b99879-5ae3-4246-a05e-d63573176f04'),
 ('45', '55', '10', '1', 'en_us', NULL, '{\"authorId\":\"1\",\"title\":\"Schedule 2012\",\"slug\":\"schedule-2012\",\"postDate\":1382327280,\"expiryDate\":null,\"enabled\":1,\"fields\":{\"2\":\"\",\"13\":\"\",\"14\":\"\",\"15\":\"\",\"18\":\"\",\"16\":\"\",\"21\":[{\"col1\":\"1\",\"col2\":\"3 Aug\",\"col3\":\"Introduction <a href=\\\"http:\\/\\/google.com\\\"<\\/a>Slides<\\/a>\",\"col4\":\"Design project intro (slides), design exercise\\t\",\"col6\":\"No Class\",\"col5\":\"\"},{\"col1\":\"2\",\"col2\":\"10 Aug\",\"col3\":\"Learning from everyday interfaces (slides)\\t\",\"col4\":\"Everyday interfaces activity (slides); User-centred design (slides)\\t\",\"col6\":\"Design activity; introduction of design brief; grounding research (slides)\\t\",\"col5\":\"Task (slides)\\r\\n\"},{\"col1\":\"3\",\"col2\":\"17 Aug\",\"col3\":\"Sketching ideas (slides)\\t\",\"col4\":\"Brainstorming (slides)\\t\",\"col6\":\"Responsive design (slides); Wireframing + activity (slides); work on scenarios, user stories, wireframes\\t\",\"col5\":\"Blog post: Grounding research \\u2013 find two related websites and discuss them\\r\\n\"},{\"col1\":\"\",\"col2\":\"\",\"col3\":\"\",\"col4\":\"\",\"col6\":\"\",\"col5\":\"\"}],\"17\":\"\",\"10\":\"\"}}', '2013-10-21 04:06:27', '2013-10-21 04:06:27', 'b8be4109-256f-4cc7-944c-18404274ef6d');
COMMIT;


--
-- Schema for table `craft_fieldgroups`
--

DROP TABLE IF EXISTS `craft_fieldgroups`;

CREATE TABLE `craft_fieldgroups` (
  `id` int(11) NOT NULL AUTO_INCREMENT,
  `name` varchar(255) COLLATE utf8_unicode_ci NOT NULL,
  `dateCreated` datetime NOT NULL,
  `dateUpdated` datetime NOT NULL,
  `uid` char(36) COLLATE utf8_unicode_ci NOT NULL DEFAULT '0',
  PRIMARY KEY (`id`),
  UNIQUE KEY `craft_fieldgroups_name_unq_idx` (`name`)
) ENGINE=InnoDB AUTO_INCREMENT=7 DEFAULT CHARSET=utf8 COLLATE=utf8_unicode_ci;

--
-- Data for table `craft_fieldgroups`
--

BEGIN;
INSERT INTO `craft_fieldgroups` (`id`, `name`, `dateCreated`, `dateUpdated`, `uid`) VALUES
 ('1', 'Default', '2013-10-11 04:49:09', '2013-10-11 04:49:09', '95c6b296-897c-46f4-a456-7c04ace7de82'),
 ('2', 'Users', '2013-10-13 05:03:30', '2013-10-13 05:03:30', '9fd99435-302e-4b76-a142-1bb588d53bd5'),
 ('3', 'Featured Content', '2013-10-13 05:13:03', '2013-10-13 05:15:39', 'f38f043d-fdf5-4a81-832b-908b1b11de75'),
 ('4', 'Course Admin', '2013-10-13 06:23:20', '2013-10-13 06:23:20', '611f162c-cf23-4677-ae53-facf747cd0cb'),
 ('5', 'Project Fields', '2013-10-14 02:27:16', '2013-10-14 02:27:16', '7bc6a46e-e2a5-4b53-b109-0c6f22c9c5a9'),
 ('6', 'Images', '2013-10-14 02:31:24', '2013-10-14 02:31:24', '32a99453-5ff0-4a3d-ade0-9ae6b8f6c0ec');
COMMIT;


--
-- Schema for table `craft_fieldlayoutfields`
--

DROP TABLE IF EXISTS `craft_fieldlayoutfields`;

CREATE TABLE `craft_fieldlayoutfields` (
  `id` int(11) NOT NULL AUTO_INCREMENT,
  `layoutId` int(11) NOT NULL,
  `tabId` int(11) DEFAULT NULL,
  `fieldId` int(11) NOT NULL,
  `required` tinyint(1) unsigned NOT NULL DEFAULT '0',
  `sortOrder` tinyint(4) DEFAULT NULL,
  `dateCreated` datetime NOT NULL,
  `dateUpdated` datetime NOT NULL,
  `uid` char(36) COLLATE utf8_unicode_ci NOT NULL DEFAULT '0',
  PRIMARY KEY (`id`),
  UNIQUE KEY `craft_fieldlayoutfields_layoutId_fieldId_unq_idx` (`layoutId`,`fieldId`),
  KEY `craft_fieldlayoutfields_sortOrder_idx` (`sortOrder`),
  KEY `craft_fieldlayoutfields_tabId_fk` (`tabId`),
  KEY `craft_fieldlayoutfields_fieldId_fk` (`fieldId`)
) ENGINE=InnoDB AUTO_INCREMENT=102 DEFAULT CHARSET=utf8 COLLATE=utf8_unicode_ci;

--
-- Data for table `craft_fieldlayoutfields`
--

BEGIN;
INSERT INTO `craft_fieldlayoutfields` (`id`, `layoutId`, `tabId`, `fieldId`, `required`, `sortOrder`, `dateCreated`, `dateUpdated`, `uid`) VALUES
 ('1', '3', '1', '1', '0', '1', '2013-10-11 04:49:09', '2013-10-11 04:49:09', 'ec31729b-fe45-4466-bf20-c66c514b9a52'),
 ('2', '3', '1', '2', '0', '2', '2013-10-11 04:49:09', '2013-10-11 04:49:09', 'c947fe8d-4a3c-4fb7-a3d4-cd5344dc355b'),
 ('12', '36', '6', '1', '0', '1', '2013-10-13 06:27:34', '2013-10-13 06:27:34', 'a42ec55f-a1da-46d3-bca9-545b3f04dae1'),
 ('13', '36', '6', '2', '0', '2', '2013-10-13 06:27:34', '2013-10-13 06:27:34', '0ec89201-03ef-42a9-be68-4c46e5433914'),
 ('14', '36', '6', '3', '0', '3', '2013-10-13 06:27:34', '2013-10-13 06:27:34', '129ea5fe-fa9f-4f83-8165-8a1790332ce5'),
 ('15', '37', '7', '1', '0', '1', '2013-10-13 06:28:40', '2013-10-13 06:28:40', '9a05a5cf-6372-4ebb-8b0e-56e601698a79'),
 ('16', '37', '7', '2', '0', '2', '2013-10-13 06:28:40', '2013-10-13 06:28:40', '242354aa-4dfd-4189-bb69-a7996cc1db43'),
 ('17', '37', '7', '6', '0', '3', '2013-10-13 06:28:40', '2013-10-13 06:28:40', 'd6222cef-ecbf-42b6-9bd9-f0f2b3e2e490'),
 ('18', '37', '7', '3', '0', '4', '2013-10-13 06:28:40', '2013-10-13 06:28:40', 'aa824df4-27e2-4f49-868d-b89b6788bf3a'),
 ('26', '41', '10', '1', '0', '1', '2013-10-13 07:28:10', '2013-10-13 07:28:10', '1799466c-0039-49e7-9170-7e9714a4863c'),
 ('27', '41', '10', '2', '0', '2', '2013-10-13 07:28:10', '2013-10-13 07:28:10', '1aaf0533-23ac-42da-a2fe-8d010f5a16c8'),
 ('28', '41', '10', '7', '0', '3', '2013-10-13 07:28:10', '2013-10-13 07:28:10', '19b2fa27-b4b2-4490-8000-3a35c26f4372'),
 ('29', '41', '10', '3', '0', '4', '2013-10-13 07:28:10', '2013-10-13 07:28:10', 'ec55c47c-a03e-4aea-be2f-2cb4e7baa00a'),
 ('30', '41', '10', '5', '0', '5', '2013-10-13 07:28:10', '2013-10-13 07:28:10', '6b403592-b16c-4382-b6b2-5130e285134d'),
 ('40', '44', '13', '1', '0', '1', '2013-10-13 08:17:26', '2013-10-13 08:17:26', 'ebdf26e2-2cbf-4225-be89-ab1a69558aa4'),
 ('41', '44', '13', '2', '0', '2', '2013-10-13 08:17:26', '2013-10-13 08:17:26', 'b24bdaf2-2af4-4d68-bcb3-057d1d3ac968'),
 ('42', '44', '13', '7', '0', '3', '2013-10-13 08:17:26', '2013-10-13 08:17:26', '83357f5c-3503-46d6-8679-69675cfd3c3d'),
 ('43', '44', '13', '3', '0', '4', '2013-10-13 08:17:26', '2013-10-13 08:17:26', '4407b275-4559-4b6d-b6c8-1c51a5ededc9'),
 ('48', '47', NULL, '7', '0', '1', '2013-10-13 10:47:54', '2013-10-13 10:47:54', 'e947dd7f-afe2-4102-8c47-abdc8145da5c'),
 ('49', '47', NULL, '5', '0', '2', '2013-10-13 10:47:54', '2013-10-13 10:47:54', 'd76d6777-057b-4176-a7a9-102ef1a08019'),
 ('50', '47', NULL, '9', '0', '3', '2013-10-13 10:47:54', '2013-10-13 10:47:54', '10920c88-b402-4ade-b4c0-42df96419a58'),
 ('51', '47', NULL, '10', '0', '4', '2013-10-13 10:47:54', '2013-10-13 10:47:54', '1a711800-6677-4dd2-8834-6b65f9dae52b'),
 ('52', '48', '14', '2', '0', '1', '2013-10-13 11:30:00', '2013-10-13 11:30:00', '109f075f-6a37-48be-8b3a-2475d3d4ea0b'),
 ('53', '48', '14', '3', '0', '2', '2013-10-13 11:30:00', '2013-10-13 11:30:00', '4ae5d3db-d50a-45bd-822a-70ecf2dda642'),
 ('54', '48', '14', '11', '0', '3', '2013-10-13 11:30:00', '2013-10-13 11:30:00', 'ffade1cf-8040-42c9-9d5a-5541308b16f6'),
 ('56', '52', '16', '12', '0', '1', '2013-10-13 11:55:01', '2013-10-13 11:55:01', '69c50a2c-b5f5-467f-86c4-54d1c19a54a2'),
 ('58', '55', '18', '12', '0', '1', '2013-10-13 12:06:56', '2013-10-13 12:06:56', 'b53931e3-a80a-4c6e-8163-3fa2db3e4c26'),
 ('59', '56', '19', '5', '0', '1', '2013-10-13 13:39:17', '2013-10-13 13:39:17', '70ea3975-fd3f-44a7-9763-aadef62ccbab'),
 ('60', '56', '19', '8', '0', '2', '2013-10-13 13:39:17', '2013-10-13 13:39:17', 'c6c7f66d-3baf-430d-8373-d3185627df8d'),
 ('61', '56', '19', '2', '0', '3', '2013-10-13 13:39:17', '2013-10-13 13:39:17', '48633a17-97f6-4473-94d0-b88ea2ae632c'),
 ('62', '56', '19', '1', '0', '4', '2013-10-13 13:39:17', '2013-10-13 13:39:17', 'c0eebc84-b6ed-4047-8968-23c07ac01ee1'),
 ('63', '56', '19', '7', '0', '5', '2013-10-13 13:39:17', '2013-10-13 13:39:17', '455e82d7-7836-4338-ab28-7bbe6ec2a7a3'),
 ('64', '56', '19', '3', '0', '6', '2013-10-13 13:39:17', '2013-10-13 13:39:17', 'e933d328-2a11-4e87-a1b0-cfb50e61aa9f'),
 ('78', '58', '27', '5', '0', '1', '2013-10-14 02:39:58', '2013-10-14 02:39:58', '3e0a47fe-d6b8-4b7f-a83f-a7f49836f4c5'),
 ('79', '58', '27', '8', '0', '2', '2013-10-14 02:39:58', '2013-10-14 02:39:58', '226ab5d4-abce-4a21-93e6-f25fbe02d4b8'),
 ('80', '58', '27', '7', '0', '3', '2013-10-14 02:39:58', '2013-10-14 02:39:58', '4b31170c-50dd-40af-8859-310c30968512'),
 ('81', '58', '27', '19', '0', '4', '2013-10-14 02:39:58', '2013-10-14 02:39:58', '8caaabf4-4492-4852-bc92-da2875dca63b'),
 ('82', '58', '27', '6', '0', '5', '2013-10-14 02:39:58', '2013-10-14 02:39:58', '5f2eb245-7922-4fda-9bce-ae324ab65099'),
 ('83', '58', '27', '20', '0', '6', '2013-10-14 02:39:58', '2013-10-14 02:39:58', '3fa68a2f-cfce-4a7b-aa19-1f3f9dff5d1c'),
 ('84', '58', '27', '3', '0', '7', '2013-10-14 02:39:58', '2013-10-14 02:39:58', '34e0cf99-a606-4da6-8b3a-2639c33b36bc'),
 ('85', '58', '28', '14', '0', '1', '2013-10-14 02:39:58', '2013-10-14 02:39:58', '4cbb6991-8f31-402d-b9ef-d6e9302ebd2e'),
 ('86', '58', '29', '17', '0', '1', '2013-10-14 02:39:58', '2013-10-14 02:39:58', '1b97ee37-53b4-44df-b4a0-a48cf3c09d14'),
 ('87', '58', '30', '15', '0', '1', '2013-10-14 02:39:58', '2013-10-14 02:39:58', 'adad4a9d-90d6-4ce4-a22e-ec8c87c1c50a'),
 ('88', '58', '31', '13', '0', '1', '2013-10-14 02:39:58', '2013-10-14 02:39:58', '02e39ec5-3482-45ea-ba77-6df6a3da79cb'),
 ('89', '58', '32', '16', '0', '1', '2013-10-14 02:39:58', '2013-10-14 02:39:58', '3a563464-c2cc-4ad2-a520-0335c1c95f3a'),
 ('90', '58', '33', '18', '0', '1', '2013-10-14 02:39:58', '2013-10-14 02:39:58', '260d28ed-2f6d-46aa-aa05-98a52ca9a7ee'),
 ('92', '60', '35', '4', '0', '1', '2013-10-14 06:02:32', '2013-10-14 06:02:32', '9709113d-f9e8-40ee-9ece-fafa5ed2a14a'),
 ('93', '61', '36', '1', '0', '1', '2013-10-14 06:02:53', '2013-10-14 06:02:53', '6423c343-8459-4961-8aec-e58da92028dc'),
 ('94', '61', '36', '7', '0', '2', '2013-10-14 06:02:53', '2013-10-14 06:02:53', '12b117eb-e328-44b3-ae3c-3bafb9701145'),
 ('95', '61', '36', '2', '0', '3', '2013-10-14 06:02:53', '2013-10-14 06:02:53', '246a0e85-051b-4607-b26b-773b76d53c25'),
 ('96', '61', '36', '3', '0', '4', '2013-10-14 06:02:53', '2013-10-14 06:02:53', 'd934ac2c-ad12-460a-836e-085eaa13e5e0'),
 ('97', '63', '37', '1', '0', '1', '2013-10-14 06:14:38', '2013-10-14 06:14:38', '81ede0fb-8059-46d6-86b8-d22fb43bab58'),
 ('98', '63', '37', '7', '0', '2', '2013-10-14 06:14:38', '2013-10-14 06:14:38', 'd0a8c19c-31a4-406a-a72e-b43da0a4bf21'),
 ('99', '63', '37', '2', '0', '3', '2013-10-14 06:14:38', '2013-10-14 06:14:38', 'b1e177df-71c7-45a8-ac72-146a3744768c'),
 ('100', '63', '37', '3', '0', '4', '2013-10-14 06:14:38', '2013-10-14 06:14:38', '4df2d4b2-71c6-44ea-99cd-35e3014f54c5'),
 ('101', '64', '38', '21', '0', '1', '2013-10-21 03:47:05', '2013-10-21 03:47:05', '87d6259b-caa0-43ea-82b6-4986351732b4');
COMMIT;


--
-- Schema for table `craft_fieldlayouts`
--

DROP TABLE IF EXISTS `craft_fieldlayouts`;

CREATE TABLE `craft_fieldlayouts` (
  `id` int(11) NOT NULL AUTO_INCREMENT,
  `type` char(150) COLLATE utf8_unicode_ci NOT NULL,
  `dateCreated` datetime NOT NULL,
  `dateUpdated` datetime NOT NULL,
  `uid` char(36) COLLATE utf8_unicode_ci NOT NULL DEFAULT '0',
  PRIMARY KEY (`id`),
  KEY `craft_fieldlayouts_type_idx` (`type`)
) ENGINE=InnoDB AUTO_INCREMENT=65 DEFAULT CHARSET=utf8 COLLATE=utf8_unicode_ci;

--
-- Data for table `craft_fieldlayouts`
--

BEGIN;
INSERT INTO `craft_fieldlayouts` (`id`, `type`, `dateCreated`, `dateUpdated`, `uid`) VALUES
 ('1', 'Entry', '2013-10-11 04:49:09', '2013-10-11 04:49:09', 'bd6be914-6ce8-45a2-ae59-c84f0239e43b'),
 ('3', 'Entry', '2013-10-11 04:49:09', '2013-10-11 04:49:09', '0d2a2adb-5d77-48c1-b3f8-a05715ab0874'),
 ('8', 'Entry', '2013-10-13 05:17:59', '2013-10-13 05:17:59', 'a2d440ae-0941-44b9-b10c-a6d8d8818a97'),
 ('9', 'Entry', '2013-10-13 05:18:28', '2013-10-13 05:18:28', 'a2a550d8-956a-49d3-b906-6509a1f3abd1'),
 ('12', 'Entry', '2013-10-13 05:26:42', '2013-10-13 05:26:42', 'cc4b1154-51c8-4bfc-9cd4-1bfe543056bb'),
 ('13', 'Entry', '2013-10-13 05:28:12', '2013-10-13 05:28:12', '0b24e6fe-a60b-4374-a023-693495835faa'),
 ('14', 'Entry', '2013-10-13 05:28:23', '2013-10-13 05:28:23', '42bc7c8d-2b05-46b1-b83b-8deb8359988d'),
 ('15', 'Entry', '2013-10-13 05:28:43', '2013-10-13 05:28:43', '054f6280-e55b-4199-bef6-f4b4306edc57'),
 ('17', 'Entry', '2013-10-13 05:30:22', '2013-10-13 05:30:22', 'b9bc465c-d9eb-46aa-a827-43765e6f7757'),
 ('18', 'Entry', '2013-10-13 05:30:35', '2013-10-13 05:30:35', 'e74b96b6-df2f-42dc-b3b7-5605e56c80f4'),
 ('20', 'Entry', '2013-10-13 05:41:55', '2013-10-13 05:41:55', '12268639-04fa-468b-8724-54a964024741'),
 ('36', 'Entry', '2013-10-13 06:27:34', '2013-10-13 06:27:34', 'c87cc5db-66f8-4b67-9fe0-53a71db082e5'),
 ('37', 'Entry', '2013-10-13 06:28:40', '2013-10-13 06:28:40', '9e9dcf9d-d9cf-4af0-a719-49647763510f'),
 ('41', 'Entry', '2013-10-13 07:28:10', '2013-10-13 07:28:10', '0152d73d-0d5d-4a97-b53e-fff84ee790fd'),
 ('44', 'Entry', '2013-10-13 08:17:26', '2013-10-13 08:17:26', '0c8591ec-71ed-4794-8e5b-fde75f6db417'),
 ('47', 'User', '2013-10-13 10:47:54', '2013-10-13 10:47:54', '2810a9b5-a393-4cdd-b1b8-61635f33cea1'),
 ('48', 'Entry', '2013-10-13 11:30:00', '2013-10-13 11:30:00', '3b3bf03f-cf1d-4e17-b599-327f1a15c7ec'),
 ('52', 'Entry', '2013-10-13 11:55:01', '2013-10-13 11:55:01', '88782730-fafc-4568-a6f2-4a50b51fde1d'),
 ('55', 'Entry', '2013-10-13 12:06:56', '2013-10-13 12:06:56', '7471b58e-2b24-48a5-9355-848323516cdf'),
 ('56', 'Entry', '2013-10-13 13:39:17', '2013-10-13 13:39:17', '5ec82015-1863-4597-b9bd-2d59c5042e01'),
 ('58', 'Entry', '2013-10-14 02:39:58', '2013-10-14 02:39:58', '700af884-216d-4754-be83-294ff4fc1b26'),
 ('60', 'Entry', '2013-10-14 06:02:32', '2013-10-14 06:02:32', 'a4dd32a7-eb0f-4647-a2db-5452ece61bad'),
 ('61', 'Entry', '2013-10-14 06:02:53', '2013-10-14 06:02:53', '97ef8364-9ac7-40ce-b4b6-8228ca4c6381'),
 ('63', 'Entry', '2013-10-14 06:14:38', '2013-10-14 06:14:38', 'b6493eca-e6f5-4777-b432-2f9e1cecc6c7'),
 ('64', 'Entry', '2013-10-21 03:47:05', '2013-10-21 03:47:05', '46be30f0-42f3-4b43-8752-aa4fac398d81');
COMMIT;


--
-- Schema for table `craft_fieldlayouttabs`
--

DROP TABLE IF EXISTS `craft_fieldlayouttabs`;

CREATE TABLE `craft_fieldlayouttabs` (
  `id` int(11) NOT NULL AUTO_INCREMENT,
  `layoutId` int(11) NOT NULL,
  `name` varchar(255) COLLATE utf8_unicode_ci NOT NULL,
  `sortOrder` tinyint(4) DEFAULT NULL,
  `dateCreated` datetime NOT NULL,
  `dateUpdated` datetime NOT NULL,
  `uid` char(36) COLLATE utf8_unicode_ci NOT NULL DEFAULT '0',
  PRIMARY KEY (`id`),
  KEY `craft_fieldlayouttabs_sortOrder_idx` (`sortOrder`),
  KEY `craft_fieldlayouttabs_layoutId_fk` (`layoutId`)
) ENGINE=InnoDB AUTO_INCREMENT=39 DEFAULT CHARSET=utf8 COLLATE=utf8_unicode_ci;

--
-- Data for table `craft_fieldlayouttabs`
--

BEGIN;
INSERT INTO `craft_fieldlayouttabs` (`id`, `layoutId`, `name`, `sortOrder`, `dateCreated`, `dateUpdated`, `uid`) VALUES
 ('1', '3', 'Content', '1', '2013-10-11 04:49:09', '2013-10-11 04:49:09', '8cedeabf-1a9e-4b38-81b5-3bae0515e667'),
 ('6', '36', 'Blog', '1', '2013-10-13 06:27:34', '2013-10-13 06:27:34', '06803bcd-420f-42af-bc47-ebd234e4ee57'),
 ('7', '37', 'Assignment', '1', '2013-10-13 06:28:40', '2013-10-13 06:28:40', 'b506a550-4e9b-48fa-8597-c58b9db089ae'),
 ('10', '41', 'News', '1', '2013-10-13 07:28:10', '2013-10-13 07:28:10', 'e3ab1572-6c7f-4908-b7cd-68a5b6b40823'),
 ('13', '44', 'News', '1', '2013-10-13 08:17:26', '2013-10-13 08:17:26', '092a5bd6-a39c-4c17-bbd5-059d3f12ebc6'),
 ('14', '48', 'Details', '1', '2013-10-13 11:30:00', '2013-10-13 11:30:00', '8cc6f1c1-29ac-46ea-b083-f717ffa87aca'),
 ('16', '52', 'Featured Projects', '1', '2013-10-13 11:55:01', '2013-10-13 11:55:01', 'e6102ebb-522c-4cea-b26c-c728908a098d'),
 ('18', '55', 'Design Computing', '1', '2013-10-13 12:06:56', '2013-10-13 12:06:56', '48c2c9bb-620c-4b5c-8bf1-518daa35ab39'),
 ('19', '56', 'Details', '1', '2013-10-13 13:39:17', '2013-10-13 13:39:17', '920a03f9-2894-4ca5-8cfc-b12b3ac4cd9e'),
 ('27', '58', 'Project Details', '1', '2013-10-14 02:39:58', '2013-10-14 02:39:58', '25c20bf0-1286-4db4-8ea1-58828669c411'),
 ('28', '58', 'Grounding', '2', '2013-10-14 02:39:58', '2013-10-14 02:39:58', '2edd7dda-77e9-4947-889e-7ce70eabc5ea'),
 ('29', '58', 'Sketching', '3', '2013-10-14 02:39:58', '2013-10-14 02:39:58', '100f1ee3-e433-448f-b3d0-03e16a6788c7'),
 ('30', '58', 'Mockups', '4', '2013-10-14 02:39:58', '2013-10-14 02:39:58', '2ab76e10-63e5-46ec-9ff2-3cfadc47e600'),
 ('31', '58', 'Evaluation', '5', '2013-10-14 02:39:58', '2013-10-14 02:39:58', '4a37e195-c827-4cf9-8c38-de6f505bd1cc'),
 ('32', '58', 'Prototypes', '6', '2013-10-14 02:39:58', '2013-10-14 02:39:58', '55c3b72b-4683-4e34-9cf3-1bf183b3a529'),
 ('33', '58', 'Presentation', '7', '2013-10-14 02:39:58', '2013-10-14 02:39:58', '50119fef-0d92-4896-baee-5cd6271a2d92'),
 ('35', '60', 'Tab 1', '1', '2013-10-14 06:02:32', '2013-10-14 06:02:32', '845af154-5bae-4672-b8dc-9693f6abf65a'),
 ('36', '61', 'Tab 1', '1', '2013-10-14 06:02:53', '2013-10-14 06:02:53', '79116147-33b7-4eda-9fc9-570b1b6c2c6f'),
 ('37', '63', 'Tab 1', '1', '2013-10-14 06:14:38', '2013-10-14 06:14:38', 'd9f62672-a0a6-46b7-8ccb-ae7f6686475a'),
 ('38', '64', 'Schedule', '1', '2013-10-21 03:47:05', '2013-10-21 03:47:05', '59ace4a3-98f2-49c5-8ddc-2d5db31c48be');
COMMIT;


--
-- Schema for table `craft_fields`
--

DROP TABLE IF EXISTS `craft_fields`;

CREATE TABLE `craft_fields` (
  `id` int(11) NOT NULL AUTO_INCREMENT,
  `groupId` int(11) DEFAULT NULL,
  `name` varchar(255) COLLATE utf8_unicode_ci NOT NULL,
  `handle` varchar(64) COLLATE utf8_unicode_ci NOT NULL,
  `instructions` text COLLATE utf8_unicode_ci,
  `translatable` tinyint(1) unsigned NOT NULL DEFAULT '0',
  `type` char(150) COLLATE utf8_unicode_ci NOT NULL,
  `settings` text COLLATE utf8_unicode_ci,
  `dateCreated` datetime NOT NULL,
  `dateUpdated` datetime NOT NULL,
  `uid` char(36) COLLATE utf8_unicode_ci NOT NULL DEFAULT '0',
  PRIMARY KEY (`id`),
  UNIQUE KEY `craft_fields_handle_unq_idx` (`handle`),
  KEY `craft_fields_groupId_fk` (`groupId`)
) ENGINE=InnoDB AUTO_INCREMENT=22 DEFAULT CHARSET=utf8 COLLATE=utf8_unicode_ci;

--
-- Data for table `craft_fields`
--

BEGIN;
INSERT INTO `craft_fields` (`id`, `groupId`, `name`, `handle`, `instructions`, `translatable`, `type`, `settings`, `dateCreated`, `dateUpdated`, `uid`) VALUES
 ('1', '1', 'Heading', 'heading', NULL, '1', 'PlainText', NULL, '2013-10-11 04:49:09', '2013-10-11 04:49:09', '3c63ac7c-ec90-42fd-90db-f1f78586ffa2'),
 ('2', '1', 'Body', 'body', NULL, '1', 'RichText', '{\"configFile\":\"Standard.json\"}', '2013-10-11 04:49:09', '2013-10-11 04:49:09', 'ee2cf782-02d0-4471-93ac-ac1f5a75019e'),
 ('3', '1', 'Tags', 'tags', NULL, '0', 'Tags', '{\"source\":\"tagset:1\"}', '2013-10-11 04:49:09', '2013-10-11 04:49:09', '4a0bfe37-2dce-44e2-92e3-81892b1e19f8'),
 ('4', '3', 'Design Lab Featured Content', 'designLabFeaturedContent', '', '0', 'Entries', '{\"sources\":\"*\",\"limit\":\"\"}', '2013-10-13 05:13:28', '2013-10-13 12:03:00', '64d4a897-f7fd-49c7-8ce4-a6664705b88c'),
 ('5', '4', 'Course', 'course', '', '0', 'Dropdown', '{\"options\":[{\"label\":\"IDEA\",\"value\":\"IDEA\",\"default\":\"\"},{\"label\":\"Design Computing\",\"value\":\"Design Computing\",\"default\":\"\"}]}', '2013-10-13 06:23:59', '2013-10-13 08:10:08', '0240aa3b-cb6f-4958-9d09-753e2615d147'),
 ('6', '1', 'Participants', 'participants', '', '0', 'Users', '{\"sources\":\"*\",\"limit\":\"\"}', '2013-10-13 06:28:01', '2013-10-13 06:28:01', 'e782f901-bc6c-4341-9453-0304b6610819'),
 ('7', '1', 'Featured Image', 'featuredImage', '', '0', 'Assets', '{\"sources\":\"*\",\"limit\":\"1\"}', '2013-10-13 06:50:56', '2013-10-13 06:50:56', '0baa8704-078d-44bb-8c9f-ef3d219018e0'),
 ('8', '4', 'Unit', 'unit', '', '0', 'Dropdown', '{\"options\":[{\"label\":\"Interaction Design\",\"value\":\"Interaction Design\",\"default\":\"\"}]}', '2013-10-13 06:52:26', '2013-10-14 02:40:47', 'd5faf242-b9b1-403b-ab11-220abedad39d'),
 ('9', '2', 'Year Finishing', 'yearFinishing', 'What year will you finish university?', '0', 'Dropdown', '{\"options\":[{\"label\":\"2014\",\"value\":\"2014\",\"default\":\"\"},{\"label\":\"2015\",\"value\":\"2015\",\"default\":\"\"},{\"label\":\"2016\",\"value\":\"2016\",\"default\":\"\"},{\"label\":\"2017\",\"value\":\"2017\",\"default\":\"\"}]}', '2013-10-13 09:32:04', '2013-10-13 09:32:04', 'db4f776a-77fd-4065-9a2f-4a6a182229ea'),
 ('10', '2', 'User Profile', 'userProfile', '', '0', 'RichText', '{\"configFile\":\"\",\"cleanupHtml\":\"1\"}', '2013-10-13 10:46:51', '2013-10-13 10:47:03', '379f7290-ffda-4d5a-8409-ad6e9c5698a0'),
 ('11', '4', 'Interaction Design Assignment Entries', 'interactionDesignAssignmentEntries', '', '0', 'Entries', '{\"sources\":[\"section:10\"],\"limit\":\"\"}', '2013-10-13 11:29:18', '2013-10-13 11:29:18', 'a641986b-05f6-4d84-a1ee-a35e4b3a3605'),
 ('12', '3', 'Design Computing Featured Content', 'designComputingFeaturedContent', '', '0', 'Entries', '{\"sources\":[\"section:7\"],\"limit\":\"\"}', '2013-10-13 11:54:04', '2013-10-13 12:03:11', '8e7b344d-6245-4f83-b8db-4b16bafa967c'),
 ('13', '5', 'Evaluation', 'evaluation', '', '0', 'RichText', '{\"configFile\":\"\",\"cleanupHtml\":\"1\"}', '2013-10-14 02:27:35', '2013-10-14 02:27:35', 'fe8adc0e-5245-408a-8a24-8bb86b86b80d'),
 ('14', '5', 'Grounding', 'grounding', '', '0', 'RichText', '{\"configFile\":\"\",\"cleanupHtml\":\"1\"}', '2013-10-14 02:27:46', '2013-10-14 02:27:46', 'c1868715-5089-48a4-ae70-b14b6aee14f7'),
 ('15', '5', 'Mockups', 'mockups', '', '0', 'RichText', '{\"configFile\":\"\",\"cleanupHtml\":\"1\"}', '2013-10-14 02:27:55', '2013-10-14 02:27:55', '70eab2df-206e-4de8-9b3e-9b52ecbfa0f9'),
 ('16', '5', 'Prototypes', 'prototypes', '', '0', 'RichText', '{\"configFile\":\"\",\"cleanupHtml\":\"1\"}', '2013-10-14 02:28:06', '2013-10-14 02:28:06', '96679d10-327b-41d8-9ecd-f328e700e680'),
 ('17', '5', 'Sketching', 'sketching', '', '0', 'RichText', '{\"configFile\":\"\",\"cleanupHtml\":\"1\"}', '2013-10-14 02:29:09', '2013-10-14 02:29:09', '9da79174-bf4d-4131-9969-f6226d20e3dd'),
 ('18', '5', 'Presentation', 'presentation', '', '0', 'RichText', '{\"configFile\":\"\",\"cleanupHtml\":\"1\"}', '2013-10-14 02:29:26', '2013-10-14 02:29:26', 'c16cf23d-0118-4518-9cf5-bd049513faae'),
 ('19', '5', 'Project Description', 'projectDescription', '', '0', 'PlainText', '{\"placeholder\":\"\",\"maxLength\":\"\",\"multiline\":\"\",\"initialRows\":\"4\"}', '2013-10-14 02:29:47', '2013-10-14 04:10:55', '11302e4c-a2bf-4b9f-a50f-5e6bd932fa98'),
 ('20', '6', 'Interaction Design Assets', 'interactionDesignAssets', '', '0', 'Assets', '{\"sources\":[\"folder:1\"],\"limit\":\"\"}', '2013-10-14 02:31:54', '2013-10-14 02:31:54', '879ee0a2-65a3-4b1f-b722-9d6ea87c459d'),
 ('21', '4', 'Schedule', 'schedule', '', '0', 'Table', '{\"columns\":{\"col1\":{\"heading\":\"Week\",\"handle\":\"week\",\"width\":\"\",\"type\":\"singleline\"},\"col2\":{\"heading\":\"Date\",\"handle\":\"date\",\"width\":\"\",\"type\":\"multiline\"},\"col3\":{\"heading\":\"Fri 10-11 (ALT3)\",\"handle\":\"fri10\",\"width\":\"\",\"type\":\"multiline\"},\"col4\":{\"heading\":\"Fri 11-1 (313)\",\"handle\":\"fri11\",\"width\":\"\",\"type\":\"multiline\"},\"col6\":{\"heading\":\"Fri 2-5 (3131\",\"handle\":\"fri2\",\"width\":\"\",\"type\":\"multiline\"},\"col5\":{\"heading\":\"Due (Thu 8pm)\",\"handle\":\"due\",\"width\":\"\",\"type\":\"multiline\"}},\"defaults\":{\"row1\":{\"col1\":\"\",\"col2\":\"\",\"col3\":\"\",\"col4\":\"\",\"col6\":\"\",\"col5\":\"\"}}}', '2013-10-21 03:46:15', '2013-10-21 04:04:42', '470a6ef3-529f-41ec-aa02-b314eebab222');
COMMIT;


--
-- Schema for table `craft_globalsets`
--

DROP TABLE IF EXISTS `craft_globalsets`;

CREATE TABLE `craft_globalsets` (
  `id` int(11) NOT NULL,
  `name` varchar(255) COLLATE utf8_unicode_ci NOT NULL,
  `handle` varchar(255) COLLATE utf8_unicode_ci NOT NULL,
  `fieldLayoutId` int(10) DEFAULT NULL,
  `dateCreated` datetime NOT NULL,
  `dateUpdated` datetime NOT NULL,
  `uid` char(36) COLLATE utf8_unicode_ci NOT NULL DEFAULT '0',
  PRIMARY KEY (`id`),
  UNIQUE KEY `craft_globalsets_name_unq_idx` (`name`),
  UNIQUE KEY `craft_globalsets_handle_unq_idx` (`handle`),
  KEY `craft_globalsets_fieldLayoutId_fk` (`fieldLayoutId`)
) ENGINE=InnoDB DEFAULT CHARSET=utf8 COLLATE=utf8_unicode_ci;

--
-- Schema for table `craft_info`
--

DROP TABLE IF EXISTS `craft_info`;

CREATE TABLE `craft_info` (
  `id` int(11) NOT NULL AUTO_INCREMENT,
  `version` char(15) COLLATE utf8_unicode_ci NOT NULL,
  `build` int(11) unsigned NOT NULL,
  `packages` varchar(200) COLLATE utf8_unicode_ci DEFAULT NULL,
  `releaseDate` datetime NOT NULL,
  `siteName` varchar(100) COLLATE utf8_unicode_ci NOT NULL,
  `siteUrl` varchar(255) COLLATE utf8_unicode_ci NOT NULL,
  `timezone` varchar(30) COLLATE utf8_unicode_ci DEFAULT NULL,
  `on` tinyint(1) unsigned NOT NULL DEFAULT '0',
  `maintenance` tinyint(1) unsigned NOT NULL DEFAULT '0',
  `track` varchar(40) COLLATE utf8_unicode_ci NOT NULL,
  `dateCreated` datetime NOT NULL,
  `dateUpdated` datetime NOT NULL,
  `uid` char(36) COLLATE utf8_unicode_ci NOT NULL DEFAULT '0',
  PRIMARY KEY (`id`)
) ENGINE=InnoDB AUTO_INCREMENT=2 DEFAULT CHARSET=utf8 COLLATE=utf8_unicode_ci;

--
-- Data for table `craft_info`
--

BEGIN;
INSERT INTO `craft_info` (`id`, `version`, `build`, `packages`, `releaseDate`, `siteName`, `siteUrl`, `timezone`, `on`, `maintenance`, `track`, `dateCreated`, `dateUpdated`, `uid`) VALUES
 ('1', '1.2', '2367', 'PublishPro,Users,Cloud', '2013-10-09 21:32:21', 'Design Lab', 'http://craft.dev/', 'UTC', '1', '0', 'stable', '2013-10-11 04:49:07', '2013-10-13 05:55:50', '15be301a-f655-4289-9eb7-c55524f2bb34');
COMMIT;


--
-- Schema for table `craft_locales`
--

DROP TABLE IF EXISTS `craft_locales`;

CREATE TABLE `craft_locales` (
  `locale` char(12) COLLATE utf8_unicode_ci NOT NULL,
  `sortOrder` tinyint(4) DEFAULT NULL,
  `dateCreated` datetime NOT NULL,
  `dateUpdated` datetime NOT NULL,
  `uid` char(36) COLLATE utf8_unicode_ci NOT NULL DEFAULT '0',
  PRIMARY KEY (`locale`)
) ENGINE=InnoDB DEFAULT CHARSET=utf8 COLLATE=utf8_unicode_ci;

--
-- Data for table `craft_locales`
--

BEGIN;
INSERT INTO `craft_locales` (`locale`, `sortOrder`, `dateCreated`, `dateUpdated`, `uid`) VALUES
 ('en_us', '1', '2013-10-11 04:49:07', '2013-10-11 04:49:07', '06b241bd-11bf-437b-96ef-1c7bd62bb073');
COMMIT;


--
-- Schema for table `craft_migrations`
--

DROP TABLE IF EXISTS `craft_migrations`;

CREATE TABLE `craft_migrations` (
  `id` int(11) NOT NULL AUTO_INCREMENT,
  `pluginId` int(11) DEFAULT NULL,
  `version` varchar(255) COLLATE utf8_unicode_ci NOT NULL,
  `applyTime` datetime NOT NULL,
  `dateCreated` datetime NOT NULL,
  `dateUpdated` datetime NOT NULL,
  `uid` char(36) COLLATE utf8_unicode_ci NOT NULL DEFAULT '0',
  PRIMARY KEY (`id`),
  UNIQUE KEY `craft_migrations_version_unq_idx` (`version`),
  KEY `craft_migrations_pluginId_fk` (`pluginId`)
) ENGINE=InnoDB AUTO_INCREMENT=2 DEFAULT CHARSET=utf8 COLLATE=utf8_unicode_ci;

--
-- Data for table `craft_migrations`
--

BEGIN;
INSERT INTO `craft_migrations` (`id`, `pluginId`, `version`, `applyTime`, `dateCreated`, `dateUpdated`, `uid`) VALUES
 ('1', NULL, 'm000000_000000_base', '2013-10-11 04:49:07', '2013-10-11 04:49:07', '2013-10-11 04:49:07', '01229fc4-7c32-4771-9f5f-9422e2b5247b');
COMMIT;


--
-- Schema for table `craft_plugins`
--

DROP TABLE IF EXISTS `craft_plugins`;

CREATE TABLE `craft_plugins` (
  `id` int(11) NOT NULL AUTO_INCREMENT,
  `class` char(150) COLLATE utf8_unicode_ci NOT NULL,
  `version` char(15) COLLATE utf8_unicode_ci NOT NULL,
  `enabled` tinyint(1) unsigned NOT NULL DEFAULT '0',
  `settings` text COLLATE utf8_unicode_ci,
  `installDate` datetime NOT NULL,
  `dateCreated` datetime NOT NULL,
  `dateUpdated` datetime NOT NULL,
  `uid` char(36) COLLATE utf8_unicode_ci NOT NULL DEFAULT '0',
  PRIMARY KEY (`id`)
) ENGINE=InnoDB DEFAULT CHARSET=utf8 COLLATE=utf8_unicode_ci;

--
-- Schema for table `craft_rackspaceaccess`
--

DROP TABLE IF EXISTS `craft_rackspaceaccess`;

CREATE TABLE `craft_rackspaceaccess` (
  `id` int(11) NOT NULL AUTO_INCREMENT,
  `connectionKey` varchar(255) COLLATE utf8_unicode_ci NOT NULL,
  `token` varchar(255) COLLATE utf8_unicode_ci NOT NULL,
  `storageUrl` varchar(255) COLLATE utf8_unicode_ci NOT NULL,
  `cdnUrl` varchar(255) COLLATE utf8_unicode_ci NOT NULL,
  `dateCreated` datetime NOT NULL,
  `dateUpdated` datetime NOT NULL,
  `uid` char(36) COLLATE utf8_unicode_ci NOT NULL DEFAULT '0',
  PRIMARY KEY (`id`),
  UNIQUE KEY `craft_rackspaceaccess_connectionKey_unq_idx` (`connectionKey`)
) ENGINE=InnoDB DEFAULT CHARSET=utf8 COLLATE=utf8_unicode_ci;

--
-- Schema for table `craft_relations`
--

DROP TABLE IF EXISTS `craft_relations`;

CREATE TABLE `craft_relations` (
  `id` int(11) NOT NULL AUTO_INCREMENT,
  `fieldId` int(11) NOT NULL,
  `parentId` int(11) NOT NULL,
  `childId` int(11) NOT NULL,
  `sortOrder` tinyint(4) DEFAULT NULL,
  `dateCreated` datetime NOT NULL,
  `dateUpdated` datetime NOT NULL,
  `uid` char(36) COLLATE utf8_unicode_ci NOT NULL DEFAULT '0',
  PRIMARY KEY (`id`),
  UNIQUE KEY `craft_relations_fieldId_parentId_childId_unq_idx` (`fieldId`,`parentId`,`childId`),
  KEY `craft_relations_parentId_fk` (`parentId`),
  KEY `craft_relations_childId_fk` (`childId`)
) ENGINE=InnoDB AUTO_INCREMENT=91 DEFAULT CHARSET=utf8 COLLATE=utf8_unicode_ci;

--
-- Data for table `craft_relations`
--

BEGIN;
INSERT INTO `craft_relations` (`id`, `fieldId`, `parentId`, `childId`, `sortOrder`, `dateCreated`, `dateUpdated`, `uid`) VALUES
 ('29', '6', '25', '7', '1', '2013-10-13 11:14:44', '2013-10-13 11:14:44', '18b1b9e8-b147-4edf-8f0c-9b3ed6943653'),
 ('30', '3', '26', '27', '1', '2013-10-13 11:31:01', '2013-10-13 11:31:01', 'ab375daa-8dad-4ee0-9d24-ee6975d67e53'),
 ('31', '3', '26', '28', '2', '2013-10-13 11:31:01', '2013-10-13 11:31:01', 'ef24612a-5b9c-4a0e-9d2a-f025fbbe13b1'),
 ('32', '3', '26', '29', '3', '2013-10-13 11:31:01', '2013-10-13 11:31:01', '00c493f3-a13e-44df-ae00-e13977b46b72'),
 ('70', '12', '4', '32', '1', '2013-10-14 06:05:49', '2013-10-14 06:05:49', '54d76db3-cb31-4164-a272-327be6461809'),
 ('71', '4', '4', '32', '1', '2013-10-14 06:05:57', '2013-10-14 06:05:57', '228ae07f-7151-45a4-8705-495fe0510526'),
 ('74', '7', '39', '42', '1', '2013-10-16 03:56:31', '2013-10-16 03:56:31', '5800a8b9-070f-4b14-93ee-e584dac71ec7'),
 ('75', '3', '39', '40', '1', '2013-10-16 03:56:31', '2013-10-16 03:56:31', 'fff498c0-7991-48af-ae8e-6eed280f98e2'),
 ('76', '7', '41', '43', '1', '2013-10-16 03:57:30', '2013-10-16 03:57:30', 'ff896e72-8bef-4391-83c3-e63b55e58773'),
 ('77', '3', '41', '40', '1', '2013-10-16 03:57:30', '2013-10-16 03:57:30', '2f35d714-624b-41bc-9ca5-f3d577d2ff80'),
 ('78', '7', '32', '45', '1', '2013-10-16 04:06:17', '2013-10-16 04:06:17', '9098c71d-1750-48c6-946e-158230e9d24b'),
 ('79', '6', '32', '1', '1', '2013-10-16 04:06:17', '2013-10-16 04:06:17', '89ef8ca6-3906-4f7a-a15e-cc1510ddd2ad'),
 ('80', '3', '32', '33', '1', '2013-10-16 04:06:17', '2013-10-16 04:06:17', '4513f205-b134-4f9c-aab9-4d0329effe5c'),
 ('81', '3', '32', '34', '2', '2013-10-16 04:06:17', '2013-10-16 04:06:17', '1db6a69a-4045-4474-ab15-d35e2aab3e8e'),
 ('82', '3', '32', '35', '3', '2013-10-16 04:06:17', '2013-10-16 04:06:17', '0409014a-c6bc-41a9-a430-a6616b72bf40'),
 ('83', '7', '7', '46', '1', '2013-10-16 04:43:39', '2013-10-16 04:43:39', 'a44ef461-ddb3-44ab-ad2c-a162b457ce7c'),
 ('84', '7', '23', '47', '1', '2013-10-16 04:44:01', '2013-10-16 04:44:01', 'e0d64274-4214-42c5-82fb-d7749c795a54'),
 ('85', '12', '48', '32', '1', '2013-10-21 01:40:47', '2013-10-21 01:40:47', 'd4d0b5e8-0602-4f57-b1d6-282a1695ce88'),
 ('86', '7', '50', '49', '1', '2013-10-21 02:11:10', '2013-10-21 02:11:10', 'ec4e4c31-cc13-4d27-8f30-004bfef3c14b'),
 ('87', '7', '17', '42', '1', '2013-10-21 02:28:21', '2013-10-21 02:28:21', '06a6036e-9805-45e7-aaec-1eff45be95b5'),
 ('88', '3', '17', '18', '1', '2013-10-21 02:28:21', '2013-10-21 02:28:21', '95dfa057-22b7-4e56-a152-9d5424736b6e'),
 ('89', '7', '52', '51', '1', '2013-10-21 03:05:24', '2013-10-21 03:05:24', 'abb281d9-2e67-4410-a188-813399347758'),
 ('90', '7', '54', '53', '1', '2013-10-21 03:10:00', '2013-10-21 03:10:00', 'afa3f1c3-2c99-4e66-a51e-920e07134e3b');
COMMIT;


--
-- Schema for table `craft_routes`
--

DROP TABLE IF EXISTS `craft_routes`;

CREATE TABLE `craft_routes` (
  `id` int(11) NOT NULL AUTO_INCREMENT,
  `urlParts` varchar(255) COLLATE utf8_unicode_ci NOT NULL,
  `urlPattern` varchar(255) COLLATE utf8_unicode_ci NOT NULL,
  `template` varchar(255) COLLATE utf8_unicode_ci NOT NULL,
  `sortOrder` tinyint(4) DEFAULT NULL,
  `dateCreated` datetime NOT NULL,
  `dateUpdated` datetime NOT NULL,
  `uid` char(36) COLLATE utf8_unicode_ci NOT NULL DEFAULT '0',
  PRIMARY KEY (`id`),
  UNIQUE KEY `craft_routes_urlPattern_unq_idx` (`urlPattern`)
) ENGINE=InnoDB AUTO_INCREMENT=5 DEFAULT CHARSET=utf8 COLLATE=utf8_unicode_ci;

--
-- Data for table `craft_routes`
--

BEGIN;
INSERT INTO `craft_routes` (`id`, `urlParts`, `urlPattern`, `template`, `sortOrder`, `dateCreated`, `dateUpdated`, `uid`) VALUES
 ('1', '{\"1\":[\"*\",\"[^\\\\\\/]+\"],\"3\":\"\\/people\"}', '([^\\/]+)\\/people', '_includes/people/people', '1', '2013-10-13 08:33:49', '2013-10-16 04:41:08', '9a0face8-be9f-425c-af8e-6e8401d4f6d6'),
 ('2', '[\"user\\/\",[\"*\",\"[^\\\\\\/]+\"]]', 'user\\/([^\\/]+)', '_includes/person/person', '2', '2013-10-13 09:14:55', '2013-10-16 04:48:08', '65980d00-bd4d-4960-9300-2459ccd84d42'),
 ('4', '{\"1\":[\"*\",\"[^\\\\\\/]+\"],\"3\":\"\\/projects\"}', '([^\\/]+)\\/projects', '_includes/projects/project', '3', '2013-10-14 03:16:08', '2013-10-16 04:41:03', '782fcd4e-7935-474e-8ab9-2e66a60c1a29');
COMMIT;


--
-- Schema for table `craft_searchindex`
--

DROP TABLE IF EXISTS `craft_searchindex`;

CREATE TABLE `craft_searchindex` (
  `elementId` int(11) NOT NULL,
  `attribute` varchar(25) COLLATE utf8_unicode_ci NOT NULL,
  `fieldId` int(11) NOT NULL,
  `locale` char(12) COLLATE utf8_unicode_ci NOT NULL,
  `keywords` text COLLATE utf8_unicode_ci NOT NULL,
  PRIMARY KEY (`elementId`,`attribute`,`fieldId`,`locale`),
  FULLTEXT KEY `craft_searchindex_keywords_idx` (`keywords`)
) ENGINE=MyISAM DEFAULT CHARSET=utf8 COLLATE=utf8_unicode_ci;

--
-- Data for table `craft_searchindex`
--

BEGIN;
INSERT INTO `craft_searchindex` (`elementId`, `attribute`, `fieldId`, `locale`, `keywords`) VALUES
 ('1', 'username', '0', 'en_us', ' purplejunkie '),
 ('1', 'firstname', '0', 'en_us', ' ro '),
 ('1', 'lastname', '0', 'en_us', ' brett '),
 ('1', 'fullname', '0', 'en_us', ' ro brett '),
 ('1', 'email', '0', 'en_us', ' ro brett gmail com '),
 ('2', 'slug', '0', 'en_us', ' homepage '),
 ('2', 'title', '0', 'en_us', ' homepage '),
 ('2', 'field', '2', 'en_us', ' it s true this site doesn t have a whole lot of content yet but don t worry our web developers have just installed the cms and they re setting things up for the content editors this very moment soon localhost will be an oasis of fresh perspectives sharp analyses and astute opinions that will keep you coming back again and again '),
 ('2', 'field', '1', 'en_us', ' welcome to localhost '),
 ('2', 'field', '3', 'en_us', ''),
 ('3', 'slug', '0', 'en_us', ' we just installed craft '),
 ('3', 'title', '0', 'en_us', ' we just installed craft '),
 ('3', 'field', '2', 'en_us', ' craft is the cms that s powering localhost it s beautiful powerful flexible and easy to use and it s made by pixel tonic we can t wait to dive in and see what it s capable of this is even more captivating content which you couldn t see on the news index page because it was entered after a page break and the news index template only likes to show the content on the first page craft a nice alternative to word if you re making a website '),
 ('3', 'field', '1', 'en_us', ''),
 ('3', 'field', '3', 'en_us', ''),
 ('4', 'slug', '0', 'en_us', ' design lab featured content '),
 ('4', 'title', '0', 'en_us', ' design lab featured content '),
 ('4', 'field', '2', 'en_us', ''),
 ('4', 'field', '4', 'en_us', ' little boxes '),
 ('4', 'field', '1', 'en_us', ''),
 ('4', 'field', '3', 'en_us', ''),
 ('7', 'username', '0', 'en_us', ' alice '),
 ('7', 'firstname', '0', 'en_us', ' alice '),
 ('7', 'lastname', '0', 'en_us', ' dennan '),
 ('7', 'fullname', '0', 'en_us', ' alice dennan '),
 ('7', 'email', '0', 'en_us', ' purplejunkie com gmail com '),
 ('8', 'field', '2', 'en_us', ''),
 ('8', 'field', '4', 'en_us', ''),
 ('8', 'field', '1', 'en_us', ''),
 ('8', 'field', '3', 'en_us', ''),
 ('8', 'filename', '0', 'en_us', ' toolkits jpg '),
 ('8', 'extension', '0', 'en_us', ' jpg '),
 ('8', 'kind', '0', 'en_us', ' image '),
 ('8', 'title', '0', 'en_us', ' toolkits '),
 ('9', 'field', '2', 'en_us', ''),
 ('9', 'field', '4', 'en_us', ''),
 ('9', 'field', '1', 'en_us', ''),
 ('9', 'field', '3', 'en_us', ''),
 ('9', 'filename', '0', 'en_us', ' toolkits jpg '),
 ('9', 'extension', '0', 'en_us', ' jpg '),
 ('9', 'kind', '0', 'en_us', ' image '),
 ('9', 'title', '0', 'en_us', ' toolkits '),
 ('10', 'slug', '0', 'en_us', ' hello '),
 ('10', 'title', '0', 'en_us', ' generic project '),
 ('10', 'field', '2', 'en_us', ''),
 ('10', 'field', '4', 'en_us', ''),
 ('10', 'field', '1', 'en_us', ''),
 ('10', 'field', '3', 'en_us', ''),
 ('11', 'slug', '0', 'en_us', ' hello '),
 ('11', 'title', '0', 'en_us', ' interaction design news post '),
 ('11', 'field', '2', 'en_us', ''),
 ('11', 'field', '4', 'en_us', ''),
 ('11', 'field', '1', 'en_us', ''),
 ('11', 'field', '3', 'en_us', ''),
 ('12', 'slug', '0', 'en_us', ' generic news item '),
 ('12', 'title', '0', 'en_us', ' generic news item '),
 ('12', 'field', '2', 'en_us', ''),
 ('12', 'field', '4', 'en_us', ''),
 ('12', 'field', '1', 'en_us', ''),
 ('12', 'field', '3', 'en_us', ''),
 ('13', 'field', '2', 'en_us', ''),
 ('13', 'field', '5', 'en_us', ''),
 ('13', 'field', '4', 'en_us', ''),
 ('13', 'field', '7', 'en_us', ''),
 ('13', 'field', '1', 'en_us', ''),
 ('13', 'field', '6', 'en_us', ''),
 ('13', 'field', '3', 'en_us', ''),
 ('13', 'field', '8', 'en_us', ''),
 ('13', 'filename', '0', 'en_us', ' 1 jpg '),
 ('13', 'extension', '0', 'en_us', ' jpg '),
 ('13', 'kind', '0', 'en_us', ' image '),
 ('13', 'title', '0', 'en_us', ' 1 '),
 ('14', 'slug', '0', 'en_us', ' student recreates game of thrones '),
 ('14', 'title', '0', 'en_us', ' student recreates game of thrones '),
 ('15', 'name', '0', 'en_us', ' 3d printing '),
 ('16', 'name', '0', 'en_us', ' film '),
 ('14', 'field', '2', 'en_us', ' lorem ipsum dolor sit amet consectetur adipisicing elit at odit facere earum sed magni neque rerum quae deserunt laudantium assumenda quis maxime quas distinctio optio dolore asperiores aliquam odio quisquam nisi nam delectus excepturi unde tenetur exercitationem beatae autem praesentium quia error velit saepe modi neque officiis veritatis adipisci enim lorem ipsum dolor sit amet consectetur adipisicing elit at odit facere earum sed magni neque rerum quae deserunt laudantium assumenda quis maxime quas distinctio optio dolore asperiores aliquam odio quisquam nisi nam delectus excepturi unde tenetur exercitationem beatae autem praesentium quia error velit saepe modi neque officiis veritatis adipisci enim lorem ipsum dolor sit amet consectetur adipisicing elit at odit facere earum sed magni neque rerum quae deserunt laudantium assumenda quis maxime quas distinctio optio dolore asperiores aliquam odio quisquam nisi nam delectus excepturi unde tenetur exercitationem beatae autem praesentium quia error velit saepe modi neque officiis veritatis adipisci enim lorem ipsum dolor sit amet consectetur adipisicing elit at odit facere earum sed magni neque rerum quae deserunt laudantium assumenda quis maxime quas distinctio optio dolore asperiores aliquam odio quisquam nisi nam delectus excepturi unde tenetur exercitationem beatae autem praesentium quia error velit saepe modi neque officiis veritatis adipisci enim '),
 ('14', 'field', '5', 'en_us', ' idea '),
 ('14', 'field', '4', 'en_us', ''),
 ('14', 'field', '7', 'en_us', ' 1 '),
 ('14', 'field', '1', 'en_us', ' medical experts trying to treat illnesses like malaria heart disease and tuberculosis are turning to an unexpected population of study subjects for answers ancient mummies '),
 ('14', 'field', '6', 'en_us', ''),
 ('14', 'field', '3', 'en_us', ' 3d printing film '),
 ('14', 'field', '8', 'en_us', ''),
 ('17', 'slug', '0', 'en_us', ' interaction design item '),
 ('17', 'title', '0', 'en_us', ' making your bb10 app high resolution '),
 ('18', 'name', '0', 'en_us', ' ixd '),
 ('17', 'field', '2', 'en_us', ' some people have run into an issue with their bb10 app looking oversized when they tested on the actual device this is because the bb10 has a high pixel density ratio and web content seems to be rendered by default at a low dpi the effect is that all of the elements in your app look enlarged note that this only happens when you explicitly set the width and height css elements on the body to 768px and 1280px respectively for most people who have not set the width and height of their body or any elements it contains to a certain pixel value and have instead set them to either 100% or just let the elements fill the space this enlargement issue won t happen what will happen is that your app will render at about 160 pixels per inch the bb10 however is capable of a resolution of 356 ppi that means you are missing out on utilising the full resolution of the device and making a really great looking app the solution is to adjust the viewport meta tag slightly usually we have had an attribute called initial scale that we set to 1 0 meaning that the app is neither zoomed in or out to adjust for the higher pixel density in the bb10 we want to zoom out slightly this means setting the initial scale to about 0 446 so your viewport meta tag should now look like this meta name= viewport content= width=device width initial scale=0 446 user scalable=no you may have to adjust your html elements to suit the new resolution of your app however it will be worth the effort when you end up with a much better looking app reference how to set up the viewport for a blackberry webworks application for blackberry 10 '),
 ('17', 'field', '5', 'en_us', ' design computing '),
 ('17', 'field', '4', 'en_us', ''),
 ('17', 'field', '7', 'en_us', ' translens2 '),
 ('17', 'field', '1', 'en_us', ' some people have run into an issue with their bb10 app looking oversized when they tested on the actual device '),
 ('17', 'field', '6', 'en_us', ''),
 ('17', 'field', '3', 'en_us', ' ixd '),
 ('17', 'field', '8', 'en_us', ' interaction design '),
 ('4', 'field', '5', 'en_us', ''),
 ('4', 'field', '7', 'en_us', ''),
 ('4', 'field', '6', 'en_us', ''),
 ('4', 'field', '8', 'en_us', ''),
 ('19', 'field', '2', 'en_us', ''),
 ('19', 'field', '5', 'en_us', ''),
 ('19', 'field', '4', 'en_us', ''),
 ('19', 'field', '7', 'en_us', ''),
 ('19', 'field', '1', 'en_us', ''),
 ('19', 'field', '6', 'en_us', ''),
 ('19', 'field', '3', 'en_us', ''),
 ('19', 'field', '8', 'en_us', ''),
 ('19', 'filename', '0', 'en_us', ' 2 jpg '),
 ('19', 'extension', '0', 'en_us', ' jpg '),
 ('19', 'kind', '0', 'en_us', ' image '),
 ('19', 'title', '0', 'en_us', ' 2 '),
 ('20', 'slug', '0', 'en_us', ' design computing item '),
 ('20', 'title', '0', 'en_us', ' design computing item '),
 ('20', 'field', '2', 'en_us', ' yo yo yo '),
 ('20', 'field', '5', 'en_us', ''),
 ('20', 'field', '4', 'en_us', ''),
 ('20', 'field', '7', 'en_us', ' 2 '),
 ('20', 'field', '1', 'en_us', ' i am a design computing item '),
 ('20', 'field', '6', 'en_us', ''),
 ('20', 'field', '3', 'en_us', ' ixd '),
 ('20', 'field', '8', 'en_us', ''),
 ('7', 'field', '2', 'en_us', ''),
 ('7', 'field', '5', 'en_us', ' design computing '),
 ('7', 'field', '4', 'en_us', ''),
 ('7', 'field', '7', 'en_us', ' 3b88a1f0 st3 '),
 ('7', 'field', '1', 'en_us', ''),
 ('7', 'field', '6', 'en_us', ''),
 ('7', 'field', '3', 'en_us', ''),
 ('7', 'field', '8', 'en_us', ''),
 ('21', 'field', '2', 'en_us', ''),
 ('21', 'field', '5', 'en_us', ''),
 ('21', 'field', '4', 'en_us', ''),
 ('21', 'field', '7', 'en_us', ''),
 ('21', 'field', '1', 'en_us', ''),
 ('21', 'field', '6', 'en_us', ''),
 ('21', 'field', '3', 'en_us', ''),
 ('21', 'field', '8', 'en_us', ''),
 ('21', 'filename', '0', 'en_us', ' st1 jpg '),
 ('21', 'extension', '0', 'en_us', ' jpg '),
 ('21', 'kind', '0', 'en_us', ' image '),
 ('21', 'title', '0', 'en_us', ' st1 '),
 ('7', 'field', '9', 'en_us', ' 2014 '),
 ('22', 'field', '2', 'en_us', ''),
 ('22', 'field', '5', 'en_us', ''),
 ('22', 'field', '4', 'en_us', ''),
 ('22', 'field', '7', 'en_us', ''),
 ('22', 'field', '1', 'en_us', ''),
 ('22', 'field', '6', 'en_us', ''),
 ('22', 'field', '3', 'en_us', ''),
 ('22', 'field', '8', 'en_us', ''),
 ('22', 'field', '9', 'en_us', ''),
 ('22', 'filename', '0', 'en_us', ' translens2 jpg '),
 ('22', 'extension', '0', 'en_us', ' jpg '),
 ('22', 'kind', '0', 'en_us', ' image '),
 ('22', 'title', '0', 'en_us', ' translens2 '),
 ('17', 'field', '9', 'en_us', ''),
 ('41', 'slug', '0', 'en_us', ' hello '),
 ('4', 'field', '9', 'en_us', ''),
 ('23', 'username', '0', 'en_us', ' jany220 '),
 ('23', 'firstname', '0', 'en_us', ' jennifer '),
 ('23', 'lastname', '0', 'en_us', ' loraz '),
 ('23', 'fullname', '0', 'en_us', ' jennifer loraz '),
 ('23', 'email', '0', 'en_us', ' r r com '),
 ('24', 'field', '2', 'en_us', ''),
 ('24', 'field', '5', 'en_us', ''),
 ('24', 'field', '4', 'en_us', ''),
 ('24', 'field', '7', 'en_us', ''),
 ('24', 'field', '1', 'en_us', ''),
 ('24', 'field', '6', 'en_us', ''),
 ('24', 'field', '3', 'en_us', ''),
 ('24', 'field', '8', 'en_us', ''),
 ('24', 'field', '9', 'en_us', ''),
 ('24', 'filename', '0', 'en_us', ' st2 jpg '),
 ('24', 'extension', '0', 'en_us', ' jpg '),
 ('24', 'kind', '0', 'en_us', ' image '),
 ('24', 'title', '0', 'en_us', ' st2 '),
 ('23', 'field', '2', 'en_us', ''),
 ('23', 'field', '5', 'en_us', ' design computing '),
 ('23', 'field', '4', 'en_us', ''),
 ('23', 'field', '7', 'en_us', ' b42242d1 st2 '),
 ('23', 'field', '1', 'en_us', ''),
 ('23', 'field', '6', 'en_us', ''),
 ('23', 'field', '3', 'en_us', ''),
 ('23', 'field', '8', 'en_us', ''),
 ('23', 'field', '9', 'en_us', ' 2014 '),
 ('7', 'field', '10', 'en_us', ' lorem ipsum dolor sit amet consectetur adipisicing elit alias saepe sequi quod aliquid architecto sint quasi vero quos in voluptatibus tempora perferendis ut quaerat a eos veniam nam laboriosam vel distinctio ducimus non at rem repellendus ipsam id tenetur quae debitis repudiandae maxime reiciendis quibusdam amet consectetur dolorem iure velit sequi unde temporibus obcaecati voluptas assumenda repellendus numquam quasi iure provident dicta deserunt maiores sit placeat unde aspernatur suscipit earum aliquam laboriosam amet quod blanditiis nemo enim dolore quibusdam ratione tempore debitis nam impedit ea adipisci sunt qui totam quo numquam rem perspiciatis quos eligendi veritatis quas obcaecati vero ipsam corrupti eum reiciendis quae debitis molestiae maiores velit dolorem saepe voluptatem veniam quod nostrum est incidunt facilis ex ipsum repudiandae ducimus deserunt saepe doloribus laborum dolore iure ea eligendi et cumque molestiae fugit reprehenderit quae perspiciatis consequuntur beatae officia eum in ex possimus neque vitae cum inventore non aut vero '),
 ('23', 'field', '10', 'en_us', ' lorem ipsum dolor sit amet consectetur adipisicing elit alias saepe sequi quod aliquid architecto sint quasi vero quos in voluptatibus tempora perferendis ut quaerat a eos veniam nam laboriosam vel distinctio ducimus non at rem repellendus ipsam id tenetur quae debitis repudiandae maxime reiciendis quibusdam amet consectetur dolorem iure velit sequi unde temporibus obcaecati voluptas assumenda repellendus numquam quasi iure provident dicta deserunt maiores sit placeat unde aspernatur suscipit earum aliquam laboriosam amet quod blanditiis nemo enim dolore quibusdam ratione tempore debitis nam impedit ea adipisci sunt qui totam quo numquam rem perspiciatis quos eligendi veritatis quas obcaecati vero ipsam corrupti eum reiciendis quae debitis molestiae maiores velit dolorem saepe voluptatem veniam quod nostrum est incidunt facilis ex ipsum repudiandae ducimus deserunt saepe doloribus laborum dolore iure ea eligendi et cumque molestiae fugit reprehenderit quae perspiciatis consequuntur beatae officia eum in ex possimus neque vitae cum inventore non aut vero '),
 ('25', 'slug', '0', 'en_us', ' interaction design assignment submission '),
 ('25', 'title', '0', 'en_us', ' interaction design assignment submission '),
 ('25', 'field', '2', 'en_us', ' set '),
 ('25', 'field', '5', 'en_us', ''),
 ('25', 'field', '4', 'en_us', ''),
 ('25', 'field', '7', 'en_us', ''),
 ('25', 'field', '1', 'en_us', ' hello '),
 ('25', 'field', '6', 'en_us', ' alice dennan '),
 ('25', 'field', '3', 'en_us', ''),
 ('25', 'field', '8', 'en_us', ''),
 ('25', 'field', '10', 'en_us', ''),
 ('25', 'field', '9', 'en_us', ''),
 ('26', 'slug', '0', 'en_us', ' assignment 1 '),
 ('26', 'title', '0', 'en_us', ' assignment 1 '),
 ('27', 'name', '0', 'en_us', ' heuristic evaluation '),
 ('28', 'name', '0', 'en_us', ' usability '),
 ('29', 'name', '0', 'en_us', ' user focus '),
 ('26', 'field', '2', 'en_us', ' each group member to evaluate the mockups from task 1c using one of the following methods usability test with at least 2 users heuristic analysis with at least 2 experts using the 10 usability heuristics or the web application heuristics controlled experiment with at least 2 users to evaluate the mockups you need to print your mockupsprepare your mockups for the evaluation if necessary such as interactive elements like radio buttons pop up boxes etc prepare any additional material needed for the study such as task listsrecruit participants nb people from your class qualify as experts but not as usersadditionally you should conduct a short post evaluation interview with your users or experts to find out about their general attitude towards your application concept what things they liked about what they didn t whether they were missing any features etc the minimum requirement is to evaluate the desktop version of your application but you might want to include the mobile version as well to get early feedback from users experts on this part as well submissionindividual or group blog post describing including the following short description of methoddescription of evaluation procedure including the number of people tested and what their demographics are such as age profession etc one or more photos of your evaluation session to respect the privacy of your participants take the photos from an angle in which their face isn t visible findings what were the main results of the evaluation as well as the post evaluation interviewsuggestions for improvements to the interface based on the findingsthe blog post submission is due on thursday 13 september sunday 16 september 8pm there is no blackboard submission the next task to develop the interactive prototype is due 11 october resourcesdesign brief pdf how to conduct a heuristic evaluation10 heuristics in web applicationsnielsen s 10 usability heuristicswhy you only need to test with 5 usersd school bootcamp bootleg  pdf see pages 34 and 35ok cancel comics on usability and human computer interactionuser focus articles and resources  for further reading '),
 ('26', 'field', '5', 'en_us', ''),
 ('26', 'field', '4', 'en_us', ''),
 ('26', 'field', '7', 'en_us', ''),
 ('26', 'field', '1', 'en_us', ''),
 ('26', 'field', '11', 'en_us', ''),
 ('26', 'field', '6', 'en_us', ''),
 ('26', 'field', '3', 'en_us', ' heuristic evaluation usability user focus '),
 ('26', 'field', '8', 'en_us', ''),
 ('26', 'field', '10', 'en_us', ''),
 ('26', 'field', '9', 'en_us', ''),
 ('4', 'field', '12', 'en_us', ' little boxes '),
 ('4', 'field', '11', 'en_us', ''),
 ('4', 'field', '10', 'en_us', ''),
 ('17', 'field', '12', 'en_us', ''),
 ('17', 'field', '11', 'en_us', ''),
 ('17', 'field', '10', 'en_us', ''),
 ('30', 'field', '2', 'en_us', ''),
 ('30', 'field', '5', 'en_us', ''),
 ('30', 'field', '12', 'en_us', ''),
 ('30', 'field', '4', 'en_us', ''),
 ('30', 'field', '7', 'en_us', ''),
 ('30', 'field', '1', 'en_us', ''),
 ('30', 'field', '11', 'en_us', ''),
 ('30', 'field', '6', 'en_us', ''),
 ('30', 'field', '3', 'en_us', ''),
 ('30', 'field', '8', 'en_us', ''),
 ('30', 'field', '10', 'en_us', ''),
 ('30', 'field', '9', 'en_us', ''),
 ('30', 'filename', '0', 'en_us', ' img_4754 jpg '),
 ('30', 'extension', '0', 'en_us', ' jpg '),
 ('30', 'kind', '0', 'en_us', ' image '),
 ('30', 'title', '0', 'en_us', ' img 4754 '),
 ('1', 'field', '2', 'en_us', ''),
 ('1', 'field', '5', 'en_us', ' design computing '),
 ('1', 'field', '12', 'en_us', ''),
 ('1', 'field', '4', 'en_us', ''),
 ('1', 'field', '7', 'en_us', ' img 4754 '),
 ('1', 'field', '1', 'en_us', ''),
 ('1', 'field', '11', 'en_us', ''),
 ('1', 'field', '6', 'en_us', ''),
 ('1', 'field', '3', 'en_us', ''),
 ('1', 'field', '8', 'en_us', ''),
 ('1', 'field', '10', 'en_us', ' lorem ipsum dolor sit amet consectetur adipisicing elit alias saepe sequi quod aliquid architecto sint quasi vero quos in voluptatibus tempora perferendis ut quaerat a eos veniam nam laboriosam vel distinctio ducimus non at rem repellendus ipsam id tenetur quae debitis repudiandae maxime reiciendis quibusdam amet consectetur dolorem iure velit sequi unde temporibus obcaecati voluptas assumenda repellendus numquam quasi iure provident dicta deserunt maiores sit placeat unde aspernatur suscipit earum aliquam laboriosam amet quod blanditiis nemo enim dolore quibusdam ratione tempore debitis nam impedit ea adipisci sunt qui totam quo numquam rem perspiciatis quos eligendi veritatis quas obcaecati vero ipsam corrupti eum reiciendis quae debitis molestiae maiores velit dolorem saepe voluptatem veniam quod nostrum est incidunt facilis ex ipsum repudiandae ducimus deserunt saepe doloribus laborum dolore iure ea eligendi et cumque molestiae fugit reprehenderit quae perspiciatis consequuntur beatae officia eum in ex possimus neque vitae cum inventore non aut vero '),
 ('1', 'field', '9', 'en_us', ' 2014 '),
 ('31', 'field', '2', 'en_us', ''),
 ('31', 'field', '5', 'en_us', ''),
 ('31', 'field', '12', 'en_us', ''),
 ('31', 'field', '4', 'en_us', ''),
 ('31', 'field', '13', 'en_us', ''),
 ('31', 'field', '7', 'en_us', ''),
 ('31', 'field', '14', 'en_us', ''),
 ('31', 'field', '1', 'en_us', ''),
 ('31', 'field', '20', 'en_us', ''),
 ('31', 'field', '11', 'en_us', ''),
 ('31', 'field', '15', 'en_us', ''),
 ('31', 'field', '6', 'en_us', ''),
 ('31', 'field', '18', 'en_us', ''),
 ('31', 'field', '19', 'en_us', ''),
 ('31', 'field', '16', 'en_us', ''),
 ('31', 'field', '17', 'en_us', ''),
 ('31', 'field', '3', 'en_us', ''),
 ('31', 'field', '8', 'en_us', ''),
 ('31', 'field', '10', 'en_us', ''),
 ('31', 'field', '9', 'en_us', ''),
 ('31', 'filename', '0', 'en_us', ' littleboxes jpg '),
 ('31', 'extension', '0', 'en_us', ' jpg '),
 ('31', 'kind', '0', 'en_us', ' image '),
 ('31', 'title', '0', 'en_us', ' littleboxes '),
 ('32', 'slug', '0', 'en_us', ' little boxes '),
 ('32', 'title', '0', 'en_us', ' little boxes '),
 ('33', 'name', '0', 'en_us', ' physical computing '),
 ('34', 'name', '0', 'en_us', ' time capsules '),
 ('35', 'name', '0', 'en_us', ' social networks '),
 ('32', 'field', '2', 'en_us', ''),
 ('32', 'field', '5', 'en_us', ' design computing '),
 ('32', 'field', '12', 'en_us', ''),
 ('32', 'field', '4', 'en_us', ''),
 ('32', 'field', '13', 'en_us', ''),
 ('32', 'field', '7', 'en_us', ' 0fcdf4d0 littleboxes '),
 ('32', 'field', '14', 'en_us', ' our concept while still developing is centred around the idea of creating a room in which the user can login to and revisit both their online lives in the present or reverse the room to a time in their past the goal is to immerse the user in their present and past as seamlessly as possible while exhibiting their digital lives in an ordinary room we want to use as many online sources of personal information as we can get but realise the most ubiquitous source is more than likely facebook as it has the largest user base we want to achieve this with a combination of images audio personal information and video taken directly from facebook using a mobile to login with content both from the users profile and content relevant to when the user is choosing to view '),
 ('32', 'field', '1', 'en_us', ''),
 ('32', 'field', '20', 'en_us', ''),
 ('32', 'field', '11', 'en_us', ''),
 ('32', 'field', '15', 'en_us', ''),
 ('32', 'field', '6', 'en_us', ' ro brett '),
 ('32', 'field', '18', 'en_us', ''),
 ('32', 'field', '19', 'en_us', ' little boxes is an interactive digital time capsule that allows viewers not only to become a part of the piece directly but also to explore digital information in an interesting way various wooden boxes of different sizes shapes and designs are scattered around the space each with their own screen stored inside on entering the space visitors are prompted to do two things log into their facebook account and choose a month and year they wish to view '),
 ('32', 'field', '16', 'en_us', ''),
 ('32', 'field', '17', 'en_us', ' idea of the roomindividual boxes '),
 ('32', 'field', '3', 'en_us', ' physical computing time capsules social networks '),
 ('32', 'field', '8', 'en_us', ' interaction design '),
 ('32', 'field', '10', 'en_us', ''),
 ('32', 'field', '9', 'en_us', ''),
 ('36', 'field', '2', 'en_us', ''),
 ('36', 'field', '5', 'en_us', ''),
 ('36', 'field', '12', 'en_us', ''),
 ('36', 'field', '4', 'en_us', ''),
 ('36', 'field', '13', 'en_us', ''),
 ('36', 'field', '7', 'en_us', ''),
 ('36', 'field', '14', 'en_us', ''),
 ('36', 'field', '1', 'en_us', ''),
 ('36', 'field', '20', 'en_us', ''),
 ('36', 'field', '11', 'en_us', ''),
 ('36', 'field', '15', 'en_us', ''),
 ('36', 'field', '6', 'en_us', ''),
 ('36', 'field', '18', 'en_us', ''),
 ('36', 'field', '19', 'en_us', ''),
 ('36', 'field', '16', 'en_us', ''),
 ('36', 'field', '17', 'en_us', ''),
 ('36', 'field', '3', 'en_us', ''),
 ('36', 'field', '8', 'en_us', ''),
 ('36', 'field', '10', 'en_us', ''),
 ('36', 'field', '9', 'en_us', ''),
 ('36', 'filename', '0', 'en_us', ' boxes png '),
 ('36', 'extension', '0', 'en_us', ' png '),
 ('36', 'kind', '0', 'en_us', ' image '),
 ('36', 'title', '0', 'en_us', ' boxes '),
 ('37', 'field', '2', 'en_us', ''),
 ('37', 'field', '5', 'en_us', ''),
 ('37', 'field', '12', 'en_us', ''),
 ('37', 'field', '4', 'en_us', ''),
 ('37', 'field', '13', 'en_us', ''),
 ('37', 'field', '7', 'en_us', ''),
 ('37', 'field', '14', 'en_us', ''),
 ('37', 'field', '1', 'en_us', ''),
 ('37', 'field', '20', 'en_us', ''),
 ('37', 'field', '11', 'en_us', ''),
 ('37', 'field', '15', 'en_us', ''),
 ('37', 'field', '6', 'en_us', ''),
 ('37', 'field', '18', 'en_us', ''),
 ('37', 'field', '19', 'en_us', ''),
 ('37', 'field', '16', 'en_us', ''),
 ('37', 'field', '17', 'en_us', ''),
 ('37', 'field', '3', 'en_us', ''),
 ('37', 'field', '8', 'en_us', ''),
 ('37', 'field', '10', 'en_us', ''),
 ('37', 'field', '9', 'en_us', ''),
 ('37', 'filename', '0', 'en_us', ' room png '),
 ('37', 'extension', '0', 'en_us', ' png '),
 ('37', 'kind', '0', 'en_us', ' image '),
 ('37', 'title', '0', 'en_us', ' room '),
 ('38', 'username', '0', 'en_us', ' lecturer '),
 ('4', 'field', '13', 'en_us', ''),
 ('4', 'field', '14', 'en_us', ''),
 ('4', 'field', '20', 'en_us', ''),
 ('4', 'field', '15', 'en_us', ''),
 ('4', 'field', '18', 'en_us', ''),
 ('4', 'field', '19', 'en_us', ''),
 ('4', 'field', '16', 'en_us', ''),
 ('4', 'field', '17', 'en_us', ''),
 ('20', 'field', '12', 'en_us', ''),
 ('20', 'field', '13', 'en_us', ''),
 ('20', 'field', '14', 'en_us', ''),
 ('20', 'field', '20', 'en_us', ''),
 ('20', 'field', '11', 'en_us', ''),
 ('20', 'field', '15', 'en_us', ''),
 ('20', 'field', '18', 'en_us', ''),
 ('20', 'field', '19', 'en_us', ''),
 ('20', 'field', '16', 'en_us', ''),
 ('20', 'field', '17', 'en_us', ''),
 ('20', 'field', '10', 'en_us', ''),
 ('20', 'field', '9', 'en_us', ''),
 ('38', 'firstname', '0', 'en_us', ' johnny '),
 ('38', 'lastname', '0', 'en_us', ' wise '),
 ('38', 'fullname', '0', 'en_us', ' johnny wise '),
 ('38', 'email', '0', 'en_us', ' p p com '),
 ('1', 'field', '13', 'en_us', ''),
 ('1', 'field', '14', 'en_us', ''),
 ('1', 'field', '20', 'en_us', ''),
 ('1', 'field', '15', 'en_us', ''),
 ('1', 'field', '18', 'en_us', ''),
 ('1', 'field', '19', 'en_us', ''),
 ('1', 'field', '16', 'en_us', ''),
 ('1', 'field', '17', 'en_us', ''),
 ('39', 'slug', '0', 'en_us', ' design lab news '),
 ('39', 'title', '0', 'en_us', ' design lab news '),
 ('40', 'name', '0', 'en_us', ' news '),
 ('39', 'field', '2', 'en_us', ' hey hey hey '),
 ('39', 'field', '5', 'en_us', ''),
 ('39', 'field', '12', 'en_us', ''),
 ('39', 'field', '4', 'en_us', ''),
 ('39', 'field', '13', 'en_us', ''),
 ('39', 'field', '7', 'en_us', ' translens2 '),
 ('39', 'field', '14', 'en_us', ''),
 ('39', 'field', '1', 'en_us', ' the news you want today '),
 ('39', 'field', '20', 'en_us', ''),
 ('39', 'field', '11', 'en_us', ''),
 ('39', 'field', '15', 'en_us', ''),
 ('39', 'field', '6', 'en_us', ''),
 ('39', 'field', '18', 'en_us', ''),
 ('39', 'field', '19', 'en_us', ''),
 ('39', 'field', '16', 'en_us', ''),
 ('39', 'field', '17', 'en_us', ''),
 ('39', 'field', '3', 'en_us', ' news '),
 ('39', 'field', '8', 'en_us', ''),
 ('39', 'field', '10', 'en_us', ''),
 ('39', 'field', '9', 'en_us', ''),
 ('41', 'title', '0', 'en_us', ' this is design computing news '),
 ('41', 'field', '2', 'en_us', ' design computing news '),
 ('41', 'field', '5', 'en_us', ''),
 ('41', 'field', '12', 'en_us', ''),
 ('41', 'field', '4', 'en_us', ''),
 ('41', 'field', '13', 'en_us', ''),
 ('41', 'field', '7', 'en_us', ' dark satanic mills by peteamachree d350rz8 1 '),
 ('41', 'field', '14', 'en_us', ''),
 ('41', 'field', '1', 'en_us', ' design computing news '),
 ('41', 'field', '20', 'en_us', ''),
 ('41', 'field', '11', 'en_us', ''),
 ('41', 'field', '15', 'en_us', ''),
 ('41', 'field', '6', 'en_us', ''),
 ('41', 'field', '18', 'en_us', ''),
 ('41', 'field', '19', 'en_us', ''),
 ('41', 'field', '16', 'en_us', ''),
 ('41', 'field', '17', 'en_us', ''),
 ('41', 'field', '3', 'en_us', ' news '),
 ('41', 'field', '8', 'en_us', ''),
 ('41', 'field', '10', 'en_us', ''),
 ('41', 'field', '9', 'en_us', ''),
 ('42', 'field', '2', 'en_us', ''),
 ('42', 'field', '5', 'en_us', ''),
 ('42', 'field', '12', 'en_us', ''),
 ('42', 'field', '4', 'en_us', ''),
 ('42', 'field', '13', 'en_us', ''),
 ('42', 'field', '7', 'en_us', ''),
 ('42', 'field', '14', 'en_us', ''),
 ('42', 'field', '1', 'en_us', ''),
 ('42', 'field', '20', 'en_us', ''),
 ('42', 'field', '11', 'en_us', ''),
 ('42', 'field', '15', 'en_us', ''),
 ('42', 'field', '6', 'en_us', ''),
 ('42', 'field', '18', 'en_us', ''),
 ('42', 'field', '19', 'en_us', ''),
 ('42', 'field', '16', 'en_us', ''),
 ('42', 'field', '17', 'en_us', ''),
 ('42', 'field', '3', 'en_us', ''),
 ('42', 'field', '8', 'en_us', ''),
 ('42', 'field', '10', 'en_us', ''),
 ('42', 'field', '9', 'en_us', ''),
 ('42', 'filename', '0', 'en_us', ' translens2 jpg '),
 ('42', 'extension', '0', 'en_us', ' jpg '),
 ('42', 'kind', '0', 'en_us', ' image '),
 ('42', 'title', '0', 'en_us', ' translens2 '),
 ('43', 'field', '2', 'en_us', ''),
 ('43', 'field', '5', 'en_us', ''),
 ('43', 'field', '12', 'en_us', ''),
 ('43', 'field', '4', 'en_us', ''),
 ('43', 'field', '13', 'en_us', ''),
 ('43', 'field', '7', 'en_us', ''),
 ('43', 'field', '14', 'en_us', ''),
 ('43', 'field', '1', 'en_us', ''),
 ('43', 'field', '20', 'en_us', ''),
 ('43', 'field', '11', 'en_us', ''),
 ('43', 'field', '15', 'en_us', ''),
 ('43', 'field', '6', 'en_us', ''),
 ('43', 'field', '18', 'en_us', ''),
 ('43', 'field', '19', 'en_us', ''),
 ('43', 'field', '16', 'en_us', ''),
 ('43', 'field', '17', 'en_us', ''),
 ('43', 'field', '3', 'en_us', ''),
 ('43', 'field', '8', 'en_us', ''),
 ('43', 'field', '10', 'en_us', ''),
 ('43', 'field', '9', 'en_us', ''),
 ('43', 'filename', '0', 'en_us', ' dark_satanic_mills_by_peteamachree d350rz8__1_ jpg '),
 ('43', 'extension', '0', 'en_us', ' jpg '),
 ('43', 'kind', '0', 'en_us', ' image '),
 ('43', 'title', '0', 'en_us', ' dark satanic mills by peteamachree d350rz8 1 '),
 ('44', 'field', '2', 'en_us', ''),
 ('44', 'field', '5', 'en_us', ''),
 ('44', 'field', '12', 'en_us', ''),
 ('44', 'field', '4', 'en_us', ''),
 ('44', 'field', '13', 'en_us', ''),
 ('44', 'field', '7', 'en_us', ''),
 ('44', 'field', '14', 'en_us', ''),
 ('44', 'field', '1', 'en_us', ''),
 ('44', 'field', '20', 'en_us', ''),
 ('44', 'field', '11', 'en_us', ''),
 ('44', 'field', '15', 'en_us', ''),
 ('44', 'field', '6', 'en_us', ''),
 ('44', 'field', '18', 'en_us', ''),
 ('44', 'field', '19', 'en_us', ''),
 ('44', 'field', '16', 'en_us', ''),
 ('44', 'field', '17', 'en_us', ''),
 ('44', 'field', '3', 'en_us', ''),
 ('44', 'field', '8', 'en_us', ''),
 ('44', 'field', '10', 'en_us', ''),
 ('44', 'field', '9', 'en_us', ''),
 ('44', 'filename', '0', 'en_us', ' dsc_0072 jpg '),
 ('44', 'extension', '0', 'en_us', ' jpg '),
 ('44', 'kind', '0', 'en_us', ' image '),
 ('44', 'title', '0', 'en_us', ' dsc 0072 '),
 ('45', 'field', '2', 'en_us', ''),
 ('45', 'field', '5', 'en_us', ''),
 ('45', 'field', '12', 'en_us', ''),
 ('45', 'field', '4', 'en_us', ''),
 ('45', 'field', '13', 'en_us', ''),
 ('45', 'field', '7', 'en_us', ''),
 ('45', 'field', '14', 'en_us', ''),
 ('45', 'field', '1', 'en_us', ''),
 ('45', 'field', '20', 'en_us', ''),
 ('45', 'field', '11', 'en_us', ''),
 ('45', 'field', '15', 'en_us', ''),
 ('45', 'field', '6', 'en_us', ''),
 ('45', 'field', '18', 'en_us', ''),
 ('45', 'field', '19', 'en_us', ''),
 ('45', 'field', '16', 'en_us', ''),
 ('45', 'field', '17', 'en_us', ''),
 ('45', 'field', '3', 'en_us', ''),
 ('45', 'field', '8', 'en_us', ''),
 ('45', 'field', '10', 'en_us', ''),
 ('45', 'field', '9', 'en_us', ''),
 ('45', 'filename', '0', 'en_us', ' 0fcdf4d0 littleboxes jpg '),
 ('45', 'extension', '0', 'en_us', ' jpg '),
 ('45', 'kind', '0', 'en_us', ' image '),
 ('45', 'title', '0', 'en_us', ' 0fcdf4d0 littleboxes '),
 ('46', 'field', '2', 'en_us', ''),
 ('46', 'field', '5', 'en_us', ''),
 ('46', 'field', '12', 'en_us', ''),
 ('46', 'field', '4', 'en_us', ''),
 ('46', 'field', '13', 'en_us', ''),
 ('46', 'field', '7', 'en_us', ''),
 ('46', 'field', '14', 'en_us', ''),
 ('46', 'field', '1', 'en_us', ''),
 ('46', 'field', '20', 'en_us', ''),
 ('46', 'field', '11', 'en_us', ''),
 ('46', 'field', '15', 'en_us', ''),
 ('46', 'field', '6', 'en_us', ''),
 ('46', 'field', '18', 'en_us', ''),
 ('46', 'field', '19', 'en_us', ''),
 ('46', 'field', '16', 'en_us', ''),
 ('46', 'field', '17', 'en_us', ''),
 ('46', 'field', '3', 'en_us', ''),
 ('46', 'field', '8', 'en_us', ''),
 ('46', 'field', '10', 'en_us', ''),
 ('46', 'field', '9', 'en_us', ''),
 ('46', 'filename', '0', 'en_us', ' 3b88a1f0 st3 jpg '),
 ('46', 'extension', '0', 'en_us', ' jpg '),
 ('46', 'kind', '0', 'en_us', ' image '),
 ('46', 'title', '0', 'en_us', ' 3b88a1f0 st3 '),
 ('7', 'field', '12', 'en_us', ''),
 ('7', 'field', '13', 'en_us', ''),
 ('7', 'field', '14', 'en_us', ''),
 ('7', 'field', '20', 'en_us', ''),
 ('7', 'field', '11', 'en_us', ''),
 ('7', 'field', '15', 'en_us', ''),
 ('7', 'field', '18', 'en_us', ''),
 ('7', 'field', '19', 'en_us', ''),
 ('7', 'field', '16', 'en_us', ''),
 ('7', 'field', '17', 'en_us', ''),
 ('47', 'field', '2', 'en_us', ''),
 ('47', 'field', '5', 'en_us', ''),
 ('47', 'field', '12', 'en_us', ''),
 ('47', 'field', '4', 'en_us', ''),
 ('47', 'field', '13', 'en_us', ''),
 ('47', 'field', '7', 'en_us', ''),
 ('47', 'field', '14', 'en_us', ''),
 ('47', 'field', '1', 'en_us', ''),
 ('47', 'field', '20', 'en_us', ''),
 ('47', 'field', '11', 'en_us', ''),
 ('47', 'field', '15', 'en_us', ''),
 ('47', 'field', '6', 'en_us', ''),
 ('47', 'field', '18', 'en_us', ''),
 ('47', 'field', '19', 'en_us', ''),
 ('47', 'field', '16', 'en_us', ''),
 ('47', 'field', '17', 'en_us', ''),
 ('47', 'field', '3', 'en_us', ''),
 ('47', 'field', '8', 'en_us', ''),
 ('47', 'field', '10', 'en_us', ''),
 ('47', 'field', '9', 'en_us', ''),
 ('47', 'filename', '0', 'en_us', ' b42242d1 st2 jpg '),
 ('47', 'extension', '0', 'en_us', ' jpg '),
 ('47', 'kind', '0', 'en_us', ' image '),
 ('47', 'title', '0', 'en_us', ' b42242d1 st2 '),
 ('23', 'field', '12', 'en_us', ''),
 ('23', 'field', '13', 'en_us', ''),
 ('23', 'field', '14', 'en_us', ''),
 ('23', 'field', '20', 'en_us', ''),
 ('23', 'field', '11', 'en_us', ''),
 ('23', 'field', '15', 'en_us', ''),
 ('23', 'field', '18', 'en_us', ''),
 ('23', 'field', '19', 'en_us', ''),
 ('23', 'field', '16', 'en_us', ''),
 ('23', 'field', '17', 'en_us', ''),
 ('48', 'slug', '0', 'en_us', ' featured projects '),
 ('48', 'title', '0', 'en_us', ' featured projects '),
 ('48', 'field', '2', 'en_us', ''),
 ('48', 'field', '5', 'en_us', ''),
 ('48', 'field', '12', 'en_us', ' little boxes '),
 ('48', 'field', '4', 'en_us', ''),
 ('48', 'field', '13', 'en_us', ''),
 ('48', 'field', '7', 'en_us', ''),
 ('48', 'field', '14', 'en_us', ''),
 ('48', 'field', '1', 'en_us', ''),
 ('48', 'field', '20', 'en_us', ''),
 ('48', 'field', '11', 'en_us', ''),
 ('48', 'field', '15', 'en_us', ''),
 ('48', 'field', '6', 'en_us', ''),
 ('48', 'field', '18', 'en_us', ''),
 ('48', 'field', '19', 'en_us', ''),
 ('48', 'field', '16', 'en_us', ''),
 ('48', 'field', '17', 'en_us', ''),
 ('48', 'field', '3', 'en_us', ''),
 ('48', 'field', '8', 'en_us', ''),
 ('48', 'field', '10', 'en_us', ''),
 ('48', 'field', '9', 'en_us', ''),
 ('49', 'field', '2', 'en_us', ''),
 ('49', 'field', '5', 'en_us', ''),
 ('49', 'field', '12', 'en_us', ''),
 ('49', 'field', '4', 'en_us', ''),
 ('49', 'field', '13', 'en_us', ''),
 ('49', 'field', '7', 'en_us', ''),
 ('49', 'field', '14', 'en_us', ''),
 ('49', 'field', '1', 'en_us', ''),
 ('49', 'field', '20', 'en_us', ''),
 ('49', 'field', '11', 'en_us', ''),
 ('49', 'field', '15', 'en_us', ''),
 ('49', 'field', '6', 'en_us', ''),
 ('49', 'field', '18', 'en_us', ''),
 ('49', 'field', '19', 'en_us', ''),
 ('49', 'field', '16', 'en_us', ''),
 ('49', 'field', '17', 'en_us', ''),
 ('49', 'field', '3', 'en_us', ''),
 ('49', 'field', '8', 'en_us', ''),
 ('49', 'field', '10', 'en_us', ''),
 ('49', 'field', '9', 'en_us', ''),
 ('49', 'filename', '0', 'en_us', ' wearable_architecture jpg '),
 ('49', 'extension', '0', 'en_us', ' jpg '),
 ('49', 'kind', '0', 'en_us', ' image '),
 ('49', 'title', '0', 'en_us', ' wearable architecture '),
 ('50', 'slug', '0', 'en_us', ' digital innovation prize winners '),
 ('50', 'title', '0', 'en_us', ' digital innovation prize winners '),
 ('50', 'field', '2', 'en_us', ' the faculty of architecture design and planning is pleased to announce two of its master of architecture students have won the prize for digital innovation in the 2013 australian institute of architects student awards jonathan fernandes and james ye won lee s digital project presented the temporary structure and interior of a moveable theatre space able to be assembled and disassembled in 72 hours the theatre is designed to appear alongside sydney festival s iconic spiegeltent you can pack it away put it in a truck move it somewhere else in a different location and put it up says james it can be placed in different sites says jonathanthe design allows the theatre s sounds and lights to guide audiences movements in and around the space audiences find themselves plunged deep in the immersive environment of the theatre their model s exceptional interactive ceiling was what set them apart the ceiling can adapt depending on the type of theatre performance says jonathan if you need the theatre to be more open the ceiling could raise up if more people need to be accommodated and it could lower to create a more intimate space entrants from three other universities offering architecture in nsw were in the running for the digital innovation prize this achievement for faculty of architecture design and planning students jonathan and james is great exposure says jonathan the faculty of architecture design and planning congratulates james and jonathan on their outstanding success '),
 ('50', 'field', '5', 'en_us', ''),
 ('50', 'field', '12', 'en_us', ''),
 ('50', 'field', '4', 'en_us', ''),
 ('50', 'field', '13', 'en_us', ''),
 ('50', 'field', '7', 'en_us', ' wearable architecture '),
 ('50', 'field', '14', 'en_us', ''),
 ('50', 'field', '1', 'en_us', ' faculty students awarded prize for digital innovation '),
 ('50', 'field', '20', 'en_us', ''),
 ('50', 'field', '11', 'en_us', ''),
 ('50', 'field', '15', 'en_us', ''),
 ('50', 'field', '6', 'en_us', ''),
 ('50', 'field', '18', 'en_us', ''),
 ('50', 'field', '19', 'en_us', ''),
 ('50', 'field', '16', 'en_us', ''),
 ('50', 'field', '17', 'en_us', ''),
 ('50', 'field', '3', 'en_us', ''),
 ('50', 'field', '8', 'en_us', ''),
 ('50', 'field', '10', 'en_us', ''),
 ('50', 'field', '9', 'en_us', ''),
 ('17', 'field', '13', 'en_us', ''),
 ('17', 'field', '14', 'en_us', ''),
 ('17', 'field', '20', 'en_us', ''),
 ('17', 'field', '15', 'en_us', ''),
 ('17', 'field', '18', 'en_us', ''),
 ('17', 'field', '19', 'en_us', ''),
 ('17', 'field', '16', 'en_us', ''),
 ('17', 'field', '17', 'en_us', ''),
 ('51', 'field', '2', 'en_us', ''),
 ('51', 'field', '5', 'en_us', ''),
 ('51', 'field', '12', 'en_us', ''),
 ('51', 'field', '4', 'en_us', ''),
 ('51', 'field', '13', 'en_us', ''),
 ('51', 'field', '7', 'en_us', ''),
 ('51', 'field', '14', 'en_us', ''),
 ('51', 'field', '1', 'en_us', ''),
 ('51', 'field', '20', 'en_us', ''),
 ('51', 'field', '11', 'en_us', ''),
 ('51', 'field', '15', 'en_us', ''),
 ('51', 'field', '6', 'en_us', ''),
 ('51', 'field', '18', 'en_us', ''),
 ('51', 'field', '19', 'en_us', ''),
 ('51', 'field', '16', 'en_us', ''),
 ('51', 'field', '17', 'en_us', ''),
 ('51', 'field', '3', 'en_us', ''),
 ('51', 'field', '8', 'en_us', ''),
 ('51', 'field', '10', 'en_us', ''),
 ('51', 'field', '9', 'en_us', ''),
 ('51', 'filename', '0', 'en_us', ' ecologiesbanner jpg '),
 ('51', 'extension', '0', 'en_us', ' jpg '),
 ('51', 'kind', '0', 'en_us', ' image '),
 ('51', 'title', '0', 'en_us', ' ecologiesbanner '),
 ('52', 'slug', '0', 'en_us', ' ecologies of invention '),
 ('52', 'title', '0', 'en_us', ' ecologies of invention '),
 ('52', 'field', '2', 'en_us', ' imagine the walls of a building letting in and circulating air not the windows the walls this is what architect doris kim sung has achieved in her work through the use of thermo biometals metals that curl and shift in response to sunlight and the weather in the construction of buildings with a background in biology doris based the idea of a breathing wall on the unique way in which a grasshopper takes in air through its sides and uses the air to cool its body you can find more information about doris kim sung and her designs through the ted website blog tedx com post 64111337047 what if building materials were more like skin what kind of person thinks to make this creative connection from a grasshopper to a building material how can people across various disciplines be encouraged and trained to make connections such as these to work more inventively traditionally invention has been seen as isolated to the realm of scientific discovery but are artists designers and musicians also inventors the contributors to ecologies of invention ed andy dong john conomos and brad buckley attempt to answer these questions and ask and answer even more ecologies of invention is the first collection of essays that brings together writers and scholars of international standing from the university of sydney and beyond to examine the assumptions underlying notions of inventiveness in doing so an important distinction is made between inventiveness and creativity significantly the contributors look at origins approaches and attitudes towards inventiveness across the disciplines including art architecture design history engineering science law and economics as marc newson designer of the famous lockheed lounge points out in the foreword ecologies of invention makes an important contribution to our understanding of that light bulb moment of realisation or invention that takes place across all disciplines as well as sharing similarities across disciplines the contributors demonstrate how invention on all different scales from personal capacities to the social spatial and network configurations share similar processes and production edited by andy dong professor and arc future fellow at the university of sydney and holder of the warren centre chair for engineering innovation brad buckley artist activist urbanist and professor of contemporary art and culture at sydney college of the arts and john conomos artist critic and theorist at sydney college of the arts the concept of invention as explored in ecologies of invention moves beyond the individual chapters and contributions by faculty of architecture academics lian loke dagmar reinhardt chris smith and rob saunders to the design of the book itself the book poses new questions for scholars artists architects designers historians engineers scientists lawyers and economists about the nature origins and processes of invention if you would like more information about the book editors or contributors please contact sydney university press at sup info sydney edu au '),
 ('52', 'field', '5', 'en_us', ''),
 ('52', 'field', '12', 'en_us', ''),
 ('52', 'field', '4', 'en_us', ''),
 ('52', 'field', '13', 'en_us', ''),
 ('52', 'field', '7', 'en_us', ' ecologiesbanner '),
 ('52', 'field', '14', 'en_us', ''),
 ('52', 'field', '1', 'en_us', ' ecologies of invention is the first collection of essays that brings together writers and scholars of international standing from the university of sydney and beyond to examine the assumptions underlying notions of inventiveness '),
 ('52', 'field', '20', 'en_us', ''),
 ('52', 'field', '11', 'en_us', ''),
 ('52', 'field', '15', 'en_us', ''),
 ('52', 'field', '6', 'en_us', ''),
 ('52', 'field', '18', 'en_us', ''),
 ('52', 'field', '19', 'en_us', ''),
 ('52', 'field', '16', 'en_us', ''),
 ('52', 'field', '17', 'en_us', ''),
 ('52', 'field', '3', 'en_us', ''),
 ('52', 'field', '8', 'en_us', ''),
 ('52', 'field', '10', 'en_us', ''),
 ('52', 'field', '9', 'en_us', ''),
 ('53', 'field', '2', 'en_us', ''),
 ('53', 'field', '5', 'en_us', ''),
 ('53', 'field', '12', 'en_us', ''),
 ('53', 'field', '4', 'en_us', ''),
 ('53', 'field', '13', 'en_us', ''),
 ('53', 'field', '7', 'en_us', ''),
 ('53', 'field', '14', 'en_us', ''),
 ('53', 'field', '1', 'en_us', ''),
 ('53', 'field', '20', 'en_us', ''),
 ('53', 'field', '11', 'en_us', ''),
 ('53', 'field', '15', 'en_us', ''),
 ('53', 'field', '6', 'en_us', ''),
 ('53', 'field', '18', 'en_us', ''),
 ('53', 'field', '19', 'en_us', ''),
 ('53', 'field', '16', 'en_us', ''),
 ('53', 'field', '17', 'en_us', ''),
 ('53', 'field', '3', 'en_us', ''),
 ('53', 'field', '8', 'en_us', ''),
 ('53', 'field', '10', 'en_us', ''),
 ('53', 'field', '9', 'en_us', ''),
 ('53', 'filename', '0', 'en_us', ' shop_2 06_crowd 3 jpg '),
 ('53', 'extension', '0', 'en_us', ' jpg '),
 ('53', 'kind', '0', 'en_us', ' image '),
 ('53', 'title', '0', 'en_us', ' shop 2 06 crowd 3 '),
 ('54', 'slug', '0', 'en_us', ' design lab research presented at ozchi conference '),
 ('54', 'title', '0', 'en_us', ' design lab research presented at ozchi conference '),
 ('54', 'field', '2', 'en_us', ' cutting edge research in human computer interaction is the topic of discussion at the annual ozchi conference in melbourne this year ozchi brings together researchers from across australia to build networks find collaborators and stay abreast of the latest knowledge of the way humans interact with computers design lab lecturer and program director of the university s master of interaction design and electronic arts idea lian loke says that ozchi is one of the best ways to present research and gain inspiration from others works the conference does the equivalent of research speed dating it gets everyone acquainted with everyone else s research loke said we have also been constructing research trees that show the relationships between areas of research understanding these degrees of separation between active research projects lets us easily see where the field is headed yesterday loke and uts collaborator professor toni robertson ran a workshop the body in design the workshop involved designing for bodily experience and understanding bodily engagement in the design process design lab phd candidate ingrid pohl will present today a short paper engaging the sense of touch in interactive architecture the paper explores the ideas manifest in her prototype sensitive surfaces on display at the design lab s end of year festival organised cacophony idea research student claudia nunez pacheco has also presented a poster eloquent robes that explains the work currently exhibited at organised cacophony '),
 ('54', 'field', '5', 'en_us', ''),
 ('54', 'field', '12', 'en_us', ''),
 ('54', 'field', '4', 'en_us', ''),
 ('54', 'field', '13', 'en_us', ''),
 ('54', 'field', '7', 'en_us', ' shop 2 06 crowd 3 '),
 ('54', 'field', '14', 'en_us', ''),
 ('54', 'field', '1', 'en_us', ' ​cutting edge research in human computer interaction is the topic of discussion at the annual ozchi conference in melbourne this year '),
 ('54', 'field', '20', 'en_us', ''),
 ('54', 'field', '11', 'en_us', ''),
 ('54', 'field', '15', 'en_us', ''),
 ('54', 'field', '6', 'en_us', ''),
 ('54', 'field', '18', 'en_us', ''),
 ('54', 'field', '19', 'en_us', ''),
 ('54', 'field', '16', 'en_us', ''),
 ('54', 'field', '17', 'en_us', ''),
 ('54', 'field', '3', 'en_us', ''),
 ('54', 'field', '8', 'en_us', ''),
 ('54', 'field', '10', 'en_us', ''),
 ('54', 'field', '9', 'en_us', ''),
 ('55', 'slug', '0', 'en_us', ' schedule 2012 '),
 ('55', 'title', '0', 'en_us', ' schedule 2012 '),
 ('55', 'field', '2', 'en_us', ''),
 ('55', 'field', '5', 'en_us', ''),
 ('55', 'field', '12', 'en_us', ''),
 ('55', 'field', '4', 'en_us', ''),
 ('55', 'field', '13', 'en_us', ''),
 ('55', 'field', '7', 'en_us', ''),
 ('55', 'field', '14', 'en_us', ''),
 ('55', 'field', '1', 'en_us', ''),
 ('55', 'field', '20', 'en_us', ''),
 ('55', 'field', '11', 'en_us', ''),
 ('55', 'field', '15', 'en_us', ''),
 ('55', 'field', '6', 'en_us', ''),
 ('55', 'field', '18', 'en_us', ''),
 ('55', 'field', '19', 'en_us', ''),
 ('55', 'field', '16', 'en_us', ''),
 ('55', 'field', '21', 'en_us', ' 1 3 aug introduction '),
 ('55', 'field', '17', 'en_us', ''),
 ('55', 'field', '3', 'en_us', ''),
 ('55', 'field', '8', 'en_us', ''),
 ('55', 'field', '10', 'en_us', ''),
 ('55', 'field', '9', 'en_us', '');
COMMIT;


--
-- Schema for table `craft_sections`
--

DROP TABLE IF EXISTS `craft_sections`;

CREATE TABLE `craft_sections` (
  `id` int(11) NOT NULL AUTO_INCREMENT,
  `name` varchar(255) COLLATE utf8_unicode_ci NOT NULL,
  `handle` varchar(255) COLLATE utf8_unicode_ci NOT NULL,
  `type` enum('single','channel','structure') COLLATE utf8_unicode_ci NOT NULL DEFAULT 'channel',
  `hasUrls` tinyint(1) unsigned NOT NULL DEFAULT '1',
  `template` varchar(500) COLLATE utf8_unicode_ci DEFAULT NULL,
  `maxDepth` int(10) unsigned DEFAULT NULL,
  `dateCreated` datetime NOT NULL,
  `dateUpdated` datetime NOT NULL,
  `uid` char(36) COLLATE utf8_unicode_ci NOT NULL DEFAULT '0',
  PRIMARY KEY (`id`),
  UNIQUE KEY `craft_sections_name_unq_idx` (`name`),
  UNIQUE KEY `craft_sections_handle_unq_idx` (`handle`)
) ENGINE=InnoDB AUTO_INCREMENT=12 DEFAULT CHARSET=utf8 COLLATE=utf8_unicode_ci;

--
-- Data for table `craft_sections`
--

BEGIN;
INSERT INTO `craft_sections` (`id`, `name`, `handle`, `type`, `hasUrls`, `template`, `maxDepth`, `dateCreated`, `dateUpdated`, `uid`) VALUES
 ('1', 'Homepage', 'homepage', 'single', '1', 'index', NULL, '2013-10-11 04:49:09', '2013-10-11 04:49:09', '929164db-06c3-4091-88c2-87c16667c19b'),
 ('3', 'Design Lab', 'designLab', 'channel', '1', 'design-lab/_entry.html', NULL, '2013-10-13 05:12:40', '2013-10-14 05:59:24', '702f41fe-d249-43f6-8ad7-0e70bd2213ce'),
 ('7', 'Project', 'project', 'channel', '1', 'project/_entry', NULL, '2013-10-13 05:29:59', '2013-10-14 04:21:29', 'a68e00d8-4ee6-480f-9246-b85d9faaef8b'),
 ('9', 'Interaction Design', 'interactionDesign', 'channel', '1', 'interaction-design/_entry', NULL, '2013-10-13 06:10:46', '2013-10-21 02:24:43', '011627bb-5b1b-4aa2-a919-a224b6efe748'),
 ('10', 'Interaction Design Admin', 'interactionDesignAdmin', 'channel', '1', 'interaction-design/_entry', NULL, '2013-10-13 06:22:43', '2013-10-21 03:46:32', '6a5acd4d-1f14-4935-8084-b804cef8ee8f'),
 ('11', 'Design Computing', 'designComputing', 'channel', '1', 'design-computing/_entry', NULL, '2013-10-13 12:06:40', '2013-10-14 07:30:49', '558ebd2a-1073-4456-ae65-5300e6e5714e');
COMMIT;


--
-- Schema for table `craft_sections_i18n`
--

DROP TABLE IF EXISTS `craft_sections_i18n`;

CREATE TABLE `craft_sections_i18n` (
  `id` int(11) NOT NULL AUTO_INCREMENT,
  `sectionId` int(11) NOT NULL,
  `locale` char(12) COLLATE utf8_unicode_ci NOT NULL,
  `urlFormat` varchar(255) COLLATE utf8_unicode_ci DEFAULT NULL,
  `nestedUrlFormat` varchar(255) COLLATE utf8_unicode_ci DEFAULT NULL,
  `dateCreated` datetime NOT NULL,
  `dateUpdated` datetime NOT NULL,
  `uid` char(36) COLLATE utf8_unicode_ci NOT NULL DEFAULT '0',
  PRIMARY KEY (`id`),
  UNIQUE KEY `craft_sections_i18n_sectionId_locale_unq_idx` (`sectionId`,`locale`),
  KEY `craft_sections_i18n_locale_fk` (`locale`)
) ENGINE=InnoDB AUTO_INCREMENT=12 DEFAULT CHARSET=utf8 COLLATE=utf8_unicode_ci;

--
-- Data for table `craft_sections_i18n`
--

BEGIN;
INSERT INTO `craft_sections_i18n` (`id`, `sectionId`, `locale`, `urlFormat`, `nestedUrlFormat`, `dateCreated`, `dateUpdated`, `uid`) VALUES
 ('1', '1', 'en_us', '__home__', NULL, '2013-10-11 04:49:09', '2013-10-11 04:49:09', '2279433f-670a-45cb-915c-73072ae45d76'),
 ('3', '3', 'en_us', 'design-lab/{postDate.year}/{slug}', NULL, '2013-10-13 05:12:40', '2013-10-14 05:59:24', '5e6ada3a-8acc-4ed6-9ed6-a863329078fe'),
 ('7', '7', 'en_us', 'project/{postDate.year}/{slug}', NULL, '2013-10-13 05:29:59', '2013-10-14 04:21:30', '08a7236e-642d-4f41-80be-967f95757dee'),
 ('9', '9', 'en_us', 'interaction-design/{type}/{slug}', NULL, '2013-10-13 06:10:46', '2013-10-13 06:10:46', 'f10e6920-11b3-4f9c-811e-ac312d4ef4a2'),
 ('10', '10', 'en_us', 'interaction-design/{type}/{slug}', NULL, '2013-10-13 06:22:43', '2013-10-13 12:28:48', '22ac6f66-c6f3-4c99-aa55-aad03b4337da'),
 ('11', '11', 'en_us', 'design-computing/{postDate.year}/{slug}', NULL, '2013-10-13 12:06:40', '2013-10-14 06:13:45', '78c8ff46-4ca8-408e-81fc-ac7c55673413');
COMMIT;


--
-- Schema for table `craft_sessions`
--

DROP TABLE IF EXISTS `craft_sessions`;

CREATE TABLE `craft_sessions` (
  `id` int(11) NOT NULL AUTO_INCREMENT,
  `userId` int(11) NOT NULL,
  `token` char(100) COLLATE utf8_unicode_ci NOT NULL,
  `dateCreated` datetime NOT NULL,
  `dateUpdated` datetime NOT NULL,
  `uid` char(36) COLLATE utf8_unicode_ci NOT NULL DEFAULT '0',
  PRIMARY KEY (`id`),
  KEY `craft_sessions_uid_idx` (`uid`),
  KEY `craft_sessions_token_idx` (`token`),
  KEY `craft_sessions_dateUpdated_idx` (`dateUpdated`),
  KEY `craft_sessions_userId_fk` (`userId`)
) ENGINE=InnoDB AUTO_INCREMENT=11 DEFAULT CHARSET=utf8 COLLATE=utf8_unicode_ci;

--
-- Data for table `craft_sessions`
--

BEGIN;
INSERT INTO `craft_sessions` (`id`, `userId`, `token`, `dateCreated`, `dateUpdated`, `uid`) VALUES
 ('1', '1', 'dbbe7158831b197b1d9ac5df90911b652cfebce2czozNjoiMjg5YTVlNWUtNGQyOC00ZDE5LTgwYWQtNTkyY2IzOWVlY2QyIjs=', '2013-10-11 04:49:09', '2013-10-11 04:49:09', 'fa48489f-f26b-4ff2-ac3b-110ba64e1774'),
 ('2', '1', '59fd35ffa0f1ad444b4a7ca025607b9b24373ccdczozNjoiNWIyMjdiMDAtZTEwOC00ZWEwLWEyNzAtYTVmODZlODQ2NzFlIjs=', '2013-10-11 05:02:09', '2013-10-11 05:02:09', 'c4369baf-41e2-45f6-a0f6-89b43b7a886f'),
 ('3', '1', 'a06c8f2cebf254d68c032016c20bd549a1e84244czozNjoiYmI3ZjZlOTctZWM0OS00MGFlLWE3MDUtYjBjNzcxMzgwNDc5Ijs=', '2013-10-13 04:27:59', '2013-10-13 04:27:59', '35d34dc4-7da0-4d9d-81a7-c6ffc12cb656'),
 ('4', '7', '03f873ed4c311cbd2cc9cc43c37540a3528a71f8czozNjoiM2E3ZmIyMmEtOWQzMS00ZGZkLTgyYjEtOWI1OGM2OTViYWYzIjs=', '2013-10-13 05:50:21', '2013-10-13 05:50:21', '823bde54-191e-4c78-9b35-534d4bc7c26e'),
 ('5', '1', '73133137855614deda19b94126c5b48db6f02854czozNjoiYmQ5Y2NkODctNjE2OC00YTgzLWJjYzAtY2E0YjcwNjZlZGQ4Ijs=', '2013-10-14 01:45:02', '2013-10-14 01:45:02', '0bb9312e-2d13-4548-a72a-8c7bca9d0e85'),
 ('6', '38', '2e29d5d2c4fac6cc920f2a564c6e7e3f19458669czozNjoiYWRmOTdjNzUtZGU0ZC00NzBkLThjNWEtNzI3MTdiNTZjZDI3Ijs=', '2013-10-14 04:47:50', '2013-10-14 04:47:50', 'f8b49c92-753a-427d-9651-908f5c0dcc4f'),
 ('7', '1', '12954e2b6e78ed21cfdb21f2e5a3e33e4569f8b2czozNjoiODg2YThlMzktNjVkYy00YjIxLThmN2EtZjQzZTFmMTJhMWJlIjs=', '2013-10-14 08:56:19', '2013-10-14 08:56:19', '4e24b32d-82b0-4f9c-8359-e2085dec2be8'),
 ('8', '1', 'dde991827a34c8733e4e0e0bece0f1f3835a8df3czozNjoiZTAyMWUyMmYtYjgxYi00NzM2LWFkNjEtNGU5ZTE4N2UyZmY1Ijs=', '2013-10-15 02:19:52', '2013-10-15 02:19:52', '1cff6f52-4ed3-429d-b2a9-73e14451f51e'),
 ('9', '1', 'aefda508c5692bd675e958800d094d0dc6376418czozNjoiMDVjMmQ1Y2EtYmYxMy00MWQ0LWJjNjktNmQwZjRlYmIwZGFhIjs=', '2013-10-16 03:27:35', '2013-10-16 03:27:35', 'cba2a2a3-bc6d-4442-8c89-2bcc4f1eebe5'),
 ('10', '1', '3140eae9f9362abab3493821a6ec599838dbbc8dczozNjoiNWFjNDA2MDEtOTIxYy00YzgzLTgwMDktZGZkMDJiOTA4YjlkIjs=', '2013-10-21 00:01:51', '2013-10-21 00:01:51', 'a9b8a365-e18c-4610-8743-6efc44a931e9');
COMMIT;


--
-- Schema for table `craft_shunnedmessages`
--

DROP TABLE IF EXISTS `craft_shunnedmessages`;

CREATE TABLE `craft_shunnedmessages` (
  `id` int(11) NOT NULL AUTO_INCREMENT,
  `userId` int(11) NOT NULL,
  `message` varchar(255) COLLATE utf8_unicode_ci NOT NULL,
  `expiryDate` datetime DEFAULT NULL,
  `dateCreated` datetime NOT NULL,
  `dateUpdated` datetime NOT NULL,
  `uid` char(36) COLLATE utf8_unicode_ci NOT NULL DEFAULT '0',
  PRIMARY KEY (`id`),
  UNIQUE KEY `craft_shunnedmessages_userId_message_unq_idx` (`userId`,`message`)
) ENGINE=InnoDB DEFAULT CHARSET=utf8 COLLATE=utf8_unicode_ci;

--
-- Schema for table `craft_systemsettings`
--

DROP TABLE IF EXISTS `craft_systemsettings`;

CREATE TABLE `craft_systemsettings` (
  `id` int(11) NOT NULL AUTO_INCREMENT,
  `category` varchar(15) COLLATE utf8_unicode_ci NOT NULL,
  `settings` text COLLATE utf8_unicode_ci,
  `dateCreated` datetime NOT NULL,
  `dateUpdated` datetime NOT NULL,
  `uid` char(36) COLLATE utf8_unicode_ci NOT NULL DEFAULT '0',
  PRIMARY KEY (`id`),
  UNIQUE KEY `craft_systemsettings_category_unq_idx` (`category`)
) ENGINE=InnoDB AUTO_INCREMENT=2 DEFAULT CHARSET=utf8 COLLATE=utf8_unicode_ci;

--
-- Data for table `craft_systemsettings`
--

BEGIN;
INSERT INTO `craft_systemsettings` (`id`, `category`, `settings`, `dateCreated`, `dateUpdated`, `uid`) VALUES
 ('1', 'email', '{\"protocol\":\"php\",\"emailAddress\":\"ro.brett@gmail.com\",\"senderName\":\"Design Lab\"}', '2013-10-11 04:49:09', '2013-10-11 04:49:09', 'bd677c33-ae16-4094-861a-c60c114f23f1');
COMMIT;


--
-- Schema for table `craft_tags`
--

DROP TABLE IF EXISTS `craft_tags`;

CREATE TABLE `craft_tags` (
  `id` int(11) NOT NULL,
  `setId` int(11) NOT NULL,
  `name` varchar(255) COLLATE utf8_unicode_ci NOT NULL,
  `dateCreated` datetime NOT NULL,
  `dateUpdated` datetime NOT NULL,
  `uid` char(36) COLLATE utf8_unicode_ci NOT NULL DEFAULT '0',
  PRIMARY KEY (`id`),
  UNIQUE KEY `craft_tags_setId_name_unq_idx` (`setId`,`name`)
) ENGINE=InnoDB DEFAULT CHARSET=utf8 COLLATE=utf8_unicode_ci;

--
-- Data for table `craft_tags`
--

BEGIN;
INSERT INTO `craft_tags` (`id`, `setId`, `name`, `dateCreated`, `dateUpdated`, `uid`) VALUES
 ('15', '1', '3d Printing', '2013-10-13 07:03:40', '2013-10-13 07:03:40', 'fba2fb06-11ca-4251-beba-cebd48d72f5e'),
 ('16', '1', 'Film', '2013-10-13 07:03:40', '2013-10-13 07:03:40', '4128fb3d-1cc4-43a6-a8ab-2ac14d66aa2b'),
 ('18', '1', 'iXD', '2013-10-13 07:50:28', '2013-10-13 07:50:28', '11735846-1007-466c-b40d-81d37bbbb38e'),
 ('27', '1', 'Heuristic Evaluation', '2013-10-13 11:31:01', '2013-10-13 11:31:01', '2c163753-02f3-4885-af93-e87c9525bdf0'),
 ('28', '1', 'Usability', '2013-10-13 11:31:01', '2013-10-13 11:31:01', '6bb1f555-f90b-42ba-89c8-705f37f3485f'),
 ('29', '1', 'User Focus', '2013-10-13 11:31:01', '2013-10-13 11:31:01', 'fde3394e-c390-4b2c-8df5-bcddc7cd2677'),
 ('33', '1', 'Physical Computing', '2013-10-14 02:42:43', '2013-10-14 02:42:43', 'de4a271d-9133-4163-ac3d-1f35bcbe1c3a'),
 ('34', '1', 'Time Capsules', '2013-10-14 02:42:43', '2013-10-14 02:42:43', '0e2db079-334c-4ba5-b681-8f8e27b9063e'),
 ('35', '1', 'Social Networks', '2013-10-14 02:42:43', '2013-10-14 02:42:43', '49035687-e7e4-4ec1-89de-50d3ebf4c732'),
 ('40', '1', 'news', '2013-10-14 06:04:38', '2013-10-14 06:04:38', 'fb169af1-61c1-491d-9316-5772424b85db');
COMMIT;


--
-- Schema for table `craft_tagsets`
--

DROP TABLE IF EXISTS `craft_tagsets`;

CREATE TABLE `craft_tagsets` (
  `id` int(11) NOT NULL AUTO_INCREMENT,
  `name` varchar(255) COLLATE utf8_unicode_ci NOT NULL,
  `handle` varchar(255) COLLATE utf8_unicode_ci NOT NULL,
  `fieldLayoutId` int(10) DEFAULT NULL,
  `dateCreated` datetime NOT NULL,
  `dateUpdated` datetime NOT NULL,
  `uid` char(36) COLLATE utf8_unicode_ci NOT NULL DEFAULT '0',
  PRIMARY KEY (`id`),
  UNIQUE KEY `craft_tagsets_name_unq_idx` (`name`),
  UNIQUE KEY `craft_tagsets_handle_unq_idx` (`handle`),
  KEY `craft_tagsets_fieldLayoutId_fk` (`fieldLayoutId`)
) ENGINE=InnoDB AUTO_INCREMENT=2 DEFAULT CHARSET=utf8 COLLATE=utf8_unicode_ci;

--
-- Data for table `craft_tagsets`
--

BEGIN;
INSERT INTO `craft_tagsets` (`id`, `name`, `handle`, `fieldLayoutId`, `dateCreated`, `dateUpdated`, `uid`) VALUES
 ('1', 'Default', 'default', '1', '2013-10-11 04:49:09', '2013-10-11 04:49:09', '2ec26b48-61d9-4853-a0ce-ad18f031e4bc');
COMMIT;


--
-- Schema for table `craft_usergroups`
--

DROP TABLE IF EXISTS `craft_usergroups`;

CREATE TABLE `craft_usergroups` (
  `id` int(11) NOT NULL AUTO_INCREMENT,
  `name` varchar(255) COLLATE utf8_unicode_ci NOT NULL,
  `handle` varchar(255) COLLATE utf8_unicode_ci NOT NULL,
  `dateCreated` datetime NOT NULL,
  `dateUpdated` datetime NOT NULL,
  `uid` char(36) COLLATE utf8_unicode_ci NOT NULL DEFAULT '0',
  PRIMARY KEY (`id`)
) ENGINE=InnoDB AUTO_INCREMENT=4 DEFAULT CHARSET=utf8 COLLATE=utf8_unicode_ci;

--
-- Data for table `craft_usergroups`
--

BEGIN;
INSERT INTO `craft_usergroups` (`id`, `name`, `handle`, `dateCreated`, `dateUpdated`, `uid`) VALUES
 ('1', 'Design Computing 2012', 'designComputing2012', '2013-10-13 05:37:24', '2013-10-13 06:25:49', 'c72dd060-9e38-402f-afc1-7eea4620055f'),
 ('2', 'Interaction Design', 'interactionDesign', '2013-10-13 11:35:35', '2013-10-13 11:35:35', 'e456e9e0-d3bf-41ae-ad09-91e6920f3306'),
 ('3', 'Interaction Design Admin', 'interactionDesignAdmin', '2013-10-14 04:46:23', '2013-10-14 04:46:23', 'baa53af4-977d-49da-be9f-660b5082aac7');
COMMIT;


--
-- Schema for table `craft_usergroups_users`
--

DROP TABLE IF EXISTS `craft_usergroups_users`;

CREATE TABLE `craft_usergroups_users` (
  `id` int(11) NOT NULL AUTO_INCREMENT,
  `groupId` int(11) NOT NULL,
  `userId` int(11) NOT NULL,
  `dateCreated` datetime NOT NULL,
  `dateUpdated` datetime NOT NULL,
  `uid` char(36) COLLATE utf8_unicode_ci NOT NULL DEFAULT '0',
  PRIMARY KEY (`id`),
  UNIQUE KEY `craft_usergroups_users_groupId_userId_unq_idx` (`groupId`,`userId`),
  KEY `craft_usergroups_users_userId_fk` (`userId`)
) ENGINE=InnoDB AUTO_INCREMENT=6 DEFAULT CHARSET=utf8 COLLATE=utf8_unicode_ci;

--
-- Data for table `craft_usergroups_users`
--

BEGIN;
INSERT INTO `craft_usergroups_users` (`id`, `groupId`, `userId`, `dateCreated`, `dateUpdated`, `uid`) VALUES
 ('1', '1', '7', '2013-10-13 05:50:05', '2013-10-13 05:50:05', '149b7e78-1c01-49b4-bfb3-1fcb62263f4f'),
 ('3', '1', '23', '2013-10-13 11:35:55', '2013-10-13 11:35:55', '65ff10d5-39b5-475b-b8ee-3f5999ef6674'),
 ('4', '2', '23', '2013-10-13 11:35:55', '2013-10-13 11:35:55', '548801bf-3865-4b26-a1a2-a557c2ed11b0'),
 ('5', '3', '38', '2013-10-14 04:47:44', '2013-10-14 04:47:44', '711d274a-1c38-408b-8885-078549bf94b4');
COMMIT;


--
-- Schema for table `craft_userpermissions`
--

DROP TABLE IF EXISTS `craft_userpermissions`;

CREATE TABLE `craft_userpermissions` (
  `id` int(11) NOT NULL AUTO_INCREMENT,
  `name` varchar(255) COLLATE utf8_unicode_ci NOT NULL,
  `dateCreated` datetime NOT NULL,
  `dateUpdated` datetime NOT NULL,
  `uid` char(36) COLLATE utf8_unicode_ci NOT NULL DEFAULT '0',
  PRIMARY KEY (`id`),
  UNIQUE KEY `craft_userpermissions_name_unq_idx` (`name`)
) ENGINE=InnoDB AUTO_INCREMENT=18 DEFAULT CHARSET=utf8 COLLATE=utf8_unicode_ci;

--
-- Data for table `craft_userpermissions`
--

BEGIN;
INSERT INTO `craft_userpermissions` (`id`, `name`, `dateCreated`, `dateUpdated`, `uid`) VALUES
 ('1', 'editentries:7', '2013-10-13 05:37:24', '2013-10-13 05:37:24', '066c60fc-4890-482a-b3e9-57373a8d4807'),
 ('2', 'createentries:7', '2013-10-13 05:37:24', '2013-10-13 05:37:24', 'aa87d626-4443-4d9d-863d-5fc210a0bcea'),
 ('3', 'publishentries:7', '2013-10-13 05:37:24', '2013-10-13 05:37:24', '0fe6b488-2074-4935-bc31-4a0364fb5640'),
 ('4', 'accesscp', '2013-10-13 05:48:22', '2013-10-13 05:48:22', '694ec8fb-aa20-4bd7-a729-49d853f8382c'),
 ('5', 'editentries:8', '2013-10-13 05:48:22', '2013-10-13 05:48:22', 'f9d54ad0-03e7-43e2-878d-bcc39c0b35c1'),
 ('6', 'createentries:8', '2013-10-13 05:48:22', '2013-10-13 05:48:22', '85911184-8b0b-4582-b91c-ebc26b201536'),
 ('7', 'viewassetsource:1', '2013-10-13 05:53:00', '2013-10-13 05:53:00', 'a9565428-025b-4428-929a-c731c0c7e8c8'),
 ('8', 'editentries:9', '2013-10-13 06:25:49', '2013-10-13 06:25:49', '66102b35-0a78-40d0-9b12-52499255116a'),
 ('9', 'createentries:9', '2013-10-13 06:25:49', '2013-10-13 06:25:49', '43a692fc-dede-4cb8-a8af-45c341906b10'),
 ('10', 'publishentries:9', '2013-10-13 06:25:49', '2013-10-13 06:25:49', 'd3fea0e2-084e-4516-9625-5a5ccdb1425e'),
 ('11', 'editpeerentries:9', '2013-10-14 04:46:23', '2013-10-14 04:46:23', 'f0a55971-511d-4908-b5e6-9185adeca16b'),
 ('12', 'deletepeerentries:9', '2013-10-14 04:46:23', '2013-10-14 04:46:23', '45197f95-a311-4238-917b-2383950763e2'),
 ('13', 'editentries:10', '2013-10-14 04:46:23', '2013-10-14 04:46:23', 'eb1f90e2-9fd0-4ee8-bed2-1dee1b234908'),
 ('14', 'createentries:10', '2013-10-14 04:46:23', '2013-10-14 04:46:23', 'a3eaf6dc-225b-439f-9ed4-23e061360cf9'),
 ('15', 'publishentries:10', '2013-10-14 04:46:23', '2013-10-14 04:46:23', '55a46620-724a-49a6-8fd3-a9b8cf72277f'),
 ('16', 'editpeerentries:10', '2013-10-14 04:46:23', '2013-10-14 04:46:23', 'f34668bb-b29c-48af-8108-7082db3244d7'),
 ('17', 'deletepeerentries:10', '2013-10-14 04:46:23', '2013-10-14 04:46:23', 'a04fcc2c-26b1-4157-86df-290a0cca79dc');
COMMIT;


--
-- Schema for table `craft_userpermissions_usergroups`
--

DROP TABLE IF EXISTS `craft_userpermissions_usergroups`;

CREATE TABLE `craft_userpermissions_usergroups` (
  `id` int(11) NOT NULL AUTO_INCREMENT,
  `permissionId` int(11) NOT NULL,
  `groupId` int(11) NOT NULL,
  `dateCreated` datetime NOT NULL,
  `dateUpdated` datetime NOT NULL,
  `uid` char(36) COLLATE utf8_unicode_ci NOT NULL DEFAULT '0',
  PRIMARY KEY (`id`),
  UNIQUE KEY `craft_userpermissions_usergroups_permissionId_groupId_unq_idx` (`permissionId`,`groupId`),
  KEY `craft_userpermissions_usergroups_groupId_fk` (`groupId`)
) ENGINE=InnoDB AUTO_INCREMENT=42 DEFAULT CHARSET=utf8 COLLATE=utf8_unicode_ci;

--
-- Data for table `craft_userpermissions_usergroups`
--

BEGIN;
INSERT INTO `craft_userpermissions_usergroups` (`id`, `permissionId`, `groupId`, `dateCreated`, `dateUpdated`, `uid`) VALUES
 ('17', '4', '1', '2013-10-13 06:25:49', '2013-10-13 06:25:49', 'b050eac6-7027-4d76-92ce-5b8c7159b6b9'),
 ('18', '8', '1', '2013-10-13 06:25:49', '2013-10-13 06:25:49', '8f02c39f-0fbb-4cd7-83f8-91acd68dd03f'),
 ('19', '9', '1', '2013-10-13 06:25:49', '2013-10-13 06:25:49', '8a4ea573-a557-45c6-a953-a48b26cd5f73'),
 ('20', '10', '1', '2013-10-13 06:25:49', '2013-10-13 06:25:49', '4a5762ab-2260-4f0e-a47d-dd5767f5ebfe'),
 ('21', '1', '1', '2013-10-13 06:25:49', '2013-10-13 06:25:49', 'fd4f23be-4078-4aff-af13-4c60a85a9be7'),
 ('22', '2', '1', '2013-10-13 06:25:49', '2013-10-13 06:25:49', 'd9fc3d92-bb03-46dd-afd3-52a5faca6ff5'),
 ('23', '3', '1', '2013-10-13 06:25:49', '2013-10-13 06:25:49', 'f9b85f1d-ef4d-48c9-ad70-c6c96a0de856'),
 ('24', '7', '1', '2013-10-13 06:25:49', '2013-10-13 06:25:49', 'bd5bb97a-b9b1-48ba-bbbc-efd93323334c'),
 ('25', '4', '2', '2013-10-13 11:35:35', '2013-10-13 11:35:35', '0d52d5d0-4f63-434c-bda9-a57a758c9245'),
 ('26', '8', '2', '2013-10-13 11:35:35', '2013-10-13 11:35:35', '233d17fd-59ed-4458-9985-7a50183d008b'),
 ('27', '9', '2', '2013-10-13 11:35:35', '2013-10-13 11:35:35', '2377cdb2-b8f3-45e9-8a5f-9c1eb90ca52c'),
 ('28', '10', '2', '2013-10-13 11:35:35', '2013-10-13 11:35:35', '31c06f33-043d-43cd-acc8-74c0be641a56'),
 ('29', '7', '2', '2013-10-13 11:35:35', '2013-10-13 11:35:35', '4d708068-0421-4760-8de9-21346c934bd3'),
 ('30', '4', '3', '2013-10-14 04:46:23', '2013-10-14 04:46:23', '0c0c7526-2ffd-4c47-97ad-07172eca80b4'),
 ('31', '8', '3', '2013-10-14 04:46:23', '2013-10-14 04:46:23', '95974f1c-5fe4-41c9-ab5f-16e570cfdd7e'),
 ('32', '9', '3', '2013-10-14 04:46:23', '2013-10-14 04:46:23', '14ad6ba6-0245-4765-a964-1388ca95ae9b'),
 ('33', '10', '3', '2013-10-14 04:46:23', '2013-10-14 04:46:23', '307bf780-8069-4741-aa54-82f35dd16406'),
 ('34', '11', '3', '2013-10-14 04:46:23', '2013-10-14 04:46:23', '2acb401f-3f51-4d7b-bb76-8f5ede888e7c'),
 ('35', '12', '3', '2013-10-14 04:46:23', '2013-10-14 04:46:23', 'e5eed088-ecd2-471b-bd24-febc9241218a'),
 ('36', '13', '3', '2013-10-14 04:46:23', '2013-10-14 04:46:23', '71374823-a0b3-48f1-a954-a3a877aaebb6'),
 ('37', '14', '3', '2013-10-14 04:46:23', '2013-10-14 04:46:23', '2575eeda-acfe-45ef-822d-e361bdff3a53'),
 ('38', '15', '3', '2013-10-14 04:46:23', '2013-10-14 04:46:23', '19ae7486-5399-48d4-a1a5-1dd13de42047'),
 ('39', '16', '3', '2013-10-14 04:46:23', '2013-10-14 04:46:23', 'bb7147b3-82a0-4056-922b-c3e9d22963aa'),
 ('40', '17', '3', '2013-10-14 04:46:23', '2013-10-14 04:46:23', '9ffd45a7-9cab-4681-82f5-7013ead073e5'),
 ('41', '7', '3', '2013-10-14 04:46:23', '2013-10-14 04:46:23', '2a68e2e5-9050-48d2-a09a-a4c7d6392c5f');
COMMIT;


--
-- Schema for table `craft_userpermissions_users`
--

DROP TABLE IF EXISTS `craft_userpermissions_users`;

CREATE TABLE `craft_userpermissions_users` (
  `id` int(11) NOT NULL AUTO_INCREMENT,
  `permissionId` int(11) NOT NULL,
  `userId` int(11) NOT NULL,
  `dateCreated` datetime NOT NULL,
  `dateUpdated` datetime NOT NULL,
  `uid` char(36) COLLATE utf8_unicode_ci NOT NULL DEFAULT '0',
  PRIMARY KEY (`id`),
  UNIQUE KEY `craft_userpermissions_users_permissionId_userId_unq_idx` (`permissionId`,`userId`),
  KEY `craft_userpermissions_users_userId_fk` (`userId`)
) ENGINE=InnoDB DEFAULT CHARSET=utf8 COLLATE=utf8_unicode_ci;

--
-- Schema for table `craft_users`
--

DROP TABLE IF EXISTS `craft_users`;

CREATE TABLE `craft_users` (
  `id` int(11) NOT NULL,
  `username` varchar(100) COLLATE utf8_unicode_ci NOT NULL,
  `photo` varchar(50) COLLATE utf8_unicode_ci DEFAULT NULL,
  `firstName` varchar(100) COLLATE utf8_unicode_ci DEFAULT NULL,
  `lastName` varchar(100) COLLATE utf8_unicode_ci DEFAULT NULL,
  `email` varchar(255) COLLATE utf8_unicode_ci NOT NULL,
  `password` char(255) COLLATE utf8_unicode_ci DEFAULT NULL,
  `preferredLocale` char(12) COLLATE utf8_unicode_ci DEFAULT NULL,
  `admin` tinyint(1) unsigned NOT NULL DEFAULT '0',
  `status` enum('locked','suspended','pending','active','archived') COLLATE utf8_unicode_ci DEFAULT 'pending',
  `lastLoginDate` datetime DEFAULT NULL,
  `lastLoginAttemptIPAddress` varchar(45) COLLATE utf8_unicode_ci DEFAULT NULL,
  `invalidLoginWindowStart` datetime DEFAULT NULL,
  `invalidLoginCount` tinyint(4) unsigned DEFAULT NULL,
  `lastInvalidLoginDate` datetime DEFAULT NULL,
  `lockoutDate` datetime DEFAULT NULL,
  `verificationCode` char(100) COLLATE utf8_unicode_ci DEFAULT NULL,
  `verificationCodeIssuedDate` datetime DEFAULT NULL,
  `passwordResetRequired` tinyint(1) unsigned NOT NULL DEFAULT '0',
  `lastPasswordChangeDate` datetime DEFAULT NULL,
  `dateCreated` datetime NOT NULL,
  `dateUpdated` datetime NOT NULL,
  `uid` char(36) COLLATE utf8_unicode_ci NOT NULL DEFAULT '0',
  PRIMARY KEY (`id`),
  UNIQUE KEY `craft_users_username_unq_idx` (`username`),
  UNIQUE KEY `craft_users_email_unq_idx` (`email`),
  KEY `craft_users_verificationCode_idx` (`verificationCode`),
  KEY `craft_users_uid_idx` (`uid`),
  KEY `craft_users_preferredLocale_fk` (`preferredLocale`)
) ENGINE=InnoDB DEFAULT CHARSET=utf8 COLLATE=utf8_unicode_ci;

--
-- Data for table `craft_users`
--

BEGIN;
INSERT INTO `craft_users` (`id`, `username`, `photo`, `firstName`, `lastName`, `email`, `password`, `preferredLocale`, `admin`, `status`, `lastLoginDate`, `lastLoginAttemptIPAddress`, `invalidLoginWindowStart`, `invalidLoginCount`, `lastInvalidLoginDate`, `lockoutDate`, `verificationCode`, `verificationCodeIssuedDate`, `passwordResetRequired`, `lastPasswordChangeDate`, `dateCreated`, `dateUpdated`, `uid`) VALUES
 ('1', 'purplejunkie', NULL, 'Ro', 'Brett', 'ro.brett@gmail.com', '$2a$13$wIA1NPjBxl7Y2UG/nBVYtusPNNfuMm.wD1AasRMYIA.XFu77FGfFG', NULL, '1', 'active', '2013-10-21 00:01:51', '127.0.0.1', NULL, NULL, NULL, NULL, NULL, NULL, '0', '2013-10-11 04:49:08', '2013-10-11 04:49:08', '2013-10-21 00:01:51', 'a5e30b42-54cc-422b-95d2-8b69b6759d01'),
 ('7', 'Alice', 'st1.jpg', 'Alice', 'Dennan', 'purplejunkie.com@gmail.com', '$2a$13$0iWftzaLADa1kkjLcTkCOeSC9oJNI9QR6qToyEn.mV7LH1Fk2zDQG', NULL, '0', 'active', '2013-10-13 05:50:21', '127.0.0.1', NULL, NULL, NULL, NULL, NULL, NULL, '0', '2013-10-13 05:49:26', '2013-10-13 05:49:13', '2013-10-13 09:01:17', '9316fa24-ffbd-47ba-8213-a4118018f17f'),
 ('23', 'Jany220', NULL, 'Jennifer', 'Loraz', 'r@r.com', '$2a$13$I61QzcWGokBTVqZRBZTZBu0nHB6uNfs6g2oC7HvOX6G/7kW4G0GK.', NULL, '0', 'active', NULL, NULL, NULL, NULL, NULL, NULL, NULL, NULL, '0', '2013-10-13 10:46:05', '2013-10-13 10:45:12', '2013-10-13 10:46:05', '1e868a80-8169-40da-9c3e-9e67beabc52c'),
 ('38', 'lecturer', NULL, 'Johnny', 'Wise', 'p@p.com', '$2a$13$.Y4r9D49CXnGNduiT6ywOu7YUmqe4clz8NVxOZjVvQZz8shQIhmXO', NULL, '0', 'active', '2013-10-14 04:47:50', '127.0.0.1', NULL, NULL, NULL, NULL, NULL, NULL, '0', '2013-10-14 04:47:04', '2013-10-14 04:46:50', '2013-10-14 04:47:50', '6d0b00e5-89b1-426f-b422-3e9464d3e4c6');
COMMIT;


--
-- Schema for table `craft_widgets`
--

DROP TABLE IF EXISTS `craft_widgets`;

CREATE TABLE `craft_widgets` (
  `id` int(11) NOT NULL AUTO_INCREMENT,
  `userId` int(11) NOT NULL,
  `type` char(150) COLLATE utf8_unicode_ci NOT NULL,
  `sortOrder` tinyint(4) DEFAULT NULL,
  `settings` text COLLATE utf8_unicode_ci,
  `enabled` tinyint(1) unsigned NOT NULL DEFAULT '1',
  `dateCreated` datetime NOT NULL,
  `dateUpdated` datetime NOT NULL,
  `uid` char(36) COLLATE utf8_unicode_ci NOT NULL DEFAULT '0',
  PRIMARY KEY (`id`),
  KEY `craft_widgets_userId_fk` (`userId`)
) ENGINE=InnoDB AUTO_INCREMENT=14 DEFAULT CHARSET=utf8 COLLATE=utf8_unicode_ci;

--
-- Data for table `craft_widgets`
--

BEGIN;
INSERT INTO `craft_widgets` (`id`, `userId`, `type`, `sortOrder`, `settings`, `enabled`, `dateCreated`, `dateUpdated`, `uid`) VALUES
 ('1', '1', 'QuickPost', '1', '{\"section\":\"2\"}', '1', '2013-10-11 04:49:12', '2013-10-11 04:49:12', '91d3a358-3ee2-4902-bca3-e50167a9a6ce'),
 ('2', '1', 'RecentEntries', '2', NULL, '1', '2013-10-11 04:49:12', '2013-10-11 04:49:12', '288024c7-0750-4a8e-a29f-06089abdc11a'),
 ('3', '1', 'GetHelp', '3', NULL, '1', '2013-10-11 04:49:12', '2013-10-11 04:49:12', '33698296-f18a-4e8e-b447-763e2457a3a4'),
 ('4', '1', 'Updates', '4', NULL, '1', '2013-10-11 04:49:12', '2013-10-11 04:49:12', 'de41c52f-ef7a-4d1a-84ef-e64093aa0083'),
 ('5', '1', 'Feed', '5', '{\"url\":\"http:\\/\\/feeds.feedburner.com\\/blogandtonic\",\"title\":\"Blog & Tonic\"}', '1', '2013-10-11 04:49:12', '2013-10-11 04:49:12', '8c65e8b2-4937-48ac-a121-e779700c3bc2'),
 ('6', '7', 'QuickPost', '6', '{\"section\":\"8\"}', '1', '2013-10-13 05:50:21', '2013-10-13 05:50:21', '9da02933-75e4-4901-beee-577db70217a2'),
 ('7', '7', 'QuickPost', '7', '{\"section\":\"7\"}', '1', '2013-10-13 05:50:21', '2013-10-13 05:50:21', '09e0e0da-f0f7-4bd4-8909-9ad80a12e6d4'),
 ('8', '7', 'RecentEntries', '8', NULL, '1', '2013-10-13 05:50:21', '2013-10-13 05:50:21', '492b48e2-027c-4617-84e6-a6886ed713da'),
 ('9', '7', 'Feed', '9', '{\"url\":\"http:\\/\\/feeds.feedburner.com\\/blogandtonic\",\"title\":\"Blog & Tonic\"}', '1', '2013-10-13 05:50:21', '2013-10-13 05:50:21', 'fe858ca0-b461-4be8-bb24-c8c10c881177'),
 ('10', '38', 'QuickPost', '10', '{\"section\":\"9\"}', '1', '2013-10-14 04:47:50', '2013-10-14 04:47:50', 'be091aa5-3345-4ddd-878e-f011ac7ca72e'),
 ('11', '38', 'QuickPost', '11', '{\"section\":\"10\"}', '1', '2013-10-14 04:47:50', '2013-10-14 04:47:50', 'fb202074-bff2-499a-9a4e-afda8f84943d'),
 ('12', '38', 'RecentEntries', '12', NULL, '1', '2013-10-14 04:47:50', '2013-10-14 04:47:50', '07405291-e931-41db-a8e9-3c5dddf7172b'),
 ('13', '38', 'Feed', '13', '{\"url\":\"http:\\/\\/feeds.feedburner.com\\/blogandtonic\",\"title\":\"Blog & Tonic\"}', '1', '2013-10-14 04:47:50', '2013-10-14 04:47:50', '09ef1c4e-cf39-4f6e-bf3d-cf5b55bbd4ea');
COMMIT;

--
-- Constraints for tables
--


--
-- Constraints for table `craft_assetfiles`
--
ALTER TABLE `craft_assetfiles`
	ADD CONSTRAINT `craft_assetfiles_folderId_fk` FOREIGN KEY (`folderId`) REFERENCES `craft_assetfolders` (`id`) ON DELETE CASCADE,
	ADD CONSTRAINT `craft_assetfiles_id_fk` FOREIGN KEY (`id`) REFERENCES `craft_elements` (`id`) ON DELETE CASCADE,
	ADD CONSTRAINT `craft_assetfiles_sourceId_fk` FOREIGN KEY (`sourceId`) REFERENCES `craft_assetsources` (`id`) ON DELETE CASCADE;

--
-- Constraints for table `craft_assetfolders`
--
ALTER TABLE `craft_assetfolders`
	ADD CONSTRAINT `craft_assetfolders_parentId_fk` FOREIGN KEY (`parentId`) REFERENCES `craft_assetfolders` (`id`) ON DELETE CASCADE,
	ADD CONSTRAINT `craft_assetfolders_sourceId_fk` FOREIGN KEY (`sourceId`) REFERENCES `craft_assetsources` (`id`) ON DELETE CASCADE;

--
-- Constraints for table `craft_assetindexdata`
--
ALTER TABLE `craft_assetindexdata`
	ADD CONSTRAINT `craft_assetindexdata_sourceId_fk` FOREIGN KEY (`sourceId`) REFERENCES `craft_assetsources` (`id`) ON DELETE CASCADE;

--
-- Constraints for table `craft_content`
--
ALTER TABLE `craft_content`
	ADD CONSTRAINT `craft_content_elementId_fk` FOREIGN KEY (`elementId`) REFERENCES `craft_elements` (`id`) ON DELETE CASCADE,
	ADD CONSTRAINT `craft_content_locale_fk` FOREIGN KEY (`locale`) REFERENCES `craft_locales` (`locale`) ON DELETE CASCADE ON UPDATE CASCADE;

--
-- Constraints for table `craft_elements_i18n`
--
ALTER TABLE `craft_elements_i18n`
	ADD CONSTRAINT `craft_elements_i18n_elementId_fk` FOREIGN KEY (`elementId`) REFERENCES `craft_elements` (`id`) ON DELETE CASCADE,
	ADD CONSTRAINT `craft_elements_i18n_locale_fk` FOREIGN KEY (`locale`) REFERENCES `craft_locales` (`locale`) ON DELETE CASCADE ON UPDATE CASCADE;

--
-- Constraints for table `craft_entries`
--
ALTER TABLE `craft_entries`
	ADD CONSTRAINT `craft_entries_authorId_fk` FOREIGN KEY (`authorId`) REFERENCES `craft_users` (`id`) ON DELETE CASCADE,
	ADD CONSTRAINT `craft_entries_id_fk` FOREIGN KEY (`id`) REFERENCES `craft_elements` (`id`) ON DELETE CASCADE,
	ADD CONSTRAINT `craft_entries_sectionId_fk` FOREIGN KEY (`sectionId`) REFERENCES `craft_sections` (`id`) ON DELETE CASCADE,
	ADD CONSTRAINT `craft_entries_typeId_fk` FOREIGN KEY (`typeId`) REFERENCES `craft_entrytypes` (`id`) ON DELETE CASCADE;

--
-- Constraints for table `craft_entries_i18n`
--
ALTER TABLE `craft_entries_i18n`
	ADD CONSTRAINT `craft_entries_i18n_entryId_fk` FOREIGN KEY (`entryId`) REFERENCES `craft_entries` (`id`) ON DELETE CASCADE,
	ADD CONSTRAINT `craft_entries_i18n_locale_fk` FOREIGN KEY (`locale`) REFERENCES `craft_locales` (`locale`) ON DELETE CASCADE ON UPDATE CASCADE,
	ADD CONSTRAINT `craft_entries_i18n_sectionId_fk` FOREIGN KEY (`sectionId`) REFERENCES `craft_sections` (`id`) ON DELETE CASCADE;

--
-- Constraints for table `craft_entrydrafts`
--
ALTER TABLE `craft_entrydrafts`
	ADD CONSTRAINT `craft_entrydrafts_creatorId_fk` FOREIGN KEY (`creatorId`) REFERENCES `craft_users` (`id`) ON DELETE CASCADE,
	ADD CONSTRAINT `craft_entrydrafts_entryId_fk` FOREIGN KEY (`entryId`) REFERENCES `craft_entries` (`id`) ON DELETE CASCADE,
	ADD CONSTRAINT `craft_entrydrafts_locale_fk` FOREIGN KEY (`locale`) REFERENCES `craft_locales` (`locale`) ON DELETE CASCADE ON UPDATE CASCADE,
	ADD CONSTRAINT `craft_entrydrafts_sectionId_fk` FOREIGN KEY (`sectionId`) REFERENCES `craft_sections` (`id`) ON DELETE CASCADE;

--
-- Constraints for table `craft_entrytypes`
--
ALTER TABLE `craft_entrytypes`
	ADD CONSTRAINT `craft_entrytypes_fieldLayoutId_fk` FOREIGN KEY (`fieldLayoutId`) REFERENCES `craft_fieldlayouts` (`id`) ON DELETE SET NULL,
	ADD CONSTRAINT `craft_entrytypes_sectionId_fk` FOREIGN KEY (`sectionId`) REFERENCES `craft_sections` (`id`) ON DELETE CASCADE;

--
-- Constraints for table `craft_entryversions`
--
ALTER TABLE `craft_entryversions`
	ADD CONSTRAINT `craft_entryversions_creatorId_fk` FOREIGN KEY (`creatorId`) REFERENCES `craft_users` (`id`) ON DELETE SET NULL,
	ADD CONSTRAINT `craft_entryversions_entryId_fk` FOREIGN KEY (`entryId`) REFERENCES `craft_entries` (`id`) ON DELETE CASCADE,
	ADD CONSTRAINT `craft_entryversions_locale_fk` FOREIGN KEY (`locale`) REFERENCES `craft_locales` (`locale`) ON DELETE CASCADE ON UPDATE CASCADE,
	ADD CONSTRAINT `craft_entryversions_sectionId_fk` FOREIGN KEY (`sectionId`) REFERENCES `craft_sections` (`id`) ON DELETE CASCADE;

--
-- Constraints for table `craft_fieldlayoutfields`
--
ALTER TABLE `craft_fieldlayoutfields`
	ADD CONSTRAINT `craft_fieldlayoutfields_fieldId_fk` FOREIGN KEY (`fieldId`) REFERENCES `craft_fields` (`id`) ON DELETE CASCADE,
	ADD CONSTRAINT `craft_fieldlayoutfields_layoutId_fk` FOREIGN KEY (`layoutId`) REFERENCES `craft_fieldlayouts` (`id`) ON DELETE CASCADE,
	ADD CONSTRAINT `craft_fieldlayoutfields_tabId_fk` FOREIGN KEY (`tabId`) REFERENCES `craft_fieldlayouttabs` (`id`) ON DELETE CASCADE;

--
-- Constraints for table `craft_fieldlayouttabs`
--
ALTER TABLE `craft_fieldlayouttabs`
	ADD CONSTRAINT `craft_fieldlayouttabs_layoutId_fk` FOREIGN KEY (`layoutId`) REFERENCES `craft_fieldlayouts` (`id`) ON DELETE CASCADE;

--
-- Constraints for table `craft_fields`
--
ALTER TABLE `craft_fields`
	ADD CONSTRAINT `craft_fields_groupId_fk` FOREIGN KEY (`groupId`) REFERENCES `craft_fieldgroups` (`id`) ON DELETE CASCADE;

--
-- Constraints for table `craft_globalsets`
--
ALTER TABLE `craft_globalsets`
	ADD CONSTRAINT `craft_globalsets_fieldLayoutId_fk` FOREIGN KEY (`fieldLayoutId`) REFERENCES `craft_fieldlayouts` (`id`) ON DELETE SET NULL,
	ADD CONSTRAINT `craft_globalsets_id_fk` FOREIGN KEY (`id`) REFERENCES `craft_elements` (`id`) ON DELETE CASCADE;

--
-- Constraints for table `craft_migrations`
--
ALTER TABLE `craft_migrations`
	ADD CONSTRAINT `craft_migrations_pluginId_fk` FOREIGN KEY (`pluginId`) REFERENCES `craft_plugins` (`id`) ON DELETE CASCADE;

--
-- Constraints for table `craft_relations`
--
ALTER TABLE `craft_relations`
	ADD CONSTRAINT `craft_relations_childId_fk` FOREIGN KEY (`childId`) REFERENCES `craft_elements` (`id`) ON DELETE CASCADE,
	ADD CONSTRAINT `craft_relations_fieldId_fk` FOREIGN KEY (`fieldId`) REFERENCES `craft_fields` (`id`) ON DELETE CASCADE,
	ADD CONSTRAINT `craft_relations_parentId_fk` FOREIGN KEY (`parentId`) REFERENCES `craft_elements` (`id`) ON DELETE CASCADE;

--
-- Constraints for table `craft_sections_i18n`
--
ALTER TABLE `craft_sections_i18n`
	ADD CONSTRAINT `craft_sections_i18n_locale_fk` FOREIGN KEY (`locale`) REFERENCES `craft_locales` (`locale`) ON DELETE CASCADE ON UPDATE CASCADE,
	ADD CONSTRAINT `craft_sections_i18n_sectionId_fk` FOREIGN KEY (`sectionId`) REFERENCES `craft_sections` (`id`) ON DELETE CASCADE;

--
-- Constraints for table `craft_sessions`
--
ALTER TABLE `craft_sessions`
	ADD CONSTRAINT `craft_sessions_userId_fk` FOREIGN KEY (`userId`) REFERENCES `craft_users` (`id`) ON DELETE CASCADE;

--
-- Constraints for table `craft_shunnedmessages`
--
ALTER TABLE `craft_shunnedmessages`
	ADD CONSTRAINT `craft_shunnedmessages_userId_fk` FOREIGN KEY (`userId`) REFERENCES `craft_users` (`id`) ON DELETE CASCADE;

--
-- Constraints for table `craft_tags`
--
ALTER TABLE `craft_tags`
	ADD CONSTRAINT `craft_tags_id_fk` FOREIGN KEY (`id`) REFERENCES `craft_elements` (`id`) ON DELETE CASCADE,
	ADD CONSTRAINT `craft_tags_setId_fk` FOREIGN KEY (`setId`) REFERENCES `craft_tagsets` (`id`) ON DELETE CASCADE;

--
-- Constraints for table `craft_tagsets`
--
ALTER TABLE `craft_tagsets`
	ADD CONSTRAINT `craft_tagsets_fieldLayoutId_fk` FOREIGN KEY (`fieldLayoutId`) REFERENCES `craft_fieldlayouts` (`id`) ON DELETE SET NULL;

--
-- Constraints for table `craft_usergroups_users`
--
ALTER TABLE `craft_usergroups_users`
	ADD CONSTRAINT `craft_usergroups_users_groupId_fk` FOREIGN KEY (`groupId`) REFERENCES `craft_usergroups` (`id`) ON DELETE CASCADE,
	ADD CONSTRAINT `craft_usergroups_users_userId_fk` FOREIGN KEY (`userId`) REFERENCES `craft_users` (`id`) ON DELETE CASCADE;

--
-- Constraints for table `craft_userpermissions_usergroups`
--
ALTER TABLE `craft_userpermissions_usergroups`
	ADD CONSTRAINT `craft_userpermissions_usergroups_groupId_fk` FOREIGN KEY (`groupId`) REFERENCES `craft_usergroups` (`id`) ON DELETE CASCADE,
	ADD CONSTRAINT `craft_userpermissions_usergroups_permissionId_fk` FOREIGN KEY (`permissionId`) REFERENCES `craft_userpermissions` (`id`) ON DELETE CASCADE;

--
-- Constraints for table `craft_userpermissions_users`
--
ALTER TABLE `craft_userpermissions_users`
	ADD CONSTRAINT `craft_userpermissions_users_permissionId_fk` FOREIGN KEY (`permissionId`) REFERENCES `craft_userpermissions` (`id`) ON DELETE CASCADE,
	ADD CONSTRAINT `craft_userpermissions_users_userId_fk` FOREIGN KEY (`userId`) REFERENCES `craft_users` (`id`) ON DELETE CASCADE;

--
-- Constraints for table `craft_users`
--
ALTER TABLE `craft_users`
	ADD CONSTRAINT `craft_users_id_fk` FOREIGN KEY (`id`) REFERENCES `craft_elements` (`id`) ON DELETE CASCADE,
	ADD CONSTRAINT `craft_users_preferredLocale_fk` FOREIGN KEY (`preferredLocale`) REFERENCES `craft_locales` (`locale`) ON DELETE SET NULL ON UPDATE CASCADE;

--
-- Constraints for table `craft_widgets`
--
ALTER TABLE `craft_widgets`
	ADD CONSTRAINT `craft_widgets_userId_fk` FOREIGN KEY (`userId`) REFERENCES `craft_users` (`id`) ON DELETE CASCADE;

SET FOREIGN_KEY_CHECKS = 1;
COMMIT;

/*!40101 SET CHARACTER_SET_CLIENT=@OLD_CHARACTER_SET_CLIENT */;
/*!40101 SET CHARACTER_SET_RESULTS=@OLD_CHARACTER_SET_RESULTS */;
/*!40101 SET COLLATION_CONNECTION=@OLD_COLLATION_CONNECTION */;
